12108
-249	-245.951	0	0.250954	-0.660001	-0.708111
-247	-249.416	0	0.413433	-0.403448	-0.816274
-243	-249.416	0	0.201149	-0.389394	-0.898839
-241	-245.951	0	-0.0680455	-0.459413	-0.885612
-237	-245.951	0	-0.184471	-0.0717884	-0.980213
-235	-249.416	0	0.0816053	-0.221946	-0.971638
-231	-249.416	0	-0.0857039	-0.493385	-0.865578
-229	-245.951	0	-0.22963	-0.477017	-0.848366
-225	-245.951	0	0.163238	-0.970019	-0.180043
-223	-249.416	0	-0.0214593	-0.965686	0.258824
-219	-249.416	0	-0.327732	-0.866432	0.37668
-217	-245.951	0	-0.160381	-0.620699	0.76747
-213	-245.951	0	-0.232109	-0.477286	0.847539
-211	-249.416	0	0.0929199	-0.492969	0.865071
-207	-249.416	0	0.00565068	-0.32374	0.946129
-205	-245.951	0	-0.0997658	-0.324474	0.940619
-201	-245.951	0	-0.407059	-0.0558907	0.91169
-199	-249.416	0	-0.577796	0.237127	0.780975
-195	-249.416	0	-0.582336	0.0542209	0.811138
-193	-245.951	0	-0.815604	0.26703	0.513308
-189	-245.951	0	-0.727301	0.312274	0.611161
-187	-249.416	0	-0.682183	0.695335	0.226133
-183	-249.416	0	-0.579621	0.814858	-0.00676415
-181	-245.951	0	-0.296597	0.864607	-0.405568
-177	-245.951	0	-0.335177	0.430957	-0.837814
-175	-249.416	0	0.0978197	0.414113	-0.904954
-171	-249.416	0	0.347532	0.139506	-0.927232
-169	-245.951	0	-0.18223	0.0899015	-0.979137
-165	-245.951	0	-0.0871909	0.121203	-0.988791
-163	-249.416	0	0.374011	0.273212	-0.886268
-159	-249.416	0	0.206491	0.320252	-0.924554
-157	-245.951	0	-0.135834	0.343768	-0.929178
-153	-245.951	0	-0.157919	0.216519	-0.963422
-151	-249.416	0	-0.203483	0.368058	-0.907264
-147	-249.416	0	-0.0829997	0.20004	-0.976266
-145	-245.951	0	-0.499694	-0.00651261	-0.866177
-141	-245.951	0	-0.850403	0.011756	-0.526
-139	-249.416	0	-0.747574	0.471595	-0.467686
-135	-249.416	0	-0.959874	0.215707	-0.179197
-133	-245.951	0	-0.946528	0.14469	-0.288358
-129	-245.951	0	-0.708752	-0.136044	0.692216
-127	-249.416	0	-0.364014	-0.137303	0.921218
-123	-249.416	0	-0.164205	-0.169099	0.971824
-121	-245.951	0	-0.621151	0.0393002	0.782705
-117	-245.951	0	-0.537595	0.334381	0.774068
-115	-249.416	0	-0.242268	0.424306	0.872508
-111	-249.416	0	-0.0713212	0.682777	0.727137
-109	-245.951	0	-0.323962	0.759226	0.564468
-105	-245.951	0	-0.000245241	0.960061	0.279792
-103	-249.416	0	0.280148	0.959954	0.00225462
-99	-249.416	0	0.0375625	0.972684	0.229073
-97	-245.951	0	0.268182	0.962783	0.0335701
-93	-245.951	0	0.0702418	0.979025	-0.19125
-91	-249.416	0	0.0740284	0.866741	-0.493234
-87	-249.416	0	-0.154928	0.832701	-0.531607
-85	-245.951	0	0.0797073	0.713636	-0.695967
-81	-245.951	0	0.0106212	0.628367	-0.777844
-79	-249.416	0	0.172738	0.531787	-0.829075
-75	-249.416	0	0.243973	0.375229	-0.894248
-73	-245.951	0	-0.212803	0.49798	-0.840673
-69	-245.951	0	0.0980491	0.606848	-0.788747
-67	-249.416	0	0.368375	0.667029	-0.64759
-63	-249.416	0	0.249379	0.468542	-0.847513
-61	-245.951	0	0.442556	0.170736	-0.880337
-57	-245.951	0	-0.148656	0.268939	-0.951616
-55	-249.416	0	-0.355188	0.166995	-0.919758
-51	-249.416	0	-0.440814	0.333527	-0.833333
-49	-245.951	0	-0.476849	0.215289	-0.852213
-45	-245.951	0	-0.237557	0.189605	-0.952689
-43	-249.416	0	-0.730652	-0.0806559	-0.67797
-39	-249.416	0	-0.253873	-0.0286039	-0.966815
-37	-245.951	0	-0.706295	-0.22437	-0.67142
-33	-245.951	0	-0.759901	-0.623135	0.185073
-31	-249.416	0	-0.696526	-0.38148	0.607721
-27	-249.416	0	-0.605226	-0.540806	0.58415
-25	-245.951	0	-0.58495	-0.465152	0.66443
-21	-245.951	0	-0.244143	-0.609597	0.754178
-19	-249.416	0	-0.492182	-0.522672	0.696111
-15	-249.416	0	-0.216119	-0.408422	0.886839
-13	-245.951	0	-0.21504	-0.667281	0.713087
-9	-245.951	0	-0.270214	-0.865438	0.421902
-7	-249.416	0	-0.375667	-0.825129	0.421943
-3	-249.416	0	-0.333126	-0.877003	0.346256
-249	-239.023	0	-0.240574	0.425131	-0.872575
-247	-242.487	0	-0.03658	-0.0779143	-0.996289
-243	-242.487	0	-0.0640915	-0.133716	-0.988945
-241	-239.023	0	-0.12302	-0.21566	-0.968688
-237	-239.023	0	0.00677831	-0.0535853	-0.99854
-235	-242.487	0	-0.219884	-0.131224	-0.96666
-231	-242.487	0	-0.0940732	-0.203606	-0.974523
-229	-239.023	0	-0.0567863	-0.182034	-0.981651
-225	-239.023	0	-0.207217	-0.591325	-0.779356
-223	-242.487	0	-0.0858386	-0.942452	-0.323136
-219	-242.487	0	-0.0375438	-0.928627	0.36911
-217	-239.023	0	0.228424	-0.835112	0.500411
-213	-239.023	0	0.0506249	-0.365205	0.929549
-211	-242.487	0	0.0475459	-0.400267	0.915164
-207	-242.487	0	-0.117206	-0.350347	0.929257
-205	-239.023	0	-0.21372	-0.17756	0.960623
-201	-239.023	0	-0.483644	0.0898007	0.870646
-199	-242.487	0	-0.599216	0.26536	0.755331
-195	-242.487	0	-0.744996	0.23103	0.625785
-193	-239.023	0	-0.735493	0.430908	0.522846
-189	-239.023	0	-0.786385	0.468931	0.402122
-187	-242.487	0	-0.841328	0.394528	0.369479
-183	-242.487	0	-0.414674	0.909786	0.0183144
-181	-239.023	0	-0.50981	0.789654	-0.34138
-177	-239.023	0	-0.0940878	0.831376	-0.547688
-175	-242.487	0	0.231804	0.330718	-0.914819
-171	-242.487	0	0.40784	0.0975885	-0.907823
-169	-239.023	0	0.395133	-0.123594	-0.910272
-165	-239.023	0	0.456624	-0.120467	-0.881466
-163	-242.487	0	0.137139	-0.13082	-0.981875
-159	-242.487	0	0.188402	0.0466439	-0.980984
-157	-239.023	0	-0.167443	0.157127	-0.97328
-153	-239.023	0	-0.446772	-0.216565	-0.868041
-151	-242.487	0	-0.104292	-0.0476706	-0.993404
-147	-242.487	0	0.104843	0.17282	-0.979357
-145	-239.023	0	-0.0723714	-0.267131	-0.960939
-141	-239.023	0	-0.514688	-0.357518	-0.77928
-139	-242.487	0	-0.760728	-0.135773	-0.634712
-135	-242.487	0	-0.831394	-0.189149	-0.5225
-133	-239.023	0	-0.715857	-0.556694	-0.421473
-129	-239.023	0	-0.785338	-0.597264	-0.16285
-127	-242.487	0	-0.715315	-0.213742	0.665311
-123	-242.487	0	-0.772787	0.106592	0.62565
-121	-239.023	0	-0.750799	0.202132	0.628843
-117	-239.023	0	-0.653545	0.482405	0.583235
-115	-242.487	0	-0.636073	0.549595	0.541623
-111	-242.487	0	-0.464933	0.44046	0.768005
-109	-239.023	0	-0.408595	0.88425	0.226169
-105	-239.023	0	-0.163658	0.980258	-0.110953
-103	-242.487	0	-0.108153	0.994048	0.0130651
-99	-242.487	0	0.0154179	0.99807	-0.0601538
-97	-239.023	0	-0.329642	0.770856	-0.545085
-93	-239.023	0	0.00557113	0.804157	-0.59439
-91	-242.487	0	0.172679	0.838316	-0.517115
-87	-242.487	0	0.107145	0.655574	-0.747491
-85	-239.023	0	0.00927031	0.633258	-0.773886
-81	-239.023	0	0.0702076	0.468284	-0.880784
-79	-242.487	0	0.141435	0.524927	-0.839314
-75	-242.487	0	0.010489	0.520158	-0.854006
-73	-239.023	0	0.241238	0.615923	-0.749962
-69	-239.023	0	0.246995	0.564877	-0.787342
-67	-242.487	0	0.135251	0.355914	-0.92468
-63	-242.487	0	0.16777	0.367385	-0.914812
-61	-239.023	0	0.14472	0.2315	-0.96201
-57	-239.023	0	-0.226616	0.262285	-0.938004
-55	-242.487	0	-0.559387	-0.00159953	-0.828905
-51	-242.487	0	-0.418162	0.257479	-0.871117
-49	-239.023	0	-0.571693	0.369725	-0.732441
-45	-239.023	0	-0.32488	0.157125	-0.932612
-43	-242.487	0	-0.581874	0.340627	-0.738509
-39	-242.487	0	-0.771518	0.0716651	-0.632158
-37	-239.023	0	-0.939046	0.0439826	-0.340965
-33	-239.023	0	-0.72257	0.175894	0.668546
-31	-242.487	0	-0.49453	-0.5418	0.679627
-27	-242.487	0	-0.549673	-0.187563	0.814051
-25	-239.023	0	-0.381904	-0.165967	0.909178
-21	-239.023	0	-0.390269	0.159701	0.906745
-19	-242.487	0	-0.0695038	-0.128849	0.989226
-15	-242.487	0	-0.191764	-0.379088	0.905273
-13	-239.023	0	-0.134472	-0.364583	0.92141
-9	-239.023	0	-0.114544	-0.572881	0.811596
-7	-242.487	0	-0.332223	-0.671804	0.662048
-3	-242.487	0	-0.0574817	-0.746055	0.663399
-249	-232.095	0	-0.582334	0.263305	-0.769127
-247	-235.559	0	-0.258364	0.347118	-0.901531
-243	-235.559	0	-0.385244	0.133887	-0.91305
-241	-232.095	0	-0.187746	0.0369886	-0.981521
-237	-232.095	0	-0.305485	-0.161733	-0.938361
-235	-235.559	0	-0.0832921	-0.0708962	-0.994
-231	-235.559	0	-0.0548017	-0.029439	-0.998063
-229	-232.095	0	0.0541044	-0.331679	-0.941839
-225	-232.095	0	0.525846	-0.477252	-0.704071
-223	-235.559	0	0.478439	-0.744007	-0.466422
-219	-235.559	0	0.381379	-0.923018	-0.0508788
-217	-232.095	0	0.958376	-0.285135	-0.0145899
-213	-232.095	0	0.471903	-0.372109	0.799276
-211	-235.559	0	0.432005	-0.394594	0.810967
-207	-235.559	0	-0.00534534	-0.521165	0.853439
-205	-232.095	0	-0.261954	-0.45815	0.849399
-201	-232.095	0	-0.365664	-0.106245	0.924663
-199	-235.559	0	-0.361679	0.200712	0.910441
-195	-235.559	0	-0.749174	0.243193	0.616113
-193	-232.095	0	-0.69678	0.186708	0.692559
-189	-232.095	0	-0.893061	-0.124507	0.432366
-187	-235.559	0	-0.925101	0.0201054	0.379189
-183	-235.559	0	-0.95542	0.159023	-0.248764
-181	-232.095	0	-0.873382	0.233969	-0.427155
-177	-232.095	0	-0.442933	0.0214714	-0.896297
-175	-235.559	0	0.182096	0.515676	-0.837209
-171	-235.559	0	0.257815	0.216177	-0.9417
-169	-232.095	0	0.221146	0.159492	-0.962111
-165	-232.095	0	0.170938	0.221563	-0.960047
-163	-235.559	0	0.149526	0.216921	-0.964669
-159	-235.559	0	-0.0572675	0.210526	-0.975909
-157	-232.095	0	-0.0695057	-0.0794768	-0.994411
-153	-232.095	0	0.233134	-0.138352	-0.962553
-151	-235.559	0	0.133722	-0.347329	-0.92816
-147	-235.559	0	0.0615523	-0.516661	-0.853975
-145	-232.095	0	-0.242873	-0.472574	-0.847164
-141	-232.095	0	-0.332681	-0.605704	-0.722804
-139	-235.559	0	-0.578097	-0.329586	-0.746443
-135	-235.559	0	-0.721759	-0.494238	-0.484554
-133	-232.095	0	-0.637958	-0.423105	-0.643422
-129	-232.095	0	-0.814414	-0.367703	-0.448914
-127	-235.559	0	-0.990017	-0.130898	-0.0522603
-123	-235.559	0	-0.896957	0.349061	0.271339
-121	-232.095	0	-0.957091	-0.0238777	-0.288802
-117	-232.095	0	-0.876598	0.47311	-0.0879957
-115	-235.559	0	-0.645083	0.720071	0.255668
-111	-235.559	0	-0.3361	0.850437	0.404714
-109	-232.095	0	-0.455357	0.886834	-0.0785825
-105	-232.095	0	-0.474864	0.712873	-0.516058
-103	-235.559	0	-0.117994	0.937013	-0.328762
-99	-235.559	0	-0.30559	0.918251	-0.251852
-97	-232.095	0	-0.123822	0.721288	-0.681478
-93	-232.095	0	0.225221	0.67044	-0.706955
-91	-235.559	0	0.0670363	0.865659	-0.496125
-87	-235.559	0	0.0796381	0.838437	-0.539148
-85	-232.095	0	0.156638	0.624689	-0.765002
-81	-232.095	0	-0.0929352	0.365125	-0.926308
-79	-235.559	0	0.0696447	0.406154	-0.911147
-75	-235.559	0	0.151821	0.513825	-0.844354
-73	-232.095	0	0.073327	0.312682	-0.947023
-69	-232.095	0	-0.309589	0.122826	-0.942904
-67	-235.559	0	-0.111558	0.205837	-0.972207
-63	-235.559	0	0.0896612	0.459844	-0.883461
-61	-232.095	0	0.0388352	0.214879	-0.975868
-57	-232.095	0	-0.199107	-0.0188345	-0.979797
-55	-235.559	0	-0.273745	-0.110481	-0.955436
-51	-235.559	0	-0.481911	0.229989	-0.845498
-49	-232.095	0	-0.411356	0.462609	-0.785353
-45	-232.095	0	-0.371169	0.416898	-0.829716
-43	-235.559	0	-0.482226	0.419736	-0.768948
-39	-235.559	0	-0.352476	0.367218	-0.860762
-37	-232.095	0	-0.236854	0.671492	-0.702139
-33	-232.095	0	0.63383	0.753825	0.173227
-31	-235.559	0	-0.0336323	0.149702	0.988159
-27	-235.559	0	0.0025625	-0.297624	0.95468
-25	-232.095	0	-0.169135	-0.379952	0.909412
-21	-232.095	0	-0.0703037	-0.284941	0.955963
-19	-235.559	0	-0.50258	-0.400052	0.766402
-15	-235.559	0	-0.0761744	-0.504376	0.860117
-13	-232.095	0	0.158357	-0.207877	0.965251
-9	-232.095	0	0.310784	-0.573043	0.758311
-7	-235.559	0	0.0543659	-0.418584	0.906549
-3	-235.559	0	0.123588	-0.793407	0.596013
-249	-225.167	0	0.143484	-0.230615	-0.962408
-247	-228.631	0	-0.35319	0.101929	-0.929982
-243	-228.631	0	-0.316886	-0.0239317	-0.948162
-241	-225.167	0	-0.202685	0.0398963	-0.978431
-237	-225.167	0	-0.208988	-0.341436	-0.916376
-235	-228.631	0	-0.359411	-0.205233	-0.910331
-231	-228.631	0	-0.0345185	-0.255314	-0.966242
-229	-225.167	0	0.152171	-0.672517	-0.724269
-225	-225.167	0	0.43019	-0.534372	-0.727587
-223	-228.631	0	0.563189	-0.669213	-0.48474
-219	-228.631	0	0.785167	-0.597703	-0.16206
-217	-225.167	0	0.730513	-0.676421	0.0938394
-213	-225.167	0	0.70763	-0.531613	0.465455
-211	-228.631	0	0.329228	-0.562542	0.75839
-207	-228.631	0	-0.0447176	-0.435541	0.899058
-205	-225.167	0	-0.156218	-0.419189	0.894358
-201	-225.167	0	-0.356186	-0.301089	0.884577
-199	-228.631	0	-0.553981	-0.129516	0.822394
-195	-228.631	0	-0.562131	-0.194989	0.803734
-193	-225.167	0	-0.555556	-0.221306	0.801487
-189	-225.167	0	-0.497288	-0.52928	0.687435
-187	-228.631	0	-0.859367	-0.153067	0.487912
-183	-228.631	0	-0.915666	-0.370453	0.155948
-181	-225.167	0	-0.941898	-0.311165	0.126513
-177	-225.167	0	-0.84981	-0.307908	-0.427803
-175	-228.631	0	-0.465665	-0.253364	-0.847917
-171	-228.631	0	-0.240838	0.0760578	-0.967581
-169	-225.167	0	-0.296189	0.217786	-0.929968
-165	-225.167	0	-0.0770568	0.0642394	-0.994955
-163	-228.631	0	0.0591647	0.0124971	-0.99817
-159	-228.631	0	0.0523304	-0.118311	-0.991597
-157	-225.167	0	0.17413	0.148519	-0.973458
-153	-225.167	0	0.524627	-0.0340412	-0.850651
-151	-228.631	0	0.500646	-0.105586	-0.859189
-147	-228.631	0	0.0563692	-0.413771	-0.908634
-145	-225.167	0	0.134365	-0.284075	-0.94934
-141	-225.167	0	0.135224	-0.0498259	-0.989561
-139	-228.631	0	-0.346545	-0.338336	-0.874892
-135	-228.631	0	-0.429286	-0.371239	-0.823344
-133	-225.167	0	-0.218296	-0.499978	-0.838075
-129	-225.167	0	-0.508248	-0.277452	-0.815294
-127	-228.631	0	-0.620974	-0.280043	-0.732098
-123	-228.631	0	-0.630684	-0.28997	-0.71983
-121	-225.167	0	-0.470535	-0.180667	-0.863688
-117	-225.167	0	-0.540168	0.114725	-0.8337
-115	-228.631	0	-0.765281	0.571672	-0.295864
-111	-228.631	0	-0.420283	0.842807	-0.336211
-109	-225.167	0	-0.276997	0.436499	-0.856003
-105	-225.167	0	-0.0807527	0.450531	-0.889101
-103	-228.631	0	-0.203991	0.617986	-0.759263
-99	-228.631	0	-0.0847	0.685159	-0.723452
-97	-225.167	0	0.0172617	0.546083	-0.837553
-93	-225.167	0	0.285399	0.322347	-0.902574
-91	-228.631	0	0.244636	0.422059	-0.872937
-87	-228.631	0	-0.0516942	0.697429	-0.714787
-85	-225.167	0	-0.15742	0.322717	-0.933313
-81	-225.167	0	-0.0272567	0.326895	-0.944668
-79	-228.631	0	-0.104764	0.352977	-0.929748
-75	-228.631	0	0.248742	0.59978	-0.760521
-73	-225.167	0	0.249956	0.202169	-0.946916
-69	-225.167	0	0.0735346	0.17872	-0.981148
-67	-228.631	0	0.0774433	0.0338422	-0.996422
-63	-228.631	0	-0.246513	0.0677974	-0.966765
-61	-225.167	0	-0.238761	0.0596624	-0.969244
-57	-225.167	0	-0.255653	0.165094	-0.952568
-55	-228.631	0	-0.464555	-0.0772007	-0.882173
-51	-228.631	0	-0.394218	0.354492	-0.847896
-49	-225.167	0	-0.141245	0.237885	-0.960968
-45	-225.167	0	-0.125074	0.167925	-0.977833
-43	-228.631	0	-0.0530796	0.298856	-0.952821
-39	-228.631	0	0.246537	0.1739	-0.953403
-37	-225.167	0	0.566941	0.150907	-0.809818
-33	-225.167	0	0.947223	0.318608	0.0354474
-31	-228.631	0	0.892077	0.318493	0.320563
-27	-228.631	0	0.130743	-0.183973	0.974197
-25	-225.167	0	0.223007	-0.157459	0.962016
-21	-225.167	0	-0.145002	-0.160994	0.976245
-19	-228.631	0	-0.0268171	-0.438953	0.89811
-15	-228.631	0	0.107798	-0.0922707	0.989882
-13	-225.167	0	0.320687	-0.418328	0.849801
-9	-225.167	0	0.0527185	-0.785132	0.617081
-7	-228.631	0	0.270646	-0.559279	0.783555
-3	-228.631	0	0.450664	-0.564232	0.691769
-249	-218.239	0	0.0557045	-0.0544276	-0.996963
-247	-221.703	0	-0.312105	-0.113735	-0.943215
-243	-221.703	0	-0.279067	-0.157719	-0.947231
-241	-218.239	0	-0.0643804	-0.241341	-0.968302
-237	-218.239	0	-0.405119	-0.30561	-0.861674
-235	-221.703	0	-0.343301	-0.210959	-0.915227
-231	-221.703	0	-0.239536	-0.497717	-0.833607
-229	-218.239	0	0.299667	-0.678713	-0.670484
-225	-218.239	0	0.474991	-0.498846	-0.724939
-223	-221.703	0	0.582437	-0.47706	-0.658165
-219	-221.703	0	0.657669	-0.747268	-0.0951935
-217	-218.239	0	0.655816	-0.751915	0.0673022
-213	-218.239	0	0.61794	-0.486665	0.617501
-211	-221.703	0	0.478609	-0.475313	0.738248
-207	-221.703	0	0.188478	-0.449949	0.872938
-205	-218.239	0	0.111284	-0.485378	0.867193
-201	-218.239	0	-0.165926	-0.540799	0.824624
-199	-221.703	0	-0.170984	-0.475266	0.863068
-195	-221.703	0	-0.253693	-0.231708	0.939123
-193	-218.239	0	-0.495088	-0.669263	0.554053
-189	-218.239	0	-0.328511	-0.792872	0.513259
-187	-221.703	0	-0.356436	-0.732777	0.579648
-183	-221.703	0	-0.685918	-0.707542	0.170004
-181	-218.239	0	-0.418411	-0.907756	0.0301841
-177	-218.239	0	-0.585954	-0.573642	-0.572357
-175	-221.703	0	-0.593072	-0.244706	-0.767062
-171	-221.703	0	-0.350712	0.144783	-0.925224
-169	-218.239	0	-0.328582	0.348226	-0.877936
-165	-218.239	0	-0.382537	0.343964	-0.857528
-163	-221.703	0	-0.278817	0.361539	-0.889691
-159	-221.703	0	0.155702	0.236846	-0.95899
-157	-218.239	0	0.283967	0.211802	-0.935149
-153	-218.239	0	0.292842	0.0210771	-0.955929
-151	-221.703	0	0.555284	-0.0382347	-0.830781
-147	-221.703	0	0.582488	-0.269229	-0.766957
-145	-218.239	0	0.728498	-0.108388	-0.676419
-141	-218.239	0	0.342608	-0.217331	-0.913995
-139	-221.703	0	-0.0475665	-0.521	-0.85223
-135	-221.703	0	0.182215	-0.428887	-0.88479
-133	-218.239	0	0.0724788	-0.530859	-0.844355
-129	-218.239	0	-0.225564	-0.0351158	-0.973595
-127	-221.703	0	-0.509591	-0.376777	-0.773535
-123	-221.703	0	-0.404495	-0.141373	-0.903547
-121	-218.239	0	-0.404883	0.154847	-0.901161
-117	-218.239	0	-0.525794	0.200269	-0.8267
-115	-221.703	0	-0.148573	0.393794	-0.907112
-111	-221.703	0	-0.18775	0.408	-0.893468
-109	-218.239	0	-0.0760133	0.440816	-0.894373
-105	-218.239	0	0.140033	0.0034643	-0.990141
-103	-221.703	0	0.0338564	0.284669	-0.958028
-99	-221.703	0	0.0852921	0.0901919	-0.992265
-97	-218.239	0	0.0744598	0.156808	-0.984818
-93	-218.239	0	-0.180037	0.137065	-0.974064
-91	-221.703	0	0.138761	0.112672	-0.983896
-87	-221.703	0	0.0552656	0.262181	-0.963435
-85	-218.239	0	0.0295502	-0.132632	-0.990725
-81	-218.239	0	0.178864	0.10706	-0.978032
-79	-221.703	0	0.167531	0.513665	-0.841476
-75	-221.703	0	0.0357456	0.297975	-0.953904
-73	-218.239	0	-0.100674	0.128258	-0.986618
-69	-218.239	0	-0.323999	0.153478	-0.933525
-67	-221.703	0	-0.469266	0.239511	-0.849955
-63	-221.703	0	-0.541286	0.150995	-0.82717
-61	-218.239	0	-0.157578	0.0929175	-0.983125
-57	-218.239	0	0.000333778	0.0619997	-0.998076
-55	-221.703	0	0.191553	0.19428	-0.962062
-51	-221.703	0	0.128132	0.356655	-0.925408
-49	-218.239	0	0.0909894	0.164828	-0.982116
-45	-218.239	0	0.394611	0.238643	-0.887317
-43	-221.703	0	0.201294	0.0791787	-0.976326
-39	-221.703	0	0.422915	0.152272	-0.893284
-37	-218.239	0	0.730909	0.407507	-0.547458
-33	-218.239	0	0.988338	0.145249	0.0457215
-31	-221.703	0	0.919678	0.206799	0.333807
-27	-221.703	0	0.615366	-0.0936366	0.78266
-25	-218.239	0	0.313674	-0.272767	0.909509
-21	-218.239	0	0.2978	-0.538582	0.78819
-19	-221.703	0	-0.118393	-0.260811	0.958103
-15	-221.703	0	-0.169892	-0.209415	0.962955
-13	-218.239	0	-0.161606	-0.17377	0.971436
-9	-218.239	0	-0.122125	-0.366834	0.922236
-7	-221.703	0	-0.212265	-0.496351	0.841771
-3	-221.703	0	-0.531213	-0.403265	0.745111
-249	-211.31	0	-0.145349	-0.0971759	-0.984597
-247	-214.775	0	-0.191122	-0.0047113	-0.981555
-243	-214.775	0	0.00137394	-0.23168	-0.972791
-241	-211.31	0	-0.206919	-0.335456	-0.91905
-237	-211.31	0	-0.0702625	-0.627564	-0.775388
-235	-214.775	0	-0.182625	-0.606463	-0.773855
-231	-214.775	0	0.112318	-0.53544	-0.837072
-229	-211.31	0	0.0137371	-0.84189	-0.539474
-225	-211.31	0	0.157899	-0.95319	-0.257871
-223	-214.775	0	0.482475	-0.672148	-0.561635
-219	-214.775	0	0.668773	-0.724859	-0.165296
-217	-211.31	0	0.715131	-0.614178	0.333725
-213	-211.31	0	0.589552	-0.597059	0.544013
-211	-214.775	0	0.443185	-0.449742	0.775448
-207	-214.775	0	0.229552	-0.439679	0.868325
-205	-211.31	0	0.55932	-0.200468	0.804347
-201	-211.31	0	0.485895	-0.119069	0.865869
-199	-214.775	0	0.117918	-0.281666	0.952239
-195	-214.775	0	-0.159512	-0.539071	0.827018
-193	-211.31	0	-0.059421	-0.641471	0.764842
-189	-211.31	0	-0.0651498	-0.858746	0.508243
-187	-214.775	0	0.0550585	-0.880108	0.47157
-183	-214.775	0	-0.332472	-0.883177	0.330848
-181	-211.31	0	-0.394548	-0.91876	0.0145804
-177	-211.31	0	-0.576113	-0.638283	-0.510577
-175	-214.775	0	-0.469208	-0.429833	-0.771419
-171	-214.775	0	-0.457552	-0.200641	-0.86625
-169	-211.31	0	-0.527545	-0.474656	-0.704555
-165	-211.31	0	-0.713735	-0.036136	-0.699483
-163	-214.775	0	-0.612026	0.058112	-0.7887
-159	-214.775	0	-0.030421	0.508462	-0.860547
-157	-211.31	0	0.248704	0.709963	-0.658862
-153	-211.31	0	0.566757	0.591741	-0.573262
-151	-214.775	0	0.538778	0.345943	-0.768142
-147	-214.775	0	0.45094	-0.0109872	-0.892487
-145	-211.31	0	0.895667	0.243213	-0.372327
-141	-211.31	0	0.89311	-0.181164	-0.411746
-139	-214.775	0	0.540603	-0.174232	-0.823038
-135	-214.775	0	0.566802	-0.210837	-0.796419
-133	-211.31	0	0.47366	-0.20971	-0.855376
-129	-211.31	0	0.409894	-0.194729	-0.891105
-127	-214.775	0	0.00469893	-0.114015	-0.993468
-123	-214.775	0	-0.134759	-0.0789622	-0.987727
-121	-211.31	0	0.218703	-0.294437	-0.930309
-117	-211.31	0	0.0436991	-0.350227	-0.935645
-115	-214.775	0	-0.457408	0.122692	-0.880752
-111	-214.775	0	-0.255757	0.219467	-0.9415
-109	-211.31	0	-0.310735	0.0336511	-0.949901
-105	-211.31	0	0.106441	-0.204934	-0.972971
-103	-214.775	0	-0.0475565	-0.0120015	-0.998796
-99	-214.775	0	-0.0961671	-0.259485	-0.960947
-97	-211.31	0	0.39427	-0.475899	-0.786175
-93	-211.31	0	0.0938073	-0.310052	-0.94608
-91	-214.775	0	-0.249136	0.19019	-0.94961
-87	-214.775	0	-0.224563	-0.0240449	-0.974163
-85	-211.31	0	-0.234893	0.0800654	-0.968718
-81	-211.31	0	0.0226823	0.164301	-0.986149
-79	-214.775	0	-0.147286	0.216648	-0.965075
-75	-214.775	0	-0.075256	0.425512	-0.901818
-73	-211.31	0	0.05165	0.378673	-0.924088
-69	-211.31	0	-0.22641	0.169338	-0.959199
-67	-214.775	0	-0.187933	0.352827	-0.916621
-63	-214.775	0	0.0511441	0.238443	-0.969809
-61	-211.31	0	0.0122992	0.182408	-0.983146
-57	-211.31	0	0.431453	0.299616	-0.850928
-55	-214.775	0	0.225093	0.110066	-0.968101
-51	-214.775	0	-0.0406851	0.161386	-0.986052
-49	-211.31	0	0.114294	-0.0707665	-0.990923
-45	-211.31	0	0.293674	-0.368141	-0.882172
-43	-214.775	0	0.491684	0.081661	-0.866936
-39	-214.775	0	0.687694	0.00348973	-0.725992
-37	-211.31	0	0.843822	-0.243255	-0.478321
-33	-211.31	0	0.823129	-0.486322	0.293173
-31	-214.775	0	0.824263	-0.0718546	0.561629
-27	-214.775	0	0.562868	-0.211255	0.799094
-25	-211.31	0	0.428669	-0.252975	0.867322
-21	-211.31	0	0.43142	-0.124971	0.893453
-19	-214.775	0	0.156032	-0.422845	0.892668
-15	-214.775	0	-0.00613032	-0.305877	0.952051
-13	-211.31	0	-0.290014	-0.373912	0.880955
-9	-211.31	0	-0.0890828	-0.386031	0.918175
-7	-214.775	0	-0.334653	-0.511371	0.791522
-3	-214.775	0	-0.50761	-0.770587	0.385392
-249	-204.382	0	0.0569341	-0.563052	-0.824458
-247	-207.846	0	0.408694	-0.12172	-0.904518
-243	-207.846	0	0.208897	-0.545656	-0.811555
-241	-204.382	0	0.17354	-0.817304	-0.549452
-237	-204.382	0	-0.169672	-0.750201	-0.639069
-235	-207.846	0	-0.0384686	-0.780294	-0.624229
-231	-207.846	0	-0.124728	-0.953082	-0.27582
-229	-204.382	0	0.402919	-0.915108	0.0152811
-225	-204.382	0	0.320003	-0.77689	0.542254
-223	-207.846	0	0.449171	-0.851191	0.271513
-219	-207.846	0	0.593538	-0.750013	0.291878
-217	-204.382	0	0.637974	-0.764786	0.0899536
-213	-204.382	0	0.430224	-0.862533	0.266352
-211	-207.846	0	0.537613	-0.48321	0.690999
-207	-207.846	0	0.606841	-0.595089	0.526889
-205	-204.382	0	0.549434	-0.308406	0.776536
-201	-204.382	0	0.675048	-0.258825	0.690883
-199	-207.846	0	0.494944	-0.207696	0.843738
-195	-207.846	0	0.0945013	-0.237929	0.966674
-193	-204.382	0	0.277298	-0.549846	0.787893
-189	-204.382	0	-0.00988374	-0.836243	0.54827
-187	-207.846	0	-0.423	-0.803372	0.419124
-183	-207.846	0	-0.553266	-0.79349	0.253514
-181	-204.382	0	-0.627536	-0.775791	-0.0659269
-177	-204.382	0	-0.721274	-0.682333	0.119101
-175	-207.846	0	-0.604409	-0.702209	-0.376286
-171	-207.846	0	-0.684978	-0.634416	-0.358219
-169	-204.382	0	-0.9621	-0.272676	0.00328437
-165	-204.382	0	-0.981302	0.123937	-0.147263
-163	-207.846	0	-0.826383	0.423598	-0.37102
-159	-207.846	0	-0.410017	0.782642	-0.468356
-157	-204.382	0	-0.387439	0.921555	-0.0250551
-153	-204.382	0	0.179254	0.941427	0.285628
-151	-207.846	0	0.7476	0.563415	-0.351651
-147	-207.846	0	0.973225	0.21352	-0.0850969
-145	-204.382	0	0.840369	0.342103	0.420412
-141	-204.382	0	0.978368	-0.193522	0.0731084
-139	-207.846	0	0.939288	-0.316527	-0.132473
-135	-207.846	0	0.753825	-0.433134	-0.494108
-133	-204.382	0	0.962389	-0.217958	-0.162179
-129	-204.382	0	0.572668	-0.78204	-0.245897
-127	-207.846	0	0.327874	-0.362621	-0.872356
-123	-207.846	0	0.326589	-0.536583	-0.778086
-121	-204.382	0	0.428459	-0.495665	-0.755473
-117	-204.382	0	0.386222	-0.496093	-0.77764
-115	-207.846	0	0.123428	-0.41571	-0.901083
-111	-207.846	0	0.0068927	0.0168155	-0.999835
-109	-204.382	0	0.158258	-0.485328	-0.85989
-105	-204.382	0	0.234127	-0.452162	-0.860659
-103	-207.846	0	0.265865	-0.479566	-0.836261
-99	-207.846	0	0.36004	-0.266213	-0.894149
-97	-204.382	0	0.185634	-0.142313	-0.972259
-93	-204.382	0	0.185898	0.0183335	-0.982398
-91	-207.846	0	0.00580386	-0.133387	-0.991047
-87	-207.846	0	-0.030009	0.188343	-0.981645
-85	-204.382	0	0.148427	-0.307543	-0.939886
-81	-204.382	0	0.00160032	-0.0654377	-0.997855
-79	-207.846	0	0.191497	-0.210628	-0.958626
-75	-207.846	0	0.252538	0.0213354	-0.967352
-73	-204.382	0	0.25414	-0.335768	-0.907013
-69	-204.382	0	-0.308874	-0.0262284	-0.950741
-67	-207.846	0	-0.332182	0.303516	-0.893047
-63	-207.846	0	-0.203984	0.108443	-0.97295
-61	-204.382	0	0.208284	0.112125	-0.97162
-57	-204.382	0	0.335353	-0.0617183	-0.940069
-55	-207.846	0	0.526979	0.226178	-0.819229
-51	-207.846	0	0.269658	0.0303668	-0.962477
-49	-204.382	0	0.251961	0.102844	-0.962257
-45	-204.382	0	0.452357	-0.0650204	-0.889464
-43	-207.846	0	0.583631	-0.0246346	-0.811646
-39	-207.846	0	0.658802	-0.164843	-0.734034
-37	-204.382	0	0.909156	-0.406934	-0.0885437
-33	-204.382	0	0.716564	-0.654441	0.241337
-31	-207.846	0	0.437867	-0.632742	0.638679
-27	-207.846	0	0.226948	-0.647199	0.727755
-25	-204.382	0	0.337627	0.00332807	0.941274
-21	-204.382	0	0.352618	0.144901	0.92448
-19	-207.846	0	0.29488	-0.0127731	0.955449
-15	-207.846	0	0.0594779	-0.187911	0.980384
-13	-204.382	0	0.343391	-0.246568	0.906249
-9	-204.382	0	0.0501638	-0.23244	0.971316
-7	-207.846	0	0.165091	-0.355509	0.919977
-3	-207.846	0	-0.501804	-0.610287	0.612978
-249	-197.454	0	-0.679881	-0.72099	-0.133925
-247	-200.918	0	-0.456709	-0.741649	-0.491298
-243	-200.918	0	-0.38066	-0.869197	-0.315586
-241	-197.454	0	-0.345356	-0.93243	-0.106316
-237	-197.454	0	0.242656	-0.9488	0.20223
-235	-200.918	0	-0.0467148	-0.996916	-0.0630611
-231	-200.918	0	-0.0570921	-0.981088	-0.184953
-229	-197.454	0	0.127106	-0.990889	0.0445261
-225	-197.454	0	0.246949	-0.805257	0.539052
-223	-200.918	0	0.472761	-0.567769	0.673895
-219	-200.918	0	0.581423	-0.748108	0.319815
-217	-197.454	0	0.358541	-0.906062	0.224723
-213	-197.454	0	0.290014	-0.724614	0.625161
-211	-200.918	0	0.595572	-0.79791	0.0929198
-207	-200.918	0	0.36883	-0.840725	0.396417
-205	-197.454	0	0.298329	-0.593907	0.747177
-201	-197.454	0	0.070818	-0.317572	0.945586
-199	-200.918	0	0.578332	-0.511046	0.635896
-195	-200.918	0	0.413909	-0.482008	0.772236
-193	-197.454	0	0.459285	-0.636322	0.619799
-189	-197.454	0	0.547695	-0.778407	0.306778
-187	-200.918	0	0.192238	-0.898944	0.393629
-183	-200.918	0	-0.0389484	-0.831102	0.554755
-181	-197.454	0	-0.21295	-0.932448	0.291879
-177	-197.454	0	-0.559642	-0.6558	0.506682
-175	-200.918	0	-0.830036	-0.552206	-0.0781535
-171	-200.918	0	-0.901905	-0.412034	-0.129595
-169	-197.454	0	-0.790427	-0.411169	0.454054
-165	-197.454	0	-0.690201	-0.406742	0.598484
-163	-200.918	0	-0.897185	-0.247075	0.366078
-159	-200.918	0	-0.825973	0.416833	0.379498
-157	-197.454	0	-0.544274	0.171103	0.821273
-153	-197.454	0	-0.0859884	0.077477	0.993279
-151	-200.918	0	0.0769636	0.772791	0.629977
-147	-200.918	0	0.606677	0.438641	0.662976
-145	-197.454	0	0.107953	0.178306	0.978035
-141	-197.454	0	0.428465	-0.104098	0.897542
-139	-200.918	0	0.826208	-0.333692	0.453906
-135	-200.918	0	0.895967	-0.443043	-0.0308998
-133	-197.454	0	0.736097	-0.56201	0.377235
-129	-197.454	0	0.634037	-0.684709	0.359402
-127	-200.918	0	0.729234	-0.672309	0.127354
-123	-200.918	0	0.489337	-0.84035	-0.233154
-121	-197.454	0	0.641775	-0.747229	-0.172548
-117	-197.454	0	0.543939	-0.838666	0.0277464
-115	-200.918	0	0.583855	-0.699926	-0.41136
-111	-200.918	0	0.118225	-0.815052	-0.567198
-109	-197.454	0	0.498108	-0.695005	-0.518513
-105	-197.454	0	0.372482	-0.709086	-0.598711
-103	-200.918	0	0.329937	-0.759879	-0.560112
-99	-200.918	0	0.514806	-0.523885	-0.678616
-97	-197.454	0	0.0555632	-0.802961	-0.593435
-93	-197.454	0	0.203394	-0.337391	-0.919129
-91	-200.918	0	0.556028	-0.11853	-0.822669
-87	-200.918	0	0.103525	-0.401999	-0.909769
-85	-197.454	0	0.0516744	-0.529868	-0.846505
-81	-197.454	0	-0.250685	-0.497013	-0.830744
-79	-200.918	0	0.23321	-0.307384	-0.922566
-75	-200.918	0	0.00211929	-0.283797	-0.958882
-73	-197.454	0	-0.34086	-0.373943	-0.862544
-69	-197.454	0	-0.263232	-0.268968	-0.92648
-67	-200.918	0	-0.42586	-0.254151	-0.868361
-63	-200.918	0	-0.142467	-0.0342693	-0.989206
-61	-197.454	0	-0.0606334	-0.163621	-0.984658
-57	-197.454	0	0.243266	-0.0950355	-0.965293
-55	-200.918	0	0.244845	-0.383739	-0.89039
-51	-200.918	0	0.34522	-0.101169	-0.933053
-49	-197.454	0	0.510122	-0.294496	-0.808113
-45	-197.454	0	0.513636	-0.0814922	-0.854129
-43	-200.918	0	0.595219	0.0744079	-0.800111
-39	-200.918	0	0.891844	-0.293778	-0.34396
-37	-197.454	0	0.932688	-0.353487	0.0716912
-33	-197.454	0	0.515705	-0.442375	0.733725
-31	-200.918	0	0.673229	-0.395319	0.624889
-27	-200.918	0	0.597375	-0.100088	0.795692
-25	-197.454	0	-0.00464579	0.227607	0.973742
-21	-197.454	0	-0.1281	-0.0687035	0.989379
-19	-200.918	0	-0.0240503	-0.116509	0.992898
-15	-200.918	0	0.277368	0.0130869	0.960675
-13	-197.454	0	0.022897	-0.0215246	0.999506
-9	-197.454	0	0.111786	0.144864	0.983117
-7	-200.918	0	0.0396505	0.0398886	0.998417
-3	-200.918	0	-0.220248	-0.294986	0.929771
-249	-190.526	0	-0.209225	-0.957597	-0.198073
-247	-193.99	0	-0.501758	-0.810181	-0.303059
-243	-193.99	0	-0.372982	-0.927706	-0.0156946
-241	-190.526	0	-0.0269967	-0.966991	0.253378
-237	-190.526	0	0.0499447	-0.954789	0.29306
-235	-193.99	0	0.142892	-0.968616	0.203384
-231	-193.99	0	0.296037	-0.786306	0.542296
-229	-190.526	0	0.479742	-0.59151	0.648046
-225	-190.526	0	0.317294	-0.683295	0.657596
-223	-193.99	0	0.136133	-0.748517	0.648992
-219	-193.99	0	0.427312	-0.734445	0.527253
-217	-190.526	0	0.548998	-0.622585	0.557664
-213	-190.526	0	0.0239498	-0.364198	0.931013
-211	-193.99	0	0.239926	-0.747895	0.618941
-207	-193.99	0	0.171519	-0.457413	0.872557
-205	-190.526	0	0.0046655	-0.430812	0.90243
-201	-190.526	0	-0.00622991	-0.428379	0.903578
-199	-193.99	0	0.259037	-0.245434	0.934164
-195	-193.99	0	0.488112	-0.34696	0.800853
-193	-190.526	0	0.351444	-0.421819	0.835797
-189	-190.526	0	0.390107	-0.708266	0.588367
-187	-193.99	0	0.227341	-0.862537	0.452047
-183	-193.99	0	0.212901	-0.945373	0.246868
-181	-190.526	0	0.0823629	-0.853261	0.514939
-177	-190.526	0	-0.281171	-0.871846	0.401032
-175	-193.99	0	-0.570106	-0.737527	0.361985
-171	-193.99	0	-0.645848	-0.60309	0.468148
-169	-190.526	0	-0.388667	-0.801541	0.454389
-165	-190.526	0	-0.552664	-0.403796	0.729048
-163	-193.99	0	-0.622761	-0.688188	0.372244
-159	-193.99	0	-0.0801243	-0.136405	0.987408
-157	-190.526	0	-0.18536	-0.279203	0.942172
-153	-190.526	0	-0.0880544	-0.133502	0.987129
-151	-193.99	0	-0.0914056	0.0156878	0.99569
-147	-193.99	0	-0.0903985	-0.20112	0.975386
-145	-190.526	0	0.104308	-0.0879981	0.990644
-141	-190.526	0	0.273886	-0.197193	0.94133
-139	-193.99	0	0.0211201	-0.259496	0.965513
-135	-193.99	0	0.609192	-0.45248	0.651266
-133	-190.526	0	0.223961	-0.410414	0.883969
-129	-190.526	0	0.81622	-0.342701	0.465126
-127	-193.99	0	0.633261	-0.625237	0.456135
-123	-193.99	0	0.691431	-0.654716	0.305402
-121	-190.526	0	0.510072	-0.828788	0.230079
-117	-190.526	0	0.598533	-0.80103	-0.0104535
-115	-193.99	0	0.450454	-0.877653	-0.163757
-111	-193.99	0	0.355373	-0.925168	-0.133319
-109	-190.526	0	0.20156	-0.923238	-0.327117
-105	-190.526	0	0.240442	-0.646363	-0.724157
-103	-193.99	0	0.379857	-0.613668	-0.692185
-99	-193.99	0	0.203855	-0.81333	-0.544919
-97	-190.526	0	0.416872	-0.525167	-0.741901
-93	-190.526	0	0.301374	-0.493154	-0.816071
-91	-193.99	0	0.554702	-0.248361	-0.794118
-87	-193.99	0	0.179293	-0.548574	-0.816652
-85	-190.526	0	0.229726	-0.545089	-0.806291
-81	-190.526	0	-0.115574	-0.38984	-0.913602
-79	-193.99	0	0.0646374	-0.61007	-0.789706
-75	-193.99	0	-0.15739	-0.466728	-0.870284
-73	-190.526	0	-0.201211	-0.499897	-0.842388
-69	-190.526	0	-0.215989	-0.659222	-0.72026
-67	-193.99	0	-0.0176668	-0.502272	-0.864529
-63	-193.99	0	-0.0296943	-0.221192	-0.974778
-61	-190.526	0	-0.025269	-0.022993	-0.999416
-57	-190.526	0	0.229952	-0.481041	-0.846004
-55	-193.99	0	0.128664	-0.415837	-0.900292
-51	-193.99	0	0.31153	-0.417006	-0.853847
-49	-190.526	0	-0.176362	-0.256249	-0.950386
-45	-190.526	0	0.538265	-0.326776	-0.776845
-43	-193.99	0	0.494663	-0.368789	-0.786958
-39	-193.99	0	0.750855	-0.619486	-0.229027
-37	-190.526	0	0.377319	-0.920386	0.102569
-33	-190.526	0	0.468321	-0.714465	0.519822
-31	-193.99	0	-0.147364	-0.454918	0.878256
-27	-193.99	0	-0.103375	-0.0576899	0.992968
-25	-190.526	0	-0.198452	-0.30202	0.932417
-21	-190.526	0	-0.169059	-0.402372	0.899731
-19	-193.99	0	-0.449978	-0.300389	0.841003
-15	-193.99	0	-0.190319	-0.0765976	0.97873
-13	-190.526	0	-0.304942	-0.0191566	0.952178
-9	-190.526	0	-0.0361078	-0.212958	0.976394
-7	-193.99	0	0.297234	-0.164662	0.940499
-3	-193.99	0	-0.290828	-0.123634	0.948754
-249	-183.598	0	-0.0861658	-0.970719	-0.224231
-247	-187.062	0	-0.0625747	-0.985381	-0.158457
-243	-187.062	0	0.116366	-0.991041	0.0655442
-241	-183.598	0	0.0861962	-0.961701	0.260193
-237	-183.598	0	0.137362	-0.956136	0.25872
-235	-187.062	0	0.212365	-0.900992	0.378304
-231	-187.062	0	0.334225	-0.672028	0.660812
-229	-183.598	0	0.413077	-0.562389	0.716301
-225	-183.598	0	0.188078	-0.597875	0.779212
-223	-187.062	0	0.495698	-0.718944	0.487241
-219	-187.062	0	0.382402	-0.334047	0.861499
-217	-183.598	0	0.464023	-0.330253	0.821958
-213	-183.598	0	0.160772	-0.429887	0.888453
-211	-187.062	0	-0.0971668	-0.384472	0.918009
-207	-187.062	0	0.129485	-0.38534	0.913645
-205	-183.598	0	-0.0439716	-0.26763	0.962518
-201	-183.598	0	0.113706	-0.139245	0.983708
-199	-187.062	0	-0.00359918	-0.228645	0.973503
-195	-187.062	0	0.215385	-0.301332	0.928875
-193	-183.598	0	0.212618	-0.163336	0.963387
-189	-183.598	0	0.277712	-0.573806	0.770469
-187	-187.062	0	0.345229	-0.812704	0.469393
-183	-187.062	0	0.219486	-0.89696	0.383781
-181	-183.598	0	0.0857338	-0.965763	0.244852
-177	-183.598	0	0.0158447	-0.949667	0.312861
-175	-187.062	0	-0.34613	-0.926338	0.148631
-171	-187.062	0	-0.605022	-0.666809	0.435102
-169	-183.598	0	-0.474641	-0.489997	0.731177
-165	-183.598	0	-0.430914	0.00309135	0.902388
-163	-187.062	0	-0.55958	-0.357004	0.747943
-159	-187.062	0	-0.434372	0.00975248	0.900681
-157	-183.598	0	-0.418217	0.1678	0.892714
-153	-183.598	0	-0.681867	0.128637	0.720076
-151	-187.062	0	-0.392762	-0.0829422	0.915892
-147	-187.062	0	-0.445096	-0.0419845	0.894498
-145	-183.598	0	-0.155865	0.0287826	0.987359
-141	-183.598	0	-0.0753165	0.0496939	0.995921
-139	-187.062	0	0.0304079	-0.19386	0.980558
-135	-187.062	0	0.135014	-0.0811925	0.987511
-133	-183.598	0	-0.246464	-0.0382828	0.968396
-129	-183.598	0	0.389307	-0.457279	0.799585
-127	-187.062	0	0.398441	-0.571121	0.717681
-123	-187.062	0	0.471754	-0.691925	0.546523
-121	-183.598	0	0.146509	-0.695657	0.703275
-117	-183.598	0	0.469346	-0.513623	0.718265
-115	-187.062	0	0.550053	-0.755825	0.355204
-111	-187.062	0	0.0704976	-0.983179	0.168493
-109	-183.598	0	-0.157811	-0.987457	-0.00500589
-105	-183.598	0	0.32257	-0.918097	-0.230317
-103	-187.062	0	0.148104	-0.825595	-0.54448
-99	-187.062	0	0.165147	-0.779388	-0.604385
-97	-183.598	0	-0.211837	-0.744827	-0.632738
-93	-183.598	0	-0.195791	-0.492753	-0.847856
-91	-187.062	0	-0.0122485	-0.484752	-0.874566
-87	-187.062	0	-0.119683	-0.481589	-0.868187
-85	-183.598	0	-0.0964835	-0.52066	-0.848295
-81	-183.598	0	0.017022	-0.209938	-0.977567
-79	-187.062	0	0.102159	-0.249124	-0.963068
-75	-187.062	0	-0.50174	-0.523101	-0.688928
-73	-183.598	0	-0.150342	-0.541241	-0.827318
-69	-183.598	0	-0.295093	-0.364852	-0.883065
-67	-187.062	0	-0.415357	-0.608191	-0.676448
-63	-187.062	0	-0.233889	-0.310712	-0.921279
-61	-183.598	0	-0.176199	-0.45639	-0.872159
-57	-183.598	0	-0.176329	-0.366465	-0.913571
-55	-187.062	0	0.0198234	-0.566263	-0.823986
-51	-187.062	0	-0.236105	-0.552062	-0.799676
-49	-183.598	0	-0.156126	-0.538566	-0.827993
-45	-183.598	0	0.158923	-0.703469	-0.69273
-43	-187.062	0	0.359164	-0.702005	-0.614971
-39	-187.062	0	0.453767	-0.829469	-0.325694
-37	-183.598	0	0.135967	-0.97368	0.182923
-33	-183.598	0	-0.251633	-0.706261	0.661722
-31	-187.062	0	0.0758779	-0.737397	0.671184
-27	-187.062	0	-0.0948706	-0.43968	0.89313
-25	-183.598	0	-0.255353	-0.390171	0.884625
-21	-183.598	0	-0.380251	-0.370015	0.847642
-19	-187.062	0	-0.254732	-0.348816	0.901908
-15	-187.062	0	-0.326895	0.00263134	0.945057
-13	-183.598	0	-0.394505	-0.312775	0.864024
-9	-183.598	0	-0.326121	-0.155736	0.932412
-7	-187.062	0	-0.323071	-0.159729	0.932798
-3	-187.062	0	-0.185957	-0.116776	0.975594
-249	-176.669	0	0.306749	-0.906986	0.288585
-247	-180.134	0	0.119179	-0.992169	-0.0373743
-243	-180.134	0	-0.0338911	-0.947144	0.319013
-241	-176.669	0	0.231911	-0.91851	0.320245
-237	-176.669	0	0.465362	-0.738402	0.488058
-235	-180.134	0	0.216674	-0.959119	0.182055
-231	-180.134	0	0.549643	-0.605326	0.575737
-229	-176.669	0	0.762224	-0.108958	0.638078
-225	-176.669	0	0.562302	-0.542839	0.623813
-223	-180.134	0	0.511202	-0.410473	0.755106
-219	-180.134	0	0.308054	-0.349931	0.884676
-217	-176.669	0	0.578715	-0.547329	0.604583
-213	-176.669	0	0.151747	-0.516175	0.842933
-211	-180.134	0	0.0595611	-0.758931	0.648442
-207	-180.134	0	-0.00735518	-0.294532	0.955613
-205	-176.669	0	-0.12388	-0.14357	0.981856
-201	-176.669	0	-0.269515	0.0207007	0.962774
-199	-180.134	0	-0.00501629	-0.207367	0.97825
-195	-180.134	0	-0.157316	-0.0725986	0.984876
-193	-176.669	0	-0.00614756	-0.208831	0.977932
-189	-176.669	0	0.224472	-0.499653	0.836636
-187	-180.134	0	0.0392608	-0.496366	0.867225
-183	-180.134	0	0.204475	-0.822312	0.53103
-181	-176.669	0	-0.428269	-0.721566	0.543992
-177	-176.669	0	-0.379343	-0.676347	0.63139
-175	-180.134	0	-0.532024	-0.728716	0.43119
-171	-180.134	0	-0.697167	-0.617407	0.364373
-169	-176.669	0	-0.707989	-0.267365	0.653657
-165	-176.669	0	-0.734579	-0.297633	0.609761
-163	-180.134	0	-0.606176	-0.0531352	0.793554
-159	-180.134	0	-0.824828	0.125808	0.551209
-157	-176.669	0	-0.952752	-0.146518	0.266074
-153	-176.669	0	-0.909553	0.0741363	0.408922
-151	-180.134	0	-0.746095	0.00133001	0.665838
-147	-180.134	0	-0.412593	-0.0632538	0.908717
-145	-176.669	0	-0.604827	0.0734455	0.792963
-141	-176.669	0	-0.224633	-0.0438917	0.973454
-139	-180.134	0	-0.210719	-0.0273022	0.977165
-135	-180.134	0	-0.226172	0.129257	0.965473
-133	-176.669	0	-0.166248	0.0578428	0.984386
-129	-176.669	0	0.00537187	-0.0488753	0.99879
-127	-180.134	0	0.198907	0.087827	0.976075
-123	-180.134	0	0.171696	-0.303056	0.937378
-121	-176.669	0	0.172146	-0.37879	0.909332
-117	-176.669	0	0.119573	-0.743216	0.65828
-115	-180.134	0	0.235907	-0.707687	0.665978
-111	-180.134	0	0.0834041	-0.970296	0.227089
-109	-176.669	0	0.143228	-0.929738	0.339223
-105	-176.669	0	-0.0625595	-0.969399	-0.237387
-103	-180.134	0	0.0903201	-0.919156	-0.383398
-99	-180.134	0	0.0194129	-0.804951	-0.593023
-97	-176.669	0	-0.155722	-0.676095	-0.720171
-93	-176.669	0	-0.0851321	-0.485285	-0.870202
-91	-180.134	0	-0.202988	-0.33107	-0.921514
-87	-180.134	0	-0.0330579	-0.434229	-0.900196
-85	-176.669	0	0.259712	-0.712343	-0.65201
-81	-176.669	0	0.153785	-0.450978	-0.879187
-79	-180.134	0	0.191172	-0.21783	-0.957081
-75	-180.134	0	-0.208863	-0.556301	-0.804304
-73	-176.669	0	-0.0350748	-0.36243	-0.931351
-69	-176.669	0	-0.232728	-0.472723	-0.849924
-67	-180.134	0	-0.494704	-0.570865	-0.655271
-63	-180.134	0	-0.22775	-0.445275	-0.865944
-61	-176.669	0	-0.120915	-0.531759	-0.838219
-57	-176.669	0	0.162973	-0.488925	-0.856967
-55	-180.134	0	0.0423816	-0.384274	-0.922246
-51	-180.134	0	0.1172	-0.486587	-0.865735
-49	-176.669	0	0.225535	-0.201984	-0.953067
-45	-176.669	0	0.089728	-0.59946	-0.795359
-43	-180.134	0	0.012737	-0.712936	-0.701114
-39	-180.134	0	-0.232678	-0.923843	-0.303933
-37	-176.669	0	-0.0497905	-0.997779	0.044243
-33	-176.669	0	0.0190496	-0.958907	0.28308
-31	-180.134	0	-0.281234	-0.782187	0.555959
-27	-180.134	0	-0.279148	-0.567232	0.774806
-25	-176.669	0	-0.677081	-0.706602	0.205609
-21	-176.669	0	-0.700789	-0.509482	0.499322
-19	-180.134	0	-0.594378	-0.358453	0.719879
-15	-180.134	0	-0.429681	-0.081357	0.899308
-13	-176.669	0	-0.465723	-0.0598073	0.882907
-9	-176.669	0	-0.429846	0.0560502	0.901161
-7	-180.134	0	-0.414401	-0.0127876	0.910004
-3	-180.134	0	-0.263016	-0.210442	0.941561
-249	-169.741	0	0.317357	-0.764349	0.561298
-247	-173.205	0	0.0638204	-0.903279	0.42428
-243	-173.205	0	0.262293	-0.911965	0.315471
-241	-169.741	0	0.514739	-0.819122	0.253146
-237	-169.741	0	0.386069	-0.854649	0.347168
-235	-173.205	0	0.454417	-0.796126	0.399612
-231	-173.205	0	0.752758	-0.339925	0.563743
-229	-169.741	0	0.695923	-0.333145	0.636165
-225	-169.741	0	0.586231	-0.451929	0.672379
-223	-173.205	0	0.273146	-0.63264	0.724678
-219	-173.205	0	0.628748	-0.522534	0.575876
-217	-169.741	0	0.805597	-0.210373	0.553857
-213	-169.741	0	0.447144	-0.193295	0.873327
-211	-173.205	0	0.17453	-0.240421	0.954849
-207	-173.205	0	0.128348	0.372107	0.919273
-205	-169.741	0	0.0885269	0.27532	0.957268
-201	-169.741	0	0.241694	0.396171	0.885795
-199	-173.205	0	0.185901	-0.143243	0.972071
-195	-173.205	0	0.344527	-0.299003	0.889887
-193	-169.741	0	-0.195107	-0.0719155	0.978142
-189	-169.741	0	-0.575386	0.0463167	0.816569
-187	-173.205	0	-0.32082	-0.44752	0.834746
-183	-173.205	0	-0.729675	-0.485511	0.481512
-181	-169.741	0	-0.808636	0.0654813	0.584654
-177	-169.741	0	-0.838525	-0.101438	0.535337
-175	-173.205	0	-0.832893	-0.468561	0.294514
-171	-173.205	0	-0.802047	-0.361866	0.475156
-169	-169.741	0	-0.915398	-0.151544	0.372935
-165	-169.741	0	-0.74784	-0.18364	0.637975
-163	-173.205	0	-0.850302	-0.118583	0.512762
-159	-173.205	0	-0.904994	0.00647322	0.425374
-157	-169.741	0	-0.830459	-0.0202701	0.556711
-153	-169.741	0	-0.782199	-0.181032	0.596148
-151	-173.205	0	-0.849403	-0.123055	0.513198
-147	-173.205	0	-0.628793	-0.311355	0.712515
-145	-169.741	0	-0.496574	0.127796	0.858535
-141	-169.741	0	-0.253052	-0.398208	0.8817
-139	-173.205	0	-0.118921	-0.00625051	0.992884
-135	-173.205	0	-0.202358	-0.169927	0.964456
-133	-169.741	0	0.178819	-0.468657	0.865092
-129	-169.741	0	0.400498	-0.607066	0.686348
-127	-173.205	0	0.349732	-0.320777	0.880221
-123	-173.205	0	0.237122	0.00471888	0.971468
-121	-169.741	0	0.268042	-0.104574	0.957715
-117	-169.741	0	0.382561	-0.344978	0.85711
-115	-173.205	0	0.206317	-0.715014	0.667973
-111	-173.205	0	0.121354	-0.841209	0.526915
-109	-169.741	0	0.353788	-0.664574	0.658161
-105	-169.741	0	0.0928433	-0.975517	0.199366
-103	-173.205	0	0.188347	-0.97334	0.130901
-99	-173.205	0	-0.000272355	-0.944818	-0.327595
-97	-169.741	0	0.390457	-0.882979	-0.260559
-93	-169.741	0	0.29842	-0.723385	-0.622623
-91	-173.205	0	-0.152044	-0.658164	-0.737362
-87	-173.205	0	0.332158	-0.682711	-0.650828
-85	-169.741	0	0.122164	-0.31224	-0.942116
-81	-169.741	0	0.0529631	-0.500012	-0.864397
-79	-173.205	0	-0.0997275	-0.477071	-0.873188
-75	-173.205	0	-0.392137	-0.639691	-0.661078
-73	-169.741	0	-0.373642	-0.551797	-0.745595
-69	-169.741	0	-0.154484	-0.357854	-0.92091
-67	-173.205	0	-0.370243	-0.182182	-0.910895
-63	-173.205	0	-0.311243	-0.085993	-0.946432
-61	-169.741	0	-0.338685	-0.0545558	-0.939317
-57	-169.741	0	-0.0680048	0.029693	-0.997243
-55	-173.205	0	0.0268768	-0.146389	-0.988862
-51	-173.205	0	0.201	-0.159158	-0.966575
-49	-169.741	0	0.202587	0.00991408	-0.979214
-45	-169.741	0	-0.0164942	-0.603568	-0.797141
-43	-173.205	0	0.0886206	-0.885093	-0.456899
-39	-173.205	0	-0.104249	-0.965106	-0.240212
-37	-169.741	0	-0.58683	-0.705544	-0.397288
-33	-169.741	0	-0.576384	-0.674613	-0.461171
-31	-173.205	0	-0.689363	-0.704577	-0.168374
-27	-173.205	0	-0.815063	-0.435113	-0.382556
-25	-169.741	0	-0.91841	0.0155481	-0.395325
-21	-169.741	0	-0.999289	0.035425	-0.0129067
-19	-173.205	0	-0.915694	-0.221	0.335654
-15	-173.205	0	-0.790617	0.0552227	0.609815
-13	-169.741	0	-0.586978	0.252087	0.769357
-9	-169.741	0	-0.612704	0.127303	0.779992
-7	-173.205	0	-0.49179	0.201031	0.847189
-3	-173.205	0	-0.268632	0.172313	0.947705
-249	-162.813	0	0.521667	-0.323993	0.789235
-247	-166.277	0	0.483147	-0.757747	0.438622
-243	-166.277	0	0.661866	-0.683736	0.307308
-241	-162.813	0	0.768731	-0.603004	0.213165
-237	-162.813	0	0.878462	-0.399027	0.262834
-235	-166.277	0	0.782058	-0.473885	0.404745
-231	-166.277	0	0.79351	0.0146046	0.608382
-229	-162.813	0	0.731594	-0.290317	0.616836
-225	-162.813	0	0.832669	0.257033	0.490507
-223	-166.277	0	0.592666	0.0703557	0.80237
-219	-166.277	0	0.821979	0.0691606	0.565303
-217	-162.813	0	0.61082	0.573114	0.546296
-213	-162.813	0	0.304845	0.661058	0.685617
-211	-166.277	0	0.459563	0.529367	0.713142
-207	-166.277	0	0.0366555	0.5112	0.85868
-205	-162.813	0	-0.153057	0.641995	0.751276
-201	-162.813	0	-0.269508	0.55609	0.786212
-199	-166.277	0	-0.103726	0.648525	0.754093
-195	-166.277	0	-0.443784	0.366493	0.817764
-193	-162.813	0	-0.396018	0.534314	0.746779
-189	-162.813	0	-0.479033	0.637578	0.603342
-187	-166.277	0	-0.585963	0.431754	0.685737
-183	-166.277	0	-0.890219	0.386877	0.240493
-181	-162.813	0	-0.800333	0.588625	0.113968
-177	-162.813	0	-0.958101	0.286394	0.0045292
-175	-166.277	0	-0.877579	0.223964	0.423904
-171	-166.277	0	-0.987117	0.0822795	0.137224
-169	-162.813	0	-0.984797	0.167275	-0.0468417
-165	-162.813	0	-0.945824	0.181204	0.269409
-163	-166.277	0	-0.952185	0.0732977	0.296601
-159	-166.277	0	-0.794424	0.139685	0.591083
-157	-162.813	0	-0.692476	-0.211579	0.689719
-153	-162.813	0	-0.492557	0.0107456	0.870214
-151	-166.277	0	-0.621509	0.0426872	0.782243
-147	-166.277	0	-0.435511	-0.179206	0.882165
-145	-162.813	0	-0.423661	-0.361187	0.830696
-141	-162.813	0	-0.087542	-0.250866	0.964055
-139	-166.277	0	-0.0158975	-0.378013	0.925664
-135	-166.277	0	-0.0306534	-0.231953	0.972244
-133	-162.813	0	-0.149158	-0.471571	0.869122
-129	-162.813	0	0.294853	-0.106013	0.949643
-127	-166.277	0	0.0129253	-0.502566	0.864442
-123	-166.277	0	0.507801	-0.342342	0.790531
-121	-162.813	0	0.446023	-0.420608	0.790033
-117	-162.813	0	0.497387	-0.375878	0.78187
-115	-166.277	0	0.333634	-0.497057	0.801014
-111	-166.277	0	0.473028	-0.608051	0.637588
-109	-162.813	0	0.47177	-0.72621	0.500051
-105	-162.813	0	0.619587	-0.606971	0.497693
-103	-166.277	0	0.551778	-0.818178	0.161635
-99	-166.277	0	0.263355	-0.87372	-0.408972
-97	-162.813	0	0.383114	-0.881535	-0.275897
-93	-162.813	0	-0.000871276	-0.939762	-0.341828
-91	-166.277	0	0.285163	-0.776428	-0.561998
-87	-166.277	0	0.0551178	-0.7759	-0.628443
-85	-162.813	0	0.138211	-0.631708	-0.762786
-81	-162.813	0	0.122157	-0.509462	-0.851778
-79	-166.277	0	0.0834191	-0.174371	-0.98114
-75	-166.277	0	-0.019789	-0.477232	-0.878554
-73	-162.813	0	-0.294267	-0.219667	-0.930136
-69	-162.813	0	0.00470672	-0.652632	-0.75766
-67	-166.277	0	-0.168793	-0.456161	-0.873743
-63	-166.277	0	-0.238779	0.0176949	-0.970913
-61	-162.813	0	-0.0753019	-0.348524	-0.93427
-57	-162.813	0	0.108304	-0.261543	-0.959096
-55	-166.277	0	-0.116046	-0.0940479	-0.988781
-51	-166.277	0	0.185831	-0.135196	-0.973236
-49	-162.813	0	0.0654967	-0.391492	-0.917848
-45	-162.813	0	-0.0271711	-0.50234	-0.864243
-43	-166.277	0	-0.211181	-0.423413	-0.880979
-39	-166.277	0	-0.238439	-0.664392	-0.708329
-37	-162.813	0	-0.1005	-0.597111	-0.795838
-33	-162.813	0	-0.521906	-0.690477	-0.500855
-31	-166.277	0	-0.254755	-0.773199	-0.580744
-27	-166.277	0	-0.724287	-0.433632	-0.53607
-25	-162.813	0	-0.638553	-0.149987	-0.75482
-21	-162.813	0	-0.934208	0.073568	-0.349059
-19	-166.277	0	-0.98956	-0.0292557	-0.141119
-15	-166.277	0	-0.800957	0.243859	0.546809
-13	-162.813	0	-0.778794	0.388491	0.492498
-9	-162.813	0	-0.846117	0.103562	0.522839
-7	-166.277	0	-0.682659	0.218039	0.697449
-3	-166.277	0	-0.667951	0.324707	0.669631
-249	-155.885	0	0.449736	-0.580059	0.679168
-247	-159.349	0	0.598026	-0.532724	0.598808
-243	-159.349	0	0.835533	-0.490526	0.247523
-241	-155.885	0	0.559735	-0.657905	0.503844
-237	-155.885	0	0.532963	-0.591197	0.60534
-235	-159.349	0	0.738856	-0.506267	0.444732
-231	-159.349	0	0.710935	-0.221536	0.667453
-229	-155.885	0	0.897867	-0.294956	0.326857
-225	-155.885	0	0.962489	0.212515	0.168676
-223	-159.349	0	0.552698	0.476635	0.683626
-219	-159.349	0	0.447364	0.740373	0.501711
-217	-155.885	0	0.574614	0.683674	0.449899
-213	-155.885	0	0.118255	0.936625	0.329771
-211	-159.349	0	0.193087	0.579176	0.792005
-207	-159.349	0	-0.160084	0.630033	0.759889
-205	-155.885	0	-0.390418	0.757347	0.523449
-201	-155.885	0	-0.347791	0.922817	0.165681
-199	-159.349	0	-0.325464	0.86581	0.380061
-195	-159.349	0	-0.530768	0.773752	0.345824
-193	-155.885	0	-0.73535	0.674503	0.0656174
-189	-155.885	0	-0.766194	0.638389	0.0735224
-187	-159.349	0	-0.670215	0.730092	0.133333
-183	-159.349	0	-0.822693	0.52836	-0.209789
-181	-155.885	0	-0.89141	0.0930107	-0.44355
-177	-155.885	0	-0.594158	0.589616	-0.54711
-175	-159.349	0	-0.86607	0.496328	-0.0598382
-171	-159.349	0	-0.865153	0.495589	0.076826
-169	-155.885	0	-0.850677	0.47638	-0.222285
-165	-155.885	0	-0.985054	0.15691	-0.0710552
-163	-159.349	0	-0.950036	-0.143377	0.277261
-159	-159.349	0	-0.715657	-0.0483619	0.696776
-157	-155.885	0	-0.781603	0.00875532	0.623714
-153	-155.885	0	-0.736749	-0.0274437	0.67561
-151	-159.349	0	-0.442261	-0.333942	0.832399
-147	-159.349	0	-0.555994	-0.302254	0.774282
-145	-155.885	0	-0.353315	-0.398578	0.846347
-141	-155.885	0	-0.144062	-0.39923	0.905462
-139	-159.349	0	-0.24066	-0.318989	0.916695
-135	-159.349	0	-0.0032584	-0.258798	0.965926
-133	-155.885	0	-0.170504	-0.35973	0.917346
-129	-155.885	0	-0.119691	-0.309856	0.94322
-127	-159.349	0	0.131517	-0.355286	0.92546
-123	-159.349	0	0.433386	-0.573413	0.695251
-121	-155.885	0	0.111697	-0.571417	0.813023
-117	-155.885	0	0.0655826	-0.42212	0.904165
-115	-159.349	0	0.371995	-0.111993	0.921454
-111	-159.349	0	0.531165	-0.287904	0.796853
-109	-155.885	0	-0.139506	-0.254636	0.956921
-105	-155.885	0	0.349914	-0.57748	0.737616
-103	-159.349	0	0.534405	-0.565571	0.628125
-99	-159.349	0	0.750957	-0.613615	-0.24401
-97	-155.885	0	0.708543	-0.70469	0.0371321
-93	-155.885	0	0.536898	-0.715922	-0.446313
-91	-159.349	0	0.0856485	-0.78151	-0.617985
-87	-159.349	0	0.465052	-0.652852	-0.597922
-85	-155.885	0	0.261888	-0.600611	-0.755435
-81	-155.885	0	0.358339	-0.180916	-0.915894
-79	-159.349	0	0.241292	-0.116025	-0.963492
-75	-159.349	0	-0.163432	0.0365108	-0.985879
-73	-155.885	0	0.0393317	0.00532221	-0.999212
-69	-155.885	0	-0.285023	-0.178148	-0.94182
-67	-159.349	0	0.0889086	-0.362237	-0.927836
-63	-159.349	0	-0.245798	-0.46048	-0.85296
-61	-155.885	0	-0.112767	-0.00624578	-0.993602
-57	-155.885	0	0.348042	-0.0206054	-0.937253
-55	-159.349	0	-0.0358018	-0.353913	-0.934593
-51	-159.349	0	0.0534411	-0.422968	-0.904567
-49	-155.885	0	0.0573357	-0.217345	-0.97441
-45	-155.885	0	0.0316799	-0.442209	-0.896352
-43	-159.349	0	-0.160915	-0.515765	-0.841482
-39	-159.349	0	0.187018	-0.542398	-0.819042
-37	-155.885	0	-0.088306	-0.686305	-0.721934
-33	-155.885	0	-0.275525	-0.642489	-0.715048
-31	-159.349	0	-0.473113	-0.449587	-0.757651
-27	-159.349	0	-0.504306	-0.212337	-0.837012
-25	-155.885	0	-0.478404	-0.0280625	-0.877691
-21	-155.885	0	-0.558249	0.208308	-0.803098
-19	-159.349	0	-0.824332	0.432592	-0.365157
-15	-159.349	0	-0.828787	0.55807	0.0408745
-13	-155.885	0	-0.813097	0.440722	-0.380312
-9	-155.885	0	-0.861316	0.507509	-0.0238632
-7	-159.349	0	-0.855897	0.2838	0.432317
-3	-159.349	0	-0.788408	0.474187	0.391868
-249	-148.957	0	0.555844	-0.441708	0.704224
-247	-152.421	0	0.304377	-0.445572	0.841915
-243	-152.421	0	0.594478	-0.51608	0.61665
-241	-148.957	0	0.502762	-0.716323	0.483851
-237	-148.957	0	0.587928	-0.773677	0.236146
-235	-152.421	0	0.799645	-0.502574	0.328614
-231	-152.421	0	0.833626	-0.362851	0.416423
-229	-148.957	0	0.923534	-0.189418	0.333476
-225	-148.957	0	0.838823	0.0936923	0.536281
-223	-152.421	0	0.815018	0.368301	0.447325
-219	-152.421	0	0.516746	0.586896	0.623319
-217	-148.957	0	0.419109	0.668553	0.614316
-213	-148.957	0	0.0648243	0.971153	0.229477
-211	-152.421	0	-0.142677	0.94028	0.309057
-207	-152.421	0	-0.364864	0.853696	0.371588
-205	-148.957	0	-0.280984	0.959371	0.0255839
-201	-148.957	0	-0.522253	0.852472	-0.023288
-199	-152.421	0	-0.434132	0.851837	0.293092
-195	-152.421	0	-0.666955	0.729285	-0.152693
-193	-148.957	0	-0.356393	0.660111	-0.661239
-189	-148.957	0	-0.494626	0.382675	-0.780324
-187	-152.421	0	-0.847296	0.205027	-0.489952
-183	-152.421	0	-0.578907	0.00899656	-0.815344
-181	-148.957	0	-0.269285	0.0428336	-0.962108
-177	-148.957	0	-0.4152	0.421525	-0.80618
-175	-152.421	0	-0.488605	0.391233	-0.779873
-171	-152.421	0	-0.656874	0.4944	-0.569284
-169	-148.957	0	-0.60972	-0.107527	-0.78529
-165	-148.957	0	-0.912153	0.333399	-0.238373
-163	-152.421	0	-0.990474	0.116044	-0.074135
-159	-152.421	0	-0.895125	-0.00654438	0.445768
-157	-148.957	0	-0.809157	-0.292332	0.509713
-153	-148.957	0	-0.687409	-0.124181	0.715575
-151	-152.421	0	-0.740137	-0.244889	0.62628
-147	-152.421	0	-0.444027	-0.479088	0.757175
-145	-148.957	0	-0.523495	-0.195803	0.829225
-141	-148.957	0	-0.0488382	-0.471931	0.880282
-139	-152.421	0	0.0157349	-0.298469	0.95429
-135	-152.421	0	-0.110597	-0.408283	0.906131
-133	-148.957	0	-0.0241446	-0.152616	0.987991
-129	-148.957	0	-0.101954	-0.0230656	0.994522
-127	-152.421	0	-0.316383	0.0433008	0.947643
-123	-152.421	0	0.14609	-0.3212	0.935675
-121	-148.957	0	0.188948	-0.153786	0.96987
-117	-148.957	0	0.147404	-0.22458	0.963242
-115	-152.421	0	0.144694	-0.268364	0.952389
-111	-152.421	0	-0.203079	-0.102469	0.973786
-109	-148.957	0	-0.011466	-0.154813	0.987877
-105	-148.957	0	0.355539	-0.275414	0.893162
-103	-152.421	0	0.62491	-0.573931	0.529235
-99	-152.421	0	0.847868	-0.518772	0.109522
-97	-148.957	0	0.905045	-0.401473	-0.140401
-93	-148.957	0	0.739356	-0.334337	-0.584441
-91	-152.421	0	0.51648	-0.628306	-0.581791
-87	-152.421	0	0.465	-0.203447	-0.861617
-85	-148.957	0	0.0906824	0.0752937	-0.993029
-81	-148.957	0	-0.037241	-0.00712965	-0.999281
-79	-152.421	0	0.0918172	-0.0678735	-0.99346
-75	-152.421	0	0.312498	0.0275578	-0.949518
-73	-148.957	0	0.0987291	-0.15672	-0.982696
-69	-148.957	0	0.0616938	0.0817097	-0.994745
-67	-152.421	0	-0.223025	0.219861	-0.949695
-63	-152.421	0	-0.164505	-0.362878	-0.917201
-61	-148.957	0	-0.175408	-0.21523	-0.960681
-57	-148.957	0	0.0372251	0.0853572	-0.995655
-55	-152.421	0	0.293853	0.232622	-0.927113
-51	-152.421	0	-0.0488695	-0.0266887	-0.998449
-49	-148.957	0	0.00691809	0.177857	-0.984032
-45	-148.957	0	-0.419779	-0.14445	-0.896058
-43	-152.421	0	-0.0648347	-0.352053	-0.933732
-39	-152.421	0	0.119694	-0.478335	-0.869982
-37	-148.957	0	-0.240873	-0.119383	-0.963186
-33	-148.957	0	-0.322018	-0.392161	-0.861692
-31	-152.421	0	-0.401684	-0.257136	-0.878938
-27	-152.421	0	-0.181125	-0.182048	-0.966464
-25	-148.957	0	-0.36668	0.275901	-0.888495
-21	-148.957	0	-0.368852	0.613747	-0.698043
-19	-152.421	0	-0.617709	0.579884	-0.531197
-15	-152.421	0	-0.816279	0.40896	-0.40797
-13	-148.957	0	-0.676996	0.442866	-0.587832
-9	-148.957	0	-0.712111	0.279691	-0.643949
-7	-152.421	0	-0.772589	0.456845	-0.440907
-3	-152.421	0	-0.834061	0.364945	-0.413711
-249	-142.029	0	0.412385	-0.482201	0.77293
-247	-145.493	0	0.448804	-0.307647	0.839004
-243	-145.493	0	0.421824	-0.457851	0.782583
-241	-142.029	0	0.480685	-0.456416	0.74875
-237	-142.029	0	0.588169	-0.472103	0.65664
-235	-145.493	0	0.650164	-0.436452	0.621929
-231	-145.493	0	0.884038	-0.33427	0.326713
-229	-142.029	0	0.866855	-0.0463519	0.496401
-225	-142.029	0	0.726023	0.211274	0.654412
-223	-145.493	0	0.749414	0.416173	0.514955
-219	-145.493	0	0.68245	0.445844	0.579211
-217	-142.029	0	-0.00272059	0.831761	0.555127
-213	-142.029	0	-0.394493	0.915024	0.0842943
-211	-145.493	0	0.137702	0.989251	0.0491997
-207	-145.493	0	0.159579	0.987182	0.00269709
-205	-142.029	0	-0.160598	0.858817	-0.486458
-201	-142.029	0	-0.336568	0.819068	-0.464596
-199	-145.493	0	-0.448383	0.741244	-0.49951
-195	-145.493	0	-0.71719	0.352689	-0.601039
-193	-142.029	0	-0.676341	0.363313	-0.640755
-189	-142.029	0	-0.265871	0.229604	-0.936266
-187	-145.493	0	-0.398181	-0.0309115	-0.916786
-183	-145.493	0	0.0789591	0.00414101	-0.996869
-181	-142.029	0	0.061736	0.201894	-0.97746
-177	-142.029	0	-0.140875	0.337125	-0.93086
-175	-145.493	0	-0.352782	0.396451	-0.847568
-171	-145.493	0	-0.694828	0.109286	-0.710824
-169	-142.029	0	-0.620554	0.591561	-0.514751
-165	-142.029	0	-0.884855	0.417803	-0.206086
-163	-145.493	0	-0.85969	0.50983	-0.0317235
-159	-145.493	0	-0.766121	0.265312	0.585379
-157	-142.029	0	-0.780882	0.225541	0.582541
-153	-142.029	0	-0.846481	-0.137444	0.514373
-151	-145.493	0	-0.709199	-0.0751413	0.700993
-147	-145.493	0	-0.778036	0.00740536	0.628176
-145	-142.029	0	-0.622559	-0.181611	0.761208
-141	-142.029	0	-0.324009	-0.514334	0.794027
-139	-145.493	0	-0.345577	-0.454544	0.820955
-135	-145.493	0	-0.200209	-0.242666	0.949226
-133	-142.029	0	-0.333062	-0.392175	0.857478
-129	-142.029	0	0.216505	-0.24547	0.944918
-127	-145.493	0	0.25778	-0.0982001	0.9612
-123	-145.493	0	0.154527	-0.331999	0.930537
-121	-142.029	0	0.097966	-0.254628	0.962064
-117	-142.029	0	0.0763	0.111061	0.99088
-115	-145.493	0	0.102757	-0.376756	0.920596
-111	-145.493	0	-0.102238	-0.125398	0.986824
-109	-142.029	0	0.108598	-0.0869168	0.990279
-105	-142.029	0	0.613528	-0.0196784	0.789428
-103	-145.493	0	0.578293	-0.362798	0.730723
-99	-145.493	0	0.85829	-0.393929	0.328875
-97	-142.029	0	0.754649	0.32655	-0.569095
-93	-142.029	0	0.189435	0.219516	-0.957041
-91	-145.493	0	0.727235	-0.13066	-0.673837
-87	-145.493	0	0.557377	-0.00305188	-0.830254
-85	-142.029	0	0.0859927	0.293743	-0.952009
-81	-142.029	0	-0.187278	0.0942421	-0.977776
-79	-145.493	0	0.120585	0.0580758	-0.991003
-75	-145.493	0	0.0449211	0.386108	-0.921359
-73	-142.029	0	-0.11596	0.527307	-0.841725
-69	-142.029	0	-0.200375	0.349827	-0.915134
-67	-145.493	0	-0.196161	0.250898	-0.94793
-63	-145.493	0	0.0387014	-0.00202126	-0.999249
-61	-142.029	0	0.162612	0.287412	-0.943902
-57	-142.029	0	0.0595774	0.152273	-0.986541
-55	-145.493	0	0.112444	0.293574	-0.9493
-51	-145.493	0	0.224352	0.121323	-0.966926
-49	-142.029	0	-0.11573	0.375031	-0.91976
-45	-142.029	0	-0.130488	0.138207	-0.98177
-43	-145.493	0	-0.381663	-0.0823529	-0.920625
-39	-145.493	0	-0.155477	-0.0793703	-0.984646
-37	-142.029	0	-0.000667893	0.199306	-0.979937
-33	-142.029	0	0.0632985	-0.0623768	-0.996043
-31	-145.493	0	-0.0558661	-0.120331	-0.991161
-27	-145.493	0	-0.24069	-0.0156102	-0.970476
-25	-142.029	0	-0.469558	0.138782	-0.871926
-21	-142.029	0	-0.351094	0.184888	-0.917905
-19	-145.493	0	-0.228818	0.345235	-0.910195
-15	-145.493	0	-0.407545	0.444016	-0.79797
-13	-142.029	0	-0.731562	0.396428	-0.554672
-9	-142.029	0	-0.693683	0.204924	-0.690514
-7	-145.493	0	-0.638028	0.360114	-0.680616
-3	-145.493	0	-0.680813	0.470018	-0.561762
-249	-135.101	0	-0.106706	-0.0574653	0.992629
-247	-138.565	0	0.191502	-0.277344	0.941492
-243	-138.565	0	0.322998	-0.204736	0.923989
-241	-135.101	0	0.004095	-0.468268	0.883577
-237	-135.101	0	-0.0559273	-0.265586	0.962464
-235	-138.565	0	0.595309	-0.575383	0.560841
-231	-138.565	0	0.541687	-0.353448	0.76266
-229	-135.101	0	0.464255	-0.0482822	0.884385
-225	-135.101	0	0.387045	0.292577	0.874411
-223	-138.565	0	0.508068	0.556433	0.657456
-219	-138.565	0	0.24765	0.860113	0.445954
-217	-135.101	0	0.000466496	0.966698	0.255921
-213	-135.101	0	-0.302515	0.927837	-0.218181
-211	-138.565	0	-0.431783	0.819949	-0.375828
-207	-138.565	0	-0.0956331	0.738463	-0.667477
-205	-135.101	0	-0.437205	0.517357	-0.735659
-201	-135.101	0	-0.521233	0.194842	-0.830875
-199	-138.565	0	-0.617746	0.412391	-0.66957
-195	-138.565	0	-0.673624	0.242574	-0.698132
-193	-135.101	0	-0.497334	0.0423435	-0.866525
-189	-135.101	0	-0.62	-0.107652	-0.777181
-187	-138.565	0	-0.364117	-0.112313	-0.924556
-183	-138.565	0	-0.0791845	-0.0888118	-0.992896
-181	-135.101	0	-0.0782443	0.0339548	-0.996356
-177	-135.101	0	0.189046	0.277487	-0.941946
-175	-138.565	0	-0.0430303	0.689001	-0.723481
-171	-138.565	0	-0.162933	0.76547	-0.622501
-169	-135.101	0	-0.062239	0.82695	-0.558821
-165	-135.101	0	-0.672518	0.703	-0.231325
-163	-138.565	0	-0.884188	0.419275	-0.20596
-159	-138.565	0	-0.771617	0.40754	0.488383
-157	-135.101	0	-0.817136	0.292087	0.496964
-153	-135.101	0	-0.939802	0.131155	0.315548
-151	-138.565	0	-0.929219	-0.183325	0.320847
-147	-138.565	0	-0.545566	-0.293459	0.785009
-145	-135.101	0	-0.724762	-0.470339	0.503489
-141	-135.101	0	-0.433395	-0.455159	0.777817
-139	-138.565	0	-0.607669	-0.558869	0.564273
-135	-138.565	0	-0.33332	-0.794339	0.507861
-133	-135.101	0	-0.307129	-0.540761	0.783103
-129	-135.101	0	-0.222432	-0.170244	0.959969
-127	-138.565	0	-0.00864509	-0.134368	0.990894
-123	-138.565	0	0.192509	-0.0245418	0.980988
-121	-135.101	0	-0.117044	-0.150466	0.981662
-117	-135.101	0	0.257749	0.0872907	0.962261
-115	-138.565	0	-0.0464702	-0.0446353	0.997922
-111	-138.565	0	0.0933013	-0.0671211	0.993373
-109	-135.101	0	0.204011	0.428899	0.880014
-105	-135.101	0	0.309668	0.814671	0.490323
-103	-138.565	0	0.792913	0.450559	0.410225
-99	-138.565	0	0.827417	0.203031	-0.523603
-97	-135.101	0	0.51411	0.641609	-0.569236
-93	-135.101	0	0.117311	0.480137	-0.869314
-91	-138.565	0	-0.272845	0.494472	-0.825259
-87	-138.565	0	-0.275208	0.405482	-0.871691
-85	-135.101	0	0.00042377	0.504911	-0.863171
-81	-135.101	0	-0.380616	0.622423	-0.683901
-79	-138.565	0	-0.23531	0.618767	-0.749504
-75	-138.565	0	-0.143465	0.771896	-0.61935
-73	-135.101	0	-0.198682	0.776463	-0.598022
-69	-135.101	0	-0.320756	0.624288	-0.712306
-67	-138.565	0	-0.405721	0.491509	-0.770591
-63	-138.565	0	-0.116465	0.290996	-0.949609
-61	-135.101	0	-0.127795	0.367772	-0.921093
-57	-135.101	0	-0.323859	0.640733	-0.696115
-55	-138.565	0	-0.135605	0.594572	-0.792525
-51	-138.565	0	0.0466249	0.272725	-0.960962
-49	-135.101	0	-0.190315	0.600365	-0.776751
-45	-135.101	0	-0.320662	0.74261	-0.587968
-43	-138.565	0	-0.249491	0.474657	-0.844071
-39	-138.565	0	0.037254	0.384863	-0.922222
-37	-135.101	0	-0.0681912	0.533348	-0.843143
-33	-135.101	0	-0.482525	0.260776	-0.836161
-31	-138.565	0	-0.109591	-0.0730878	-0.991286
-27	-138.565	0	-0.340332	0.049688	-0.938992
-25	-135.101	0	-0.509449	-0.15859	-0.845761
-21	-135.101	0	-0.83519	-0.152355	-0.528438
-19	-138.565	0	-0.717754	-0.282412	-0.636453
-15	-138.565	0	-0.785064	-0.222398	-0.578112
-13	-135.101	0	-0.752474	-0.316562	-0.577557
-9	-135.101	0	-0.702974	-0.285373	-0.651452
-7	-138.565	0	-0.614276	-0.123961	-0.779294
-3	-138.565	0	-0.64479	-0.0483357	-0.76283
-249	-128.172	0	-0.312875	0.226378	0.922422
-247	-131.637	0	-0.215997	-0.0331406	0.975832
-243	-131.637	0	-0.402599	-0.0558308	0.913672
-241	-128.172	0	-0.17534	0.222566	0.959021
-237	-128.172	0	-0.233696	0.0602238	0.970443
-235	-131.637	0	-0.14129	-0.17183	0.974942
-231	-131.637	0	-0.271142	0.0366295	0.961842
-229	-128.172	0	-0.284206	0.391925	0.874998
-225	-128.172	0	-0.109949	0.71639	0.688982
-223	-131.637	0	0.282527	0.627711	0.725367
-219	-131.637	0	0.0850366	0.932773	0.35029
-217	-128.172	0	-0.186351	0.624462	0.758499
-213	-128.172	0	-0.350229	0.879403	0.322474
-211	-131.637	0	-0.405987	0.854786	-0.323288
-207	-131.637	0	-0.561058	0.656494	-0.504212
-205	-128.172	0	-0.622825	0.138292	-0.770042
-201	-128.172	0	-0.353589	0.310106	-0.882502
-199	-131.637	0	-0.572385	0.211013	-0.792369
-195	-131.637	0	-0.330406	-0.106156	-0.93785
-193	-128.172	0	-0.106702	0.0955821	-0.989686
-189	-128.172	0	-0.281934	-0.27226	-0.919993
-187	-131.637	0	-0.530905	-0.219765	-0.818439
-183	-131.637	0	-0.206503	-0.0448904	-0.977416
-181	-128.172	0	-0.158584	0.11186	-0.980988
-177	-128.172	0	0.120192	0.314906	-0.941482
-175	-131.637	0	0.291102	0.512826	-0.807632
-171	-131.637	0	0.2514	0.566467	-0.784801
-169	-128.172	0	-0.432813	0.573463	-0.695567
-165	-128.172	0	-0.421739	0.780077	-0.462186
-163	-131.637	0	-0.539848	0.76661	-0.347668
-159	-131.637	0	-0.893614	0.436816	0.10318
-157	-128.172	0	-0.972642	0.230665	0.0276068
-153	-128.172	0	-0.965384	0.198515	0.169191
-151	-131.637	0	-0.757582	0.180439	0.627304
-147	-131.637	0	-0.785354	-0.0491074	0.617096
-145	-128.172	0	-0.5225	0.0286224	0.852158
-141	-128.172	0	-0.473462	-0.0843675	0.876765
-139	-131.637	0	-0.283265	-0.48992	0.824463
-135	-131.637	0	-0.137554	-0.370477	0.9186
-133	-128.172	0	-0.16083	-0.283011	0.945536
-129	-128.172	0	-0.289042	-0.123949	0.949258
-127	-131.637	0	-0.143136	-0.29456	0.944853
-123	-131.637	0	-0.0733378	-0.164137	0.983708
-121	-128.172	0	-0.301631	0.0394418	0.952608
-117	-128.172	0	-0.152032	0.0971948	0.983585
-115	-131.637	0	-0.120326	0.116855	0.985833
-111	-131.637	0	-0.0725098	0.47804	0.87534
-109	-128.172	0	-0.66994	0.731155	0.128814
-105	-128.172	0	-0.38144	0.849863	-0.363643
-103	-131.637	0	0.229499	0.967675	0.104577
-99	-131.637	0	0.199378	0.658749	-0.725464
-97	-128.172	0	-0.58921	0.521633	-0.617034
-93	-128.172	0	-0.382486	0.519353	-0.764183
-91	-131.637	0	0.074133	0.483847	-0.872007
-87	-131.637	0	-0.0209865	0.154108	-0.987831
-85	-128.172	0	-0.334057	-0.131104	-0.93339
-81	-128.172	0	-0.362691	0.154099	-0.91908
-79	-131.637	0	-0.403463	0.273288	-0.87323
-75	-131.637	0	-0.579826	0.63617	-0.509009
-73	-128.172	0	-0.660482	0.260809	-0.70409
-69	-128.172	0	-0.498808	0.628483	-0.596825
-67	-131.637	0	-0.143972	0.598558	-0.788036
-63	-131.637	0	0.0331823	0.432239	-0.901148
-61	-128.172	0	-0.414631	0.761775	-0.497775
-57	-128.172	0	-0.354893	0.807332	-0.471451
-55	-131.637	0	-0.32133	0.792396	-0.518512
-51	-131.637	0	-0.424596	0.785652	-0.449967
-49	-128.172	0	-0.475983	0.849932	-0.225956
-45	-128.172	0	-0.485836	0.821507	-0.29848
-43	-131.637	0	-0.212351	0.886881	-0.410303
-39	-131.637	0	-0.37393	0.715044	-0.590668
-37	-128.172	0	-0.353688	0.694761	-0.626268
-33	-128.172	0	-0.253312	0.470268	-0.845388
-31	-131.637	0	-0.268531	0.133067	-0.954036
-27	-131.637	0	-0.144657	0.0196023	-0.989288
-25	-128.172	0	-0.298152	0.000414188	-0.954518
-21	-128.172	0	-0.41838	-0.195979	-0.886877
-19	-131.637	0	-0.478302	-0.183198	-0.858875
-15	-131.637	0	-0.504179	-0.0451818	-0.862417
-13	-128.172	0	-0.330161	-0.392123	-0.858623
-9	-128.172	0	-0.27508	-0.374543	-0.885465
-7	-131.637	0	-0.386671	-0.495124	-0.778034
-3	-131.637	0	-0.481379	-0.141325	-0.865044
-1	-245.951	0	0.171933	-0.949952	0.260828
-1	-239.023	0	0.184519	-0.75814	0.625441
-1	-232.095	0	0.610872	-0.485011	0.62578
-1	-225.167	0	0.43763	-0.637273	0.634321
-1	-218.239	0	-0.0811697	-0.758637	0.646437
-1	-211.31	0	-0.517535	-0.807969	0.281678
-1	-204.382	0	-0.326607	-0.661417	0.675171
-1	-197.454	0	-0.387277	-0.342725	0.855895
-1	-190.526	0	0.0764406	-0.0160149	0.996946
-1	-183.598	0	-0.0461452	-0.145439	0.98829
-1	-176.669	0	-0.209492	-0.181793	0.960762
-1	-169.741	0	-0.572981	0.380244	0.726021
-1	-162.813	0	-0.773624	0.616844	0.144945
-1	-155.885	0	-0.813414	0.580186	0.0417401
-1	-148.957	0	-0.600556	0.441275	-0.66679
-1	-142.029	0	-0.751794	0.0394948	-0.658214
-1	-135.101	0	-0.589977	0.0153256	-0.807274
-1	-128.172	0	-0.621892	-0.141437	-0.770224
-247	-124.708	0	-0.482567	0.257635	0.83711
-243	-124.708	0	-0.408879	0.204059	0.889482
-235	-124.708	0	-0.418595	0.293345	0.859492
-231	-124.708	0	-0.580594	0.605193	0.544658
-223	-124.708	0	-0.419552	0.676946	0.604748
-219	-124.708	0	-0.488925	0.805052	0.335921
-211	-124.708	0	-0.822663	0.555559	-0.120747
-207	-124.708	0	-0.751601	0.0469519	-0.657945
-199	-124.708	0	-0.405281	-0.112014	-0.907304
-195	-124.708	0	-0.223862	-0.0915013	-0.970316
-187	-124.708	0	0.0056826	-0.230082	-0.973155
-183	-124.708	0	-0.0325749	0.236125	-0.971176
-175	-124.708	0	-0.293542	-0.125805	-0.947632
-171	-124.708	0	-0.462632	0.255762	-0.848857
-163	-124.708	0	-0.531122	0.55407	-0.641027
-159	-124.708	0	-0.82116	0.39664	-0.410333
-151	-124.708	0	-0.653491	-0.165892	0.738531
-147	-124.708	0	-0.523979	-0.0681779	0.848998
-139	-124.708	0	-0.551967	-0.183114	0.813512
-135	-124.708	0	-0.143803	0.0192698	0.989419
-127	-124.708	0	-0.53651	0.143419	0.831618
-123	-124.708	0	-0.613172	0.0945578	0.78427
-115	-124.708	0	-0.494184	0.724855	0.479966
-111	-124.708	0	-0.937007	0.347767	0.032795
-103	-124.708	0	-0.369431	0.630883	-0.68228
-99	-124.708	0	-0.405734	0.503178	-0.763015
-91	-124.708	0	-0.408106	-0.190716	-0.892792
-87	-124.708	0	-0.228213	-0.255838	-0.939396
-79	-124.708	0	-0.552445	-0.26959	-0.78875
-75	-124.708	0	-0.877228	0.00832712	-0.480001
-67	-124.708	0	-0.873447	0.339062	-0.349466
-63	-124.708	0	-0.671259	0.521586	-0.52665
-55	-124.708	0	-0.574227	0.80467	-0.150895
-51	-124.708	0	-0.389918	0.91327	0.117902
-43	-124.708	0	-0.594798	0.795981	-0.112386
-39	-124.708	0	-0.420047	0.645597	-0.637781
-31	-124.708	0	-0.551467	0.367091	-0.749085
-27	-124.708	0	-0.521092	0.0965476	-0.848022
-19	-124.708	0	-0.466886	0.0380378	-0.883499
-15	-124.708	0	-0.555974	0.0567621	-0.829259
-7	-124.708	0	-0.32005	0.00596917	-0.947382
-3	-124.708	0	-0.697446	-0.218585	-0.682488
-249	-114.316	0	-0.540716	0.626425	0.561442
-247	-117.78	0	-0.261704	0.705276	0.65886
-243	-117.78	0	-0.377202	0.152222	0.913535
-241	-114.316	0	-0.579003	0.380693	0.720992
-237	-114.316	0	-0.775568	0.469996	0.421424
-235	-117.78	0	-0.808208	0.349775	0.473769
-231	-117.78	0	-0.915734	0.354648	0.188829
-229	-114.316	0	-0.79238	0.598504	0.118011
-225	-114.316	0	-0.871585	0.227506	-0.434258
-223	-117.78	0	-0.795536	0.478421	-0.371802
-219	-117.78	0	-0.696669	0.613731	-0.371465
-217	-114.316	0	-0.484179	0.184523	-0.855291
-213	-114.316	0	-0.534684	-0.220556	-0.815762
-211	-117.78	0	-0.806575	0.129829	-0.576699
-207	-117.78	0	-0.543064	-0.0159638	-0.83954
-205	-114.316	0	-0.110752	-0.197238	-0.97408
-201	-114.316	0	-0.0340402	-0.364672	-0.930514
-199	-117.78	0	0.025661	-0.388176	-0.921228
-195	-117.78	0	-0.0867735	-0.603757	-0.792431
-193	-114.316	0	-0.023958	-0.711928	-0.701844
-189	-114.316	0	-0.156886	-0.591907	-0.79059
-187	-117.78	0	0.0347218	-0.484125	-0.87431
-183	-117.78	0	-0.0204058	-0.372665	-0.927741
-181	-114.316	0	-0.400866	-0.22782	-0.887358
-177	-114.316	0	-0.489047	-0.0653318	-0.869808
-175	-117.78	0	-0.656488	-0.0939051	-0.748469
-171	-117.78	0	-0.882319	-0.012024	-0.470498
-169	-114.316	0	-0.691787	0.407186	-0.596347
-165	-114.316	0	-0.739313	0.548844	-0.390112
-163	-117.78	0	-0.541771	0.65033	-0.532498
-159	-117.78	0	-0.843154	0.366991	-0.392949
-157	-114.316	0	-0.930323	0.340003	-0.137468
-153	-114.316	0	-0.673995	0.463832	0.57497
-151	-117.78	0	-0.571871	0.0466584	0.819016
-147	-117.78	0	-0.454668	-0.493199	0.741642
-145	-114.316	0	-0.617297	-0.365139	0.696863
-141	-114.316	0	-0.110873	-0.397007	0.911094
-139	-117.78	0	-0.480831	-0.473929	0.737695
-135	-117.78	0	-0.261735	-0.431596	0.863261
-133	-114.316	0	-0.332179	-0.497349	0.801437
-129	-114.316	0	-0.0792811	-0.0800301	0.993635
-127	-117.78	0	-0.560392	-0.124214	0.81886
-123	-117.78	0	-0.660229	-0.0145043	0.750924
-121	-114.316	0	-0.68444	-0.0338359	0.728284
-117	-114.316	0	-0.991403	0.128781	0.023135
-115	-117.78	0	-0.900942	0.400894	0.166093
-111	-117.78	0	-0.968763	0.153978	-0.194395
-109	-114.316	0	-0.966353	0.0411161	-0.253913
-105	-114.316	0	-0.62892	-0.155312	-0.761799
-103	-117.78	0	-0.646811	0.46599	-0.60373
-99	-117.78	0	-0.823655	0.232795	-0.517106
-97	-114.316	0	-0.74037	-0.276641	-0.612635
-93	-114.316	0	-0.768902	-0.0598215	-0.636561
-91	-117.78	0	-0.308374	-0.045493	-0.950177
-87	-117.78	0	-0.64053	-0.121561	-0.758251
-85	-114.316	0	-0.708643	-0.558493	-0.431173
-81	-114.316	0	-0.723258	-0.594212	-0.351866
-79	-117.78	0	-0.615561	-0.29984	-0.728821
-75	-117.78	0	-0.91059	-0.11518	-0.396938
-73	-114.316	0	-0.993471	0.113643	-0.0100041
-69	-114.316	0	-0.994019	0.0399927	-0.101625
-67	-117.78	0	-0.983999	0.175191	0.0324588
-63	-117.78	0	-0.924664	0.248595	0.28844
-61	-114.316	0	-0.910161	0.229394	0.344942
-57	-114.316	0	-0.862347	0.14452	0.485254
-55	-117.78	0	-0.607888	0.756615	0.240845
-51	-117.78	0	-0.545057	0.664406	0.511349
-49	-114.316	0	-0.673386	0.206588	0.70984
-45	-114.316	0	-0.564415	0.680597	0.467144
-43	-117.78	0	-0.651478	0.726612	0.218201
-39	-117.78	0	-0.678428	0.721783	-0.136986
-37	-114.316	0	-0.843826	0.502811	-0.187455
-33	-114.316	0	-0.804097	0.575579	-0.148787
-31	-117.78	0	-0.811429	0.421556	-0.404813
-27	-117.78	0	-0.78133	0.177219	-0.598428
-25	-114.316	0	-0.767852	0.0454347	-0.639014
-21	-114.316	0	-0.774908	0.113339	-0.62183
-19	-117.78	0	-0.765153	0.150962	-0.6259
-15	-117.78	0	-0.461956	0.113131	-0.879658
-13	-114.316	0	-0.584801	0.0135571	-0.811063
-9	-114.316	0	-0.286805	-0.229282	-0.930147
-7	-117.78	0	-0.350115	-0.160839	-0.922795
-3	-117.78	0	-0.244663	-0.646309	-0.72279
-249	-107.388	0	-0.667515	0.169966	0.724938
-247	-110.852	0	-0.66826	0.417628	0.615642
-243	-110.852	0	-0.66655	0.273212	0.693589
-241	-107.388	0	-0.768349	-0.0331082	0.639174
-237	-107.388	0	-0.753016	0.261671	0.603735
-235	-110.852	0	-0.808198	0.41193	0.420868
-231	-110.852	0	-0.887994	0.442762	-0.12421
-229	-107.388	0	-0.899773	0.429839	-0.075147
-225	-107.388	0	-0.70733	0.29984	-0.640141
-223	-110.852	0	-0.808272	0.260291	-0.528152
-219	-110.852	0	-0.436728	0.162307	-0.88483
-217	-107.388	0	0.00788728	0.15609	-0.987711
-213	-107.388	0	-0.0147207	-0.0838067	-0.996373
-211	-110.852	0	0.0171494	-0.286405	-0.957955
-207	-110.852	0	-0.141667	-0.33897	-0.93007
-205	-107.388	0	0.111981	-0.278506	-0.953884
-201	-107.388	0	0.125642	-0.41424	-0.901454
-199	-110.852	0	0.396083	-0.227005	-0.889712
-195	-110.852	0	0.112916	-0.579897	-0.806827
-193	-107.388	0	-0.226416	-0.543565	-0.808253
-189	-107.388	0	-0.436677	-0.211261	-0.874461
-187	-110.852	0	-0.306955	-0.180115	-0.934525
-183	-110.852	0	-0.431809	-0.080175	-0.898395
-181	-107.388	0	-0.415963	-0.348767	-0.839843
-177	-107.388	0	-0.622027	-0.47981	-0.61876
-175	-110.852	0	-0.528751	-0.0457931	-0.847541
-171	-110.852	0	-0.61988	0.243335	-0.746014
-169	-107.388	0	-0.826699	0.0575198	-0.559697
-165	-107.388	0	-0.860861	0.351895	-0.367544
-163	-110.852	0	-0.7026	0.691262	-0.16885
-159	-110.852	0	-0.940488	0.338768	0.0267957
-157	-107.388	0	-0.991207	0.131858	-0.0110694
-153	-107.388	0	-0.878569	0.0898202	0.469094
-151	-110.852	0	-0.716781	0.123215	0.686325
-147	-110.852	0	-0.435446	-0.161835	0.885549
-145	-107.388	0	-0.282694	-0.136741	0.949413
-141	-107.388	0	0.0376095	-0.395657	0.917628
-139	-110.852	0	-0.00390504	-0.555528	0.831489
-135	-110.852	0	-0.127065	-0.329764	0.935473
-133	-107.388	0	-0.0956643	-0.41614	0.904254
-129	-107.388	0	-0.224806	-0.316353	0.92162
-127	-110.852	0	-0.521168	-0.495334	0.695002
-123	-110.852	0	-0.726532	-0.0298558	0.686484
-121	-107.388	0	-0.869817	-0.404441	0.282569
-117	-107.388	0	-0.913526	-0.406633	0.0109593
-115	-110.852	0	-0.981886	-0.113109	-0.152008
-111	-110.852	0	-0.940335	-0.126464	-0.315876
-109	-107.388	0	-0.91216	-0.247335	-0.326786
-105	-107.388	0	-0.843276	-0.272128	-0.463499
-103	-110.852	0	-0.731122	-0.223608	-0.644562
-99	-110.852	0	-0.734293	-0.0939577	-0.672299
-97	-107.388	0	-0.6623	-0.348542	-0.663232
-93	-107.388	0	-0.545323	-0.375884	-0.749223
-91	-110.852	0	-0.820348	-0.223628	-0.526326
-87	-110.852	0	-0.805831	-0.530384	-0.263305
-85	-107.388	0	-0.769027	-0.615589	-0.172184
-81	-107.388	0	-0.621933	-0.693979	-0.362757
-79	-110.852	0	-0.901787	-0.432181	0.000312798
-75	-110.852	0	-0.978838	-0.150237	0.138942
-73	-107.388	0	-0.984291	-0.175796	0.0163208
-69	-107.388	0	-0.958725	-0.159307	0.235514
-67	-110.852	0	-0.94101	0.0375632	0.336288
-63	-110.852	0	-0.967049	-0.0729814	0.243905
-61	-107.388	0	-0.981608	0.0275605	0.18891
-57	-107.388	0	-0.956803	0.0668549	0.282945
-55	-110.852	0	-0.832163	0.0602958	0.551243
-51	-110.852	0	-0.626208	0.188964	0.75641
-49	-107.388	0	-0.623998	0.297749	0.722476
-45	-107.388	0	-0.833732	0.460411	0.304818
-43	-110.852	0	-0.860514	0.455168	0.228776
-39	-110.852	0	-0.821848	0.401596	0.404088
-37	-107.388	0	-0.994318	-0.0292656	0.102345
-33	-107.388	0	-0.990509	0.0963358	0.0980385
-31	-110.852	0	-0.892503	0.277906	-0.355256
-27	-110.852	0	-0.854167	0.107764	-0.508711
-25	-107.388	0	-0.812538	-0.0159108	-0.582691
-21	-107.388	0	-0.787201	0.0998975	-0.608551
-19	-110.852	0	-0.916258	0.0196146	-0.400109
-15	-110.852	0	-0.811499	0.112869	-0.573349
-13	-107.388	0	-0.648043	-0.147984	-0.747089
-9	-107.388	0	-0.642123	-0.0986822	-0.760223
-7	-110.852	0	-0.540652	-0.0241788	-0.840899
-3	-110.852	0	-0.625697	-0.482039	-0.613304
-249	-100.46	0	-0.884552	-0.161354	0.437645
-247	-103.924	0	-0.765736	0.0585437	0.640485
-243	-103.924	0	-0.796668	0.0434817	0.602852
-241	-100.46	0	-0.957413	-0.17439	0.230104
-237	-100.46	0	-0.857912	-0.110603	0.501751
-235	-103.924	0	-0.857257	0.17866	0.482899
-231	-103.924	0	-0.914079	0.122061	-0.386731
-229	-100.46	0	-0.893151	-0.125126	-0.432
-225	-100.46	0	-0.849461	-0.191203	-0.49179
-223	-103.924	0	-0.751139	-0.144815	-0.644064
-219	-103.924	0	-0.241613	0.0234258	-0.97009
-217	-100.46	0	-0.0336336	-0.161042	-0.986374
-213	-100.46	0	-0.0489328	-0.518576	-0.85363
-211	-103.924	0	0.111615	-0.32394	-0.939471
-207	-103.924	0	0.0142336	-0.136689	-0.990512
-205	-100.46	0	-0.231191	-0.616001	-0.753056
-201	-100.46	0	-0.463492	-0.44377	-0.76697
-199	-103.924	0	-0.345781	-0.45952	-0.818094
-195	-103.924	0	-0.139405	-0.487487	-0.861929
-193	-100.46	0	-0.331632	-0.40252	-0.853228
-189	-100.46	0	-0.524084	-0.423393	-0.738968
-187	-103.924	0	-0.64357	-0.430831	-0.632616
-183	-103.924	0	-0.521136	-0.624112	-0.582152
-181	-100.46	0	-0.545518	-0.233544	-0.804902
-177	-100.46	0	-0.82747	-0.201488	-0.524114
-175	-103.924	0	-0.772953	-0.497809	-0.393357
-171	-103.924	0	-0.929434	-0.226943	-0.290947
-169	-100.46	0	-0.968645	-0.199345	-0.148283
-165	-100.46	0	-0.942225	0.334182	-0.023106
-163	-103.924	0	-0.743484	0.623777	-0.241108
-159	-103.924	0	-0.970123	0.157465	-0.184568
-157	-100.46	0	-0.899893	0.390429	0.194314
-153	-100.46	0	-0.821054	-0.0521487	0.568463
-151	-103.924	0	-0.681236	-0.429485	0.592841
-147	-103.924	0	-0.36256	-0.354828	0.86177
-145	-100.46	0	-0.399939	-0.574445	0.714186
-141	-100.46	0	-0.192467	-0.311158	0.930665
-139	-103.924	0	-0.0926372	-0.445804	0.890324
-135	-103.924	0	-0.119759	-0.327476	0.937239
-133	-100.46	0	-0.53515	-0.356943	0.765641
-129	-100.46	0	-0.745179	-0.0342848	0.665983
-127	-103.924	0	-0.418843	-0.182756	0.889478
-123	-103.924	0	-0.571736	-0.331889	0.750312
-121	-100.46	0	-0.753655	-0.0566047	0.654828
-117	-100.46	0	-0.847196	-0.189239	0.496434
-115	-103.924	0	-0.880555	-0.362531	0.305276
-111	-103.924	0	-0.868882	-0.470056	-0.155213
-109	-100.46	0	-0.815325	-0.555339	0.163841
-105	-100.46	0	-0.796533	-0.603361	0.0386093
-103	-103.924	0	-0.884837	-0.451439	-0.115183
-99	-103.924	0	-0.785214	-0.330723	-0.52351
-97	-100.46	0	-0.860581	-0.361943	-0.358326
-93	-100.46	0	-0.525316	-0.669304	-0.525428
-91	-103.924	0	-0.494232	-0.600849	-0.628264
-87	-103.924	0	-0.551418	-0.768869	-0.323696
-85	-100.46	0	-0.412158	-0.724283	-0.552756
-81	-100.46	0	-0.0772455	-0.651113	-0.755039
-79	-103.924	0	-0.549137	-0.771835	-0.320499
-75	-103.924	0	-0.748286	-0.612204	-0.255488
-73	-100.46	0	-0.488134	-0.814202	-0.314326
-69	-100.46	0	-0.628462	-0.741249	-0.235766
-67	-103.924	0	-0.768916	-0.62096	-0.152237
-63	-103.924	0	-0.860079	-0.503718	-0.0808168
-61	-100.46	0	-0.871655	-0.469357	-0.141142
-57	-100.46	0	-0.959503	-0.278493	0.0423754
-55	-103.924	0	-0.850946	-0.253371	0.460102
-51	-103.924	0	-0.817915	0.274628	0.505563
-49	-100.46	0	-0.980922	0.0673635	0.182357
-45	-100.46	0	-0.994933	-0.0639521	0.0775818
-43	-103.924	0	-0.980779	-0.0472581	0.189312
-39	-103.924	0	-0.896337	-0.274731	0.347998
-37	-100.46	0	-0.952386	-0.255302	0.166678
-33	-100.46	0	-0.91731	-0.0628266	-0.393185
-31	-103.924	0	-0.972084	-0.147395	-0.182557
-27	-103.924	0	-0.854885	0.064753	-0.514761
-25	-100.46	0	-0.631353	-0.310395	-0.710667
-21	-100.46	0	-0.630956	-0.346813	-0.693985
-19	-103.924	0	-0.784884	-0.206106	-0.584361
-15	-103.924	0	-0.79229	-0.414027	-0.448171
-13	-100.46	0	-0.665788	0.2626	-0.698404
-9	-100.46	0	-0.622221	0.218843	-0.75163
-7	-103.924	0	-0.586192	0.322785	-0.743094
-3	-103.924	0	-0.627697	0.0591242	-0.776209
-249	-93.5305	0	-0.916159	-0.115294	0.383875
-247	-96.9955	0	-0.972223	-0.213583	0.0957339
-243	-96.9955	0	-0.98656	-0.0445069	0.157222
-241	-93.5305	0	-0.833507	-0.235216	0.499939
-237	-93.5305	0	-0.887996	-0.260364	0.379043
-235	-96.9955	0	-0.943715	-0.258761	0.206023
-231	-96.9955	0	-0.8526	-0.484208	0.19651
-229	-93.5305	0	-0.877143	-0.357025	-0.321175
-225	-93.5305	0	-0.753195	-0.617452	-0.226825
-223	-96.9955	0	-0.742913	-0.326163	-0.584549
-219	-96.9955	0	-0.291745	-0.33783	-0.89485
-217	-93.5305	0	-0.516356	-0.368856	-0.772866
-213	-93.5305	0	-0.582427	-0.489731	-0.648801
-211	-96.9955	0	-0.211483	-0.512219	-0.83241
-207	-96.9955	0	-0.519023	-0.491764	-0.699131
-205	-93.5305	0	-0.196876	-0.427814	-0.882165
-201	-93.5305	0	-0.278223	-0.501615	-0.81913
-199	-96.9955	0	-0.489482	-0.136868	-0.861205
-195	-96.9955	0	-0.600581	-0.406319	-0.688627
-193	-93.5305	0	-0.559162	-0.398274	-0.727128
-189	-93.5305	0	-0.574615	-0.443764	-0.687671
-187	-96.9955	0	-0.306544	-0.137774	-0.941833
-183	-96.9955	0	-0.640281	0.17946	-0.746883
-181	-93.5305	0	-0.978068	0.20666	-0.0259707
-177	-93.5305	0	-0.855387	0.431284	-0.286891
-175	-96.9955	0	-0.894985	0.210537	-0.393288
-171	-96.9955	0	-0.96788	0.106181	-0.22789
-169	-93.5305	0	-0.996356	-0.0214319	0.0825611
-165	-93.5305	0	-0.999777	0.0082901	-0.019422
-163	-96.9955	0	-0.861322	0.0933651	0.499407
-159	-96.9955	0	-0.902139	0.287658	0.321554
-157	-93.5305	0	-0.932402	-0.139497	0.333418
-153	-93.5305	0	-0.773909	-0.429459	0.465435
-151	-96.9955	0	-0.753051	-0.30035	0.585409
-147	-96.9955	0	-0.599716	-0.627045	0.497147
-145	-93.5305	0	-0.853827	-0.318122	0.412042
-141	-93.5305	0	-0.715423	-0.606849	0.346272
-139	-96.9955	0	-0.373696	-0.392212	0.840548
-135	-96.9955	0	-0.536478	-0.460216	0.707384
-133	-93.5305	0	-0.626843	-0.402134	0.66735
-129	-93.5305	0	-0.372029	-0.45109	0.811241
-127	-96.9955	0	-0.626117	-0.249233	0.738823
-123	-96.9955	0	-0.664654	-0.355399	0.657211
-121	-93.5305	0	-0.657939	-0.150717	0.737835
-117	-93.5305	0	-0.75572	-0.390997	0.525365
-115	-96.9955	0	-0.726194	-0.33747	0.598963
-111	-96.9955	0	-0.784437	-0.553519	0.279777
-109	-93.5305	0	-0.685011	-0.721489	-0.101056
-105	-93.5305	0	-0.733784	-0.674097	-0.0845863
-103	-96.9955	0	-0.956251	-0.278381	0.0899273
-99	-96.9955	0	-0.792586	-0.543391	-0.276647
-97	-93.5305	0	-0.715005	-0.37074	-0.592722
-93	-93.5305	0	-0.615504	-0.365801	-0.6981
-91	-96.9955	0	-0.41362	-0.747073	-0.520385
-87	-96.9955	0	-0.578879	-0.790331	-0.200689
-85	-93.5305	0	-0.308767	-0.764694	-0.565603
-81	-93.5305	0	-0.201159	-0.951593	-0.232389
-79	-96.9955	0	-0.337007	-0.906583	-0.254033
-75	-96.9955	0	-0.274697	-0.931886	-0.236919
-73	-93.5305	0	-0.216984	-0.89475	-0.390307
-69	-93.5305	0	-0.554835	-0.761511	-0.335051
-67	-96.9955	0	-0.438811	-0.763111	-0.474454
-63	-96.9955	0	-0.561467	-0.657401	-0.502572
-61	-93.5305	0	-0.705249	-0.688778	-0.167955
-57	-93.5305	0	-0.811797	-0.581972	-0.0478928
-55	-96.9955	0	-0.877783	-0.460197	-0.133096
-51	-96.9955	0	-0.956753	-0.288933	-0.0337911
-49	-93.5305	0	-0.860217	-0.464155	0.211155
-45	-93.5305	0	-0.847639	-0.519296	-0.108814
-43	-96.9955	0	-0.934681	-0.341426	0.0989953
-39	-96.9955	0	-0.951507	-0.296231	-0.0829572
-37	-93.5305	0	-0.933761	-0.282053	-0.22031
-33	-93.5305	0	-0.746726	-0.43031	-0.507182
-31	-96.9955	0	-0.909489	-0.212195	-0.357494
-27	-96.9955	0	-0.83574	-0.476999	-0.272049
-25	-93.5305	0	-0.458551	-0.630716	-0.626041
-21	-93.5305	0	-0.39301	-0.487263	-0.779819
-19	-96.9955	0	-0.589836	-0.37836	-0.713399
-15	-96.9955	0	-0.633919	0.184702	-0.75102
-13	-93.5305	0	-0.504025	0.236241	-0.830752
-9	-93.5305	0	-0.56759	-0.116057	-0.81509
-7	-96.9955	0	-0.569011	-0.133491	-0.811422
-3	-96.9955	0	-0.630779	0.1177	-0.766984
-249	-86.6025	0	-0.978934	-0.203042	-0.0215
-247	-90.0665	0	-0.763519	-0.618395	0.18608
-243	-90.0665	0	-0.872309	-0.348915	0.342542
-241	-86.6025	0	-0.80817	-0.439992	0.391495
-237	-86.6025	0	-0.805366	-0.564378	0.181282
-235	-90.0665	0	-0.922248	-0.255342	0.290273
-231	-90.0665	0	-0.858351	-0.465389	-0.215978
-229	-86.6025	0	-0.955824	-0.293103	-0.0221548
-225	-86.6025	0	-0.902823	-0.228294	-0.364407
-223	-90.0665	0	-0.806955	-0.457095	-0.374017
-219	-90.0665	0	-0.632927	-0.326115	-0.702177
-217	-86.6025	0	-0.695734	-0.416674	-0.585096
-213	-86.6025	0	-0.720299	-0.397154	-0.568715
-211	-90.0665	0	-0.524131	-0.647515	-0.553183
-207	-90.0665	0	-0.304691	-0.437412	-0.84607
-205	-86.6025	0	-0.215429	-0.53568	-0.816478
-201	-86.6025	0	-0.468053	-0.387374	-0.794272
-199	-90.0665	0	-0.352309	-0.682651	-0.640208
-195	-90.0665	0	-0.686554	-0.594496	-0.418591
-193	-86.6025	0	-0.790096	-0.578738	-0.202016
-189	-86.6025	0	-0.842303	-0.390195	-0.371853
-187	-90.0665	0	-0.651477	-0.664197	-0.366633
-183	-90.0665	0	-0.973243	-0.184012	-0.137616
-181	-86.6025	0	-0.872087	-0.342766	-0.349249
-177	-86.6025	0	-0.990303	-0.028691	-0.135931
-175	-90.0665	0	-0.859439	0.332103	-0.388681
-171	-90.0665	0	-0.921722	0.336387	-0.19306
-169	-86.6025	0	-0.918789	0.181414	-0.350593
-165	-86.6025	0	-0.951993	0.0792075	-0.295695
-163	-90.0665	0	-0.960165	-0.149792	-0.235893
-159	-90.0665	0	-0.987258	-0.137979	-0.0792687
-157	-86.6025	0	-0.916599	-0.195937	0.348504
-153	-86.6025	0	-0.8772	-0.443948	0.182841
-151	-90.0665	0	-0.863225	-0.429448	0.265362
-147	-90.0665	0	-0.870132	-0.446679	0.208202
-145	-86.6025	0	-0.813792	-0.48417	-0.321437
-141	-86.6025	0	-0.520646	-0.786229	-0.332823
-139	-90.0665	0	-0.678417	-0.639064	0.362419
-135	-90.0665	0	-0.481632	-0.708202	0.516218
-133	-86.6025	0	-0.65385	-0.681033	0.329657
-129	-86.6025	0	-0.543459	-0.540052	0.642648
-127	-90.0665	0	-0.545564	-0.545404	0.636312
-123	-90.0665	0	-0.652115	-0.354299	0.670237
-121	-86.6025	0	-0.713572	-0.260567	0.650323
-117	-86.6025	0	-0.561716	-0.572129	0.597615
-115	-90.0665	0	-0.90835	-0.305001	0.286138
-111	-90.0665	0	-0.776233	-0.611201	-0.154581
-109	-86.6025	0	-0.767416	-0.641028	-0.0124725
-105	-86.6025	0	-0.714535	-0.670728	-0.198906
-103	-90.0665	0	-0.8457	-0.415963	-0.334316
-99	-90.0665	0	-0.772181	-0.401298	-0.492641
-97	-86.6025	0	-0.639442	-0.575785	-0.509495
-93	-86.6025	0	-0.705388	-0.176425	-0.686515
-91	-90.0665	0	-0.392881	-0.407533	-0.824355
-87	-90.0665	0	-0.280608	-0.466591	-0.83878
-85	-86.6025	0	-0.415932	-0.422879	-0.805092
-81	-86.6025	0	-0.126137	-0.716817	-0.685757
-79	-90.0665	0	-0.136434	-0.815672	-0.562196
-75	-90.0665	0	-0.364635	-0.689652	-0.625637
-73	-86.6025	0	-0.452091	-0.689464	-0.56591
-69	-86.6025	0	-0.494073	-0.770428	-0.402905
-67	-90.0665	0	-0.479189	-0.814906	-0.326045
-63	-90.0665	0	-0.685257	-0.595621	-0.419116
-61	-86.6025	0	-0.44629	-0.462076	-0.766362
-57	-86.6025	0	-0.819448	-0.460828	-0.340796
-55	-90.0665	0	-0.748411	-0.662545	0.0302429
-51	-90.0665	0	-0.840875	-0.513764	-0.170223
-49	-86.6025	0	-0.70308	-0.551835	-0.448505
-45	-86.6025	0	-0.688365	-0.35638	-0.631781
-43	-90.0665	0	-0.776428	-0.474297	-0.414971
-39	-90.0665	0	-0.68513	-0.345671	-0.641178
-37	-86.6025	0	-0.460215	-0.500243	-0.733457
-33	-86.6025	0	-0.71749	-0.358913	-0.596983
-31	-90.0665	0	-0.500017	-0.481705	-0.719683
-27	-90.0665	0	-0.455217	-0.338771	-0.823415
-25	-86.6025	0	-0.585068	-0.171558	-0.79263
-21	-86.6025	0	-0.413531	-0.0523233	-0.908985
-19	-90.0665	0	-0.480417	-0.249812	-0.84071
-15	-90.0665	0	-0.546105	0.157117	-0.822851
-13	-86.6025	0	-0.339599	-0.261804	-0.9034
-9	-86.6025	0	-0.45203	-0.212617	-0.866293
-7	-90.0665	0	-0.319223	-0.123181	-0.93964
-3	-90.0665	0	-0.181303	-0.162632	-0.969887
-249	-79.6745	0	-0.85884	-0.508535	0.061529
-247	-83.1385	0	-0.860138	-0.432727	0.270019
-243	-83.1385	0	-0.920157	-0.334085	0.204201
-241	-79.6745	0	-0.96955	-0.214413	0.118323
-237	-79.6745	0	-0.931678	-0.347752	-0.105088
-235	-83.1385	0	-0.891658	-0.450031	-0.0491786
-231	-83.1385	0	-0.755376	-0.644986	-0.115757
-229	-79.6745	0	-0.691192	-0.716699	0.0927125
-225	-79.6745	0	-0.663643	-0.541088	-0.516529
-223	-83.1385	0	-0.691417	-0.621275	-0.368728
-219	-83.1385	0	-0.67184	-0.586232	-0.452729
-217	-79.6745	0	-0.738038	-0.652036	-0.173637
-213	-79.6745	0	-0.79026	-0.410608	-0.454852
-211	-83.1385	0	-0.735753	-0.522673	-0.430675
-207	-83.1385	0	-0.28709	-0.858813	-0.424288
-205	-79.6745	0	-0.542343	-0.731648	-0.412982
-201	-79.6745	0	-0.910059	-0.297461	-0.288635
-199	-83.1385	0	-0.695425	-0.379808	-0.610024
-195	-83.1385	0	-0.914232	-0.283984	-0.289021
-193	-79.6745	0	-0.896683	-0.442574	-0.0094018
-189	-79.6745	0	-0.916186	-0.309023	-0.255164
-187	-83.1385	0	-0.984723	-0.172648	-0.0226743
-183	-83.1385	0	-0.996218	-0.0790023	-0.0361666
-181	-79.6745	0	-0.912208	0.278334	-0.300677
-177	-79.6745	0	-0.834203	0.418208	-0.359455
-175	-83.1385	0	-0.897279	0.221039	-0.38214
-171	-83.1385	0	-0.903091	-0.0381622	-0.42775
-169	-79.6745	0	-0.831977	0.0580459	-0.551765
-165	-79.6745	0	-0.790232	-0.0703033	-0.608762
-163	-83.1385	0	-0.937746	0.0576232	-0.34251
-159	-83.1385	0	-0.957927	-0.281233	0.0573059
-157	-79.6745	0	-0.838423	-0.327393	-0.43573
-153	-79.6745	0	-0.628545	-0.538568	-0.561138
-151	-83.1385	0	-0.82553	-0.488246	-0.283046
-147	-83.1385	0	-0.917849	-0.381407	0.109914
-145	-79.6745	0	-0.531208	-0.732947	-0.424978
-141	-79.6745	0	-0.349433	-0.775011	-0.52655
-139	-83.1385	0	-0.366762	-0.877041	-0.310298
-135	-83.1385	0	-0.628175	-0.775077	-0.0681982
-133	-79.6745	0	-0.414773	-0.909533	-0.0266941
-129	-79.6745	0	-0.438699	-0.819391	0.368974
-127	-83.1385	0	-0.320843	-0.614995	0.720306
-123	-83.1385	0	-0.427184	-0.576971	0.696146
-121	-79.6745	0	-0.322258	-0.730382	0.602239
-117	-79.6745	0	-0.396853	-0.707166	0.58517
-115	-83.1385	0	-0.576581	-0.741535	0.343045
-111	-83.1385	0	-0.70016	-0.54253	0.464152
-109	-79.6745	0	-0.295072	-0.727777	0.61909
-105	-79.6745	0	-0.050581	-0.914407	0.401623
-103	-83.1385	0	-0.736976	-0.667282	-0.10771
-99	-83.1385	0	-0.517703	-0.710705	-0.476321
-97	-79.6745	0	-0.355448	-0.894513	-0.271116
-93	-79.6745	0	-0.208966	-0.476157	-0.854171
-91	-83.1385	0	-0.469475	-0.478545	-0.742016
-87	-83.1385	0	-0.132537	-0.43092	-0.892604
-85	-79.6745	0	0.209936	-0.536083	-0.817644
-81	-79.6745	0	0.360241	-0.560273	-0.745869
-79	-83.1385	0	0.0865542	-0.895045	-0.437496
-75	-83.1385	0	0.0218611	-0.685354	-0.727882
-73	-79.6745	0	-0.154824	-0.752773	-0.639814
-69	-79.6745	0	-0.467499	-0.249192	-0.848144
-67	-83.1385	0	-0.498838	-0.559157	-0.662197
-63	-83.1385	0	-0.275823	-0.70487	-0.653514
-61	-79.6745	0	-0.25983	-0.818802	-0.51191
-57	-79.6745	0	-0.294492	-0.447331	-0.844494
-55	-83.1385	0	-0.545659	-0.356463	-0.758413
-51	-83.1385	0	-0.516577	-0.607303	-0.603599
-49	-79.6745	0	-0.41552	-0.592858	-0.689828
-45	-79.6745	0	-0.209593	-0.494278	-0.843658
-43	-83.1385	0	-0.61389	-0.245906	-0.750113
-39	-83.1385	0	-0.384055	-0.393245	-0.83538
-37	-79.6745	0	-0.247536	-0.418011	-0.874067
-33	-79.6745	0	-0.411126	-0.306931	-0.858353
-31	-83.1385	0	-0.339393	-0.633501	-0.695334
-27	-83.1385	0	-0.446327	-0.496706	-0.744363
-25	-79.6745	0	-0.601012	-0.193684	-0.775417
-21	-79.6745	0	-0.610966	-0.121522	-0.782274
-19	-83.1385	0	-0.415925	-0.0456478	-0.908253
-15	-83.1385	0	-0.443677	0.0598387	-0.894187
-13	-79.6745	0	-0.690303	0.0762261	-0.719494
-9	-79.6745	0	-0.290619	-0.00441918	-0.956829
-7	-83.1385	0	-0.28775	0.019136	-0.957515
-3	-83.1385	0	-0.488706	-0.000589211	-0.872448
-249	-72.7465	0	-0.422534	-0.679366	0.599939
-247	-76.2105	0	-0.88764	-0.440845	0.133234
-243	-76.2105	0	-0.875622	-0.478101	-0.0686028
-241	-72.7465	0	-0.810004	-0.5812	0.0781014
-237	-72.7465	0	-0.98189	-0.17389	-0.0752001
-235	-76.2105	0	-0.944648	-0.325955	-0.0373352
-231	-76.2105	0	-0.768211	-0.63772	0.0562555
-229	-72.7465	0	-0.721896	-0.691244	-0.0323686
-225	-72.7465	0	-0.616747	-0.786712	-0.0266108
-223	-76.2105	0	-0.693378	-0.701693	-0.163871
-219	-76.2105	0	-0.863353	-0.498188	0.0801875
-217	-72.7465	0	-0.686012	-0.727225	0.0230283
-213	-72.7465	0	-0.558711	-0.829222	0.0152337
-211	-76.2105	0	-0.8579	-0.501341	-0.112539
-207	-76.2105	0	-0.813769	-0.465604	-0.347839
-205	-72.7465	0	-0.801036	-0.595589	0.0601211
-201	-72.7465	0	-0.711022	-0.671195	0.20963
-199	-76.2105	0	-0.80396	-0.584444	-0.109875
-195	-76.2105	0	-0.901266	-0.350312	-0.254954
-193	-72.7465	0	-0.826209	-0.562938	0.0218931
-189	-72.7465	0	-0.882416	-0.450469	0.13572
-187	-76.2105	0	-0.964247	-0.258615	0.0578419
-183	-76.2105	0	-0.904775	0.392275	-0.165836
-181	-72.7465	0	-0.971696	0.0513692	-0.230582
-177	-72.7465	0	-0.938161	0.242491	0.247088
-175	-76.2105	0	-0.976042	0.192754	-0.100936
-171	-76.2105	0	-0.990913	0.0425285	-0.127604
-169	-72.7465	0	-0.927938	0.307524	-0.21062
-165	-72.7465	0	-0.867861	0.15751	-0.471177
-163	-76.2105	0	-0.856676	-0.160323	-0.490309
-159	-76.2105	0	-0.643891	-0.399865	-0.652313
-157	-72.7465	0	-0.366423	-0.565185	-0.739122
-153	-72.7465	0	-0.642598	-0.504593	-0.576589
-151	-76.2105	0	-0.681002	-0.306308	-0.66514
-147	-76.2105	0	-0.467078	-0.536982	-0.702487
-145	-72.7465	0	-0.238371	-0.335358	-0.911435
-141	-72.7465	0	-0.569922	-0.487254	-0.661644
-139	-76.2105	0	-0.518187	-0.698524	-0.493504
-135	-76.2105	0	-0.495691	-0.763746	-0.413501
-133	-72.7465	0	-0.473629	-0.879838	-0.0394996
-129	-72.7465	0	-0.460297	-0.679752	0.571021
-127	-76.2105	0	-0.592995	-0.547144	0.590754
-123	-76.2105	0	-0.469746	-0.422916	0.774907
-121	-72.7465	0	-0.581102	-0.119714	0.804977
-117	-72.7465	0	-0.337424	-0.448533	0.827625
-115	-76.2105	0	-0.27293	-0.577854	0.769152
-111	-76.2105	0	-0.0974275	-0.538981	0.836665
-109	-72.7465	0	-0.0379274	-0.33932	0.939906
-105	-72.7465	0	0.069231	-0.38075	0.922082
-103	-76.2105	0	-0.407556	-0.496733	0.76626
-99	-76.2105	0	-0.132974	-0.903739	0.406908
-97	-72.7465	0	0.0151658	-0.967219	-0.25349
-93	-72.7465	0	0.175359	-0.616585	-0.76751
-91	-76.2105	0	-0.0296482	-0.544209	-0.838426
-87	-76.2105	0	0.275012	-0.527393	-0.803881
-85	-72.7465	0	0.422033	-0.574584	-0.701243
-81	-72.7465	0	0.21789	-0.471581	-0.85448
-79	-76.2105	0	0.217198	-0.525025	-0.822905
-75	-76.2105	0	-0.0700466	-0.566836	-0.820848
-73	-72.7465	0	0.200782	-0.345327	-0.916753
-69	-72.7465	0	0.130033	-0.458902	-0.87892
-67	-76.2105	0	-0.305645	-0.32018	-0.896697
-63	-76.2105	0	-0.538758	-0.237645	-0.808248
-61	-72.7465	0	-0.0607164	-0.295496	-0.953413
-57	-72.7465	0	0.0431641	-0.58068	-0.812986
-55	-76.2105	0	-0.0968358	-0.25749	-0.961417
-51	-76.2105	0	-0.120173	0.0306092	-0.992281
-49	-72.7465	0	-0.234322	-0.249829	-0.93951
-45	-72.7465	0	-0.276916	-0.231909	-0.932489
-43	-76.2105	0	-0.300552	-0.435855	-0.848351
-39	-76.2105	0	-0.582077	-0.117081	-0.80466
-37	-72.7465	0	-0.239804	-0.0132197	-0.970731
-33	-72.7465	0	-0.426777	0.103045	-0.898467
-31	-76.2105	0	-0.357526	0.149886	-0.921797
-27	-76.2105	0	-0.431142	0.210599	-0.877362
-25	-72.7465	0	-0.375462	0.220443	-0.90024
-21	-72.7465	0	-0.524281	0.30762	-0.79404
-19	-76.2105	0	-0.777164	0.317437	-0.543369
-15	-76.2105	0	-0.546967	0.0878942	-0.832527
-13	-72.7465	0	-0.78148	0.109864	-0.614182
-9	-72.7465	0	-0.43665	0.154416	-0.88628
-7	-76.2105	0	-0.538575	0.243608	-0.806593
-3	-76.2105	0	-0.664573	-0.0964072	-0.740978
-249	-65.8185	0	-0.478518	-0.629318	0.612356
-247	-69.2825	0	-0.794932	-0.528732	0.297532
-243	-69.2825	0	-0.515064	-0.722172	0.461711
-241	-65.8185	0	-0.238823	-0.890805	0.386561
-237	-65.8185	0	-0.452407	-0.775577	0.440236
-235	-69.2825	0	-0.759818	-0.622188	0.18857
-231	-69.2825	0	-0.825025	-0.546328	-0.144428
-229	-65.8185	0	-0.350853	-0.871508	0.342602
-225	-65.8185	0	-0.355549	-0.924684	0.136179
-223	-69.2825	0	-0.449362	-0.891597	0.055934
-219	-69.2825	0	-0.488635	-0.865484	0.110328
-217	-65.8185	0	-0.349426	-0.936605	0.0259494
-213	-65.8185	0	-0.14864	-0.964641	0.217655
-211	-69.2825	0	-0.105688	-0.936213	-0.335164
-207	-69.2825	0	-0.617578	-0.765527	0.180457
-205	-65.8185	0	-0.529875	-0.842542	0.0967183
-201	-65.8185	0	-0.551134	-0.825665	-0.120535
-199	-69.2825	0	-0.686512	-0.6455	0.334711
-195	-69.2825	0	-0.643827	-0.646979	0.40854
-193	-65.8185	0	-0.820576	-0.560655	0.111001
-189	-65.8185	0	-0.997318	-0.0626595	-0.0378103
-187	-69.2825	0	-0.945252	-0.312149	0.0951963
-183	-69.2825	0	-0.980559	-0.189946	-0.049243
-181	-65.8185	0	-0.954741	0.114027	-0.274712
-177	-65.8185	0	-0.902887	0.374529	-0.211006
-175	-69.2825	0	-0.767159	0.604099	0.215713
-171	-69.2825	0	-0.891788	0.272409	-0.361258
-169	-65.8185	0	-0.856489	-0.0813494	-0.509715
-165	-65.8185	0	-0.419974	-0.322856	-0.848166
-163	-69.2825	0	-0.720587	-0.568474	-0.396979
-159	-69.2825	0	-0.458824	-0.521596	-0.719318
-157	-65.8185	0	-0.285268	-0.76778	-0.573704
-153	-65.8185	0	-0.243479	-0.784651	-0.570123
-151	-69.2825	0	-0.363329	-0.78113	-0.507767
-147	-69.2825	0	-0.213711	-0.468062	-0.857464
-145	-65.8185	0	-0.233004	-0.561908	-0.793706
-141	-65.8185	0	-0.0403718	-0.728848	-0.683485
-139	-69.2825	0	0.202865	-0.806896	-0.554766
-135	-69.2825	0	-0.0213421	-0.896427	-0.442678
-133	-65.8185	0	-0.16785	-0.935156	-0.311946
-129	-65.8185	0	-0.5778	-0.685893	0.442377
-127	-69.2825	0	-0.559961	-0.0133741	0.828411
-123	-69.2825	0	-0.509018	-0.246414	0.824731
-121	-65.8185	0	-0.537659	-0.381825	0.751753
-117	-65.8185	0	-0.62661	-0.227734	0.745317
-115	-69.2825	0	-0.199887	-0.514954	0.833587
-111	-69.2825	0	-0.132349	-0.243428	0.960847
-109	-65.8185	0	0.0860242	-0.255947	0.962856
-105	-65.8185	0	0.231922	-0.176714	0.956548
-103	-69.2825	0	0.166869	-0.536096	0.8275
-99	-69.2825	0	0.0342367	-0.901175	0.432102
-97	-65.8185	0	0.322593	-0.872227	0.367632
-93	-65.8185	0	0.363232	-0.888442	-0.280594
-91	-69.2825	0	0.60799	-0.559953	-0.562851
-87	-69.2825	0	0.493218	-0.253569	-0.832129
-85	-65.8185	0	0.658373	-0.0685269	-0.749566
-81	-65.8185	0	0.259628	-0.0604278	-0.963816
-79	-69.2825	0	0.491346	-0.163916	-0.855401
-75	-69.2825	0	0.139017	-0.0979979	-0.985429
-73	-65.8185	0	0.281307	-0.329686	-0.901207
-69	-65.8185	0	0.268042	-0.251474	-0.930008
-67	-69.2825	0	0.0783584	-0.469257	-0.879578
-63	-69.2825	0	0.0283699	-0.184183	-0.982483
-61	-65.8185	0	0.113816	-0.220248	-0.968781
-57	-65.8185	0	0.192975	0.0789822	-0.97802
-55	-69.2825	0	0.282874	-0.254169	-0.924868
-51	-69.2825	0	0.217514	-0.034654	-0.975442
-49	-65.8185	0	0.107284	0.0479122	-0.993073
-45	-65.8185	0	0.264343	-0.145408	-0.953404
-43	-69.2825	0	-0.028395	-0.0191385	-0.999414
-39	-69.2825	0	0.0185773	0.0438166	-0.998867
-37	-65.8185	0	-0.061914	0.0240651	-0.997791
-33	-65.8185	0	-0.115277	0.144314	-0.982794
-31	-69.2825	0	-0.0918012	0.320758	-0.942702
-27	-69.2825	0	-0.466683	0.473499	-0.746998
-25	-65.8185	0	-0.392304	0.568674	-0.722985
-21	-65.8185	0	-0.483301	0.336793	-0.808079
-19	-69.2825	0	-0.785072	0.222338	-0.578124
-15	-69.2825	0	-0.452446	0.573543	-0.682892
-13	-65.8185	0	-0.172078	0.627892	-0.759039
-9	-65.8185	0	-0.154603	0.284521	-0.946121
-7	-69.2825	0	-0.409436	0.369679	-0.834086
-3	-69.2825	0	-0.372835	0.609566	-0.699588
-249	-58.8895	0	0.0621006	-0.686567	0.72441
-247	-62.3545	0	0.0397026	-0.643159	0.764703
-243	-62.3545	0	0.239322	-0.55539	0.796409
-241	-58.8895	0	0.396792	-0.612454	0.683708
-237	-58.8895	0	0.300222	-0.800654	0.518479
-235	-62.3545	0	-0.0810654	-0.853269	0.515131
-231	-62.3545	0	0.0995262	-0.90052	0.423271
-229	-58.8895	0	-0.000655905	-0.863326	0.504646
-225	-58.8895	0	-0.038333	-0.990245	0.133958
-223	-62.3545	0	-0.245546	-0.903031	0.35248
-219	-62.3545	0	-0.285512	-0.957839	0.0320612
-217	-58.8895	0	-0.128259	-0.952915	0.274776
-213	-58.8895	0	-0.249875	-0.966947	0.0507459
-211	-62.3545	0	-0.167867	-0.985809	0.00130289
-207	-62.3545	0	0.131188	-0.97115	0.199141
-205	-58.8895	0	-0.118962	-0.950586	0.286766
-201	-58.8895	0	-0.687706	-0.714358	0.129436
-199	-62.3545	0	-0.826866	-0.554034	0.0966398
-195	-62.3545	0	-0.840506	-0.538491	0.0598137
-193	-58.8895	0	-0.832535	-0.553302	0.0272489
-189	-58.8895	0	-0.890394	-0.413607	-0.190073
-187	-62.3545	0	-0.943026	-0.288138	-0.166368
-183	-62.3545	0	-0.86244	0.110943	-0.493851
-181	-58.8895	0	-0.833547	0.0366629	-0.551231
-177	-58.8895	0	-0.594992	-0.196177	-0.779422
-175	-62.3545	0	-0.688346	0.0811365	-0.72083
-171	-62.3545	0	-0.62827	-0.0485834	-0.776477
-169	-58.8895	0	-0.420344	-0.545521	-0.725064
-165	-58.8895	0	0.062352	-0.388555	-0.919313
-163	-62.3545	0	0.00504027	-0.478286	-0.87819
-159	-62.3545	0	0.0264226	-0.677814	-0.734759
-157	-58.8895	0	0.128995	-0.389675	-0.911874
-153	-58.8895	0	-0.00845469	-0.315046	-0.949039
-151	-62.3545	0	-0.60301	-0.678205	-0.420021
-147	-62.3545	0	-0.625428	-0.66734	-0.404347
-145	-58.8895	0	-0.284926	-0.340263	-0.896124
-141	-58.8895	0	0.263776	-0.778125	-0.570038
-139	-62.3545	0	0.152713	-0.926268	-0.344536
-135	-62.3545	0	-0.137217	-0.96388	-0.228269
-133	-58.8895	0	-0.237322	-0.90312	0.357845
-129	-58.8895	0	-0.435479	-0.658242	0.614065
-127	-62.3545	0	-0.198077	-0.769648	0.606966
-123	-62.3545	0	-0.237188	-0.280474	0.930095
-121	-58.8895	0	-0.118095	-0.206585	0.971276
-117	-58.8895	0	-0.115984	-0.0776026	0.990215
-115	-62.3545	0	-0.148744	0.0414682	0.988006
-111	-62.3545	0	0.0760224	0.254827	0.963994
-109	-58.8895	0	0.415511	0.0600969	0.907601
-105	-58.8895	0	0.488613	0.0600267	0.870433
-103	-62.3545	0	0.507602	-0.175988	0.843427
-99	-62.3545	0	0.598295	-0.618956	0.508858
-97	-58.8895	0	0.353714	-0.801578	0.482036
-93	-58.8895	0	0.680446	-0.679646	-0.273996
-91	-62.3545	0	0.755237	-0.549985	-0.356558
-87	-62.3545	0	0.7454	-0.51586	-0.422217
-85	-58.8895	0	0.502419	-0.48627	-0.714924
-81	-58.8895	0	0.313986	-0.187211	-0.930787
-79	-62.3545	0	0.236886	-0.00687462	-0.971513
-75	-62.3545	0	0.600779	-0.00841891	-0.799371
-73	-58.8895	0	0.611148	0.137089	-0.779555
-69	-58.8895	0	0.417832	-0.0261708	-0.908147
-67	-62.3545	0	0.0562769	-0.217904	-0.974346
-63	-62.3545	0	0.416218	-0.257531	-0.872032
-61	-58.8895	0	0.539351	-0.216392	-0.813803
-57	-58.8895	0	0.361881	0.0805185	-0.928741
-55	-62.3545	0	0.146144	-0.41453	-0.898224
-51	-62.3545	0	-0.0385713	-0.269844	-0.962131
-49	-58.8895	0	-0.126843	-0.0556037	-0.990363
-45	-58.8895	0	0.109198	0.0111817	-0.993957
-43	-62.3545	0	0.149382	-0.235464	-0.960334
-39	-62.3545	0	0.15759	-0.184593	-0.970098
-37	-58.8895	0	0.388471	0.0647544	-0.919183
-33	-58.8895	0	0.208807	0.313727	-0.926269
-31	-62.3545	0	0.281628	0.488739	-0.825724
-27	-62.3545	0	-0.0888722	0.506277	-0.857779
-25	-58.8895	0	-0.0776079	0.210143	-0.974585
-21	-58.8895	0	-0.280361	0.444604	-0.85072
-19	-62.3545	0	-0.33032	0.725698	-0.603533
-15	-62.3545	0	-0.0540177	0.517485	-0.853985
-13	-58.8895	0	-0.0490693	0.694937	-0.717395
-9	-58.8895	0	-0.238067	0.794301	-0.558936
-7	-62.3545	0	-0.359105	0.662998	-0.65687
-3	-62.3545	0	-0.452574	0.502743	-0.736496
-249	-51.9615	0	0.333079	-0.630843	0.700783
-247	-55.4255	0	0.0454602	-0.831858	0.553123
-243	-55.4255	0	0.125984	-0.878978	0.459919
-241	-51.9615	0	0.069923	-0.882486	0.465112
-237	-51.9615	0	0.0514117	-0.894985	0.443124
-235	-55.4255	0	0.21769	-0.606808	0.764457
-231	-55.4255	0	0.0198485	-0.957892	0.286443
-229	-51.9615	0	0.0489086	-0.965156	0.257065
-225	-51.9615	0	0.0978332	-0.979365	0.176841
-223	-55.4255	0	0.0395572	-0.992375	0.116734
-219	-55.4255	0	0.0881898	-0.996057	0.00961339
-217	-51.9615	0	-0.0489954	-0.960823	-0.272799
-213	-51.9615	0	0.00596733	-0.946807	-0.321747
-211	-55.4255	0	-0.131439	-0.991148	-0.018677
-207	-55.4255	0	-0.301414	-0.953359	-0.0159903
-205	-51.9615	0	-0.381702	-0.910552	0.158743
-201	-51.9615	0	-0.542745	-0.835011	-0.0904675
-199	-55.4255	0	-0.655449	-0.692533	0.301306
-195	-55.4255	0	-0.783386	-0.544531	0.299654
-193	-51.9615	0	-0.969305	-0.199433	-0.143785
-189	-51.9615	0	-0.802253	-0.402281	-0.441089
-187	-55.4255	0	-0.717719	-0.383253	-0.581375
-183	-55.4255	0	-0.80378	0.0261177	-0.594353
-181	-51.9615	0	-0.843811	-0.000780278	-0.536639
-177	-51.9615	0	-0.700025	-0.255349	-0.666905
-175	-55.4255	0	-0.52832	-0.353861	-0.77179
-171	-55.4255	0	-0.460744	-0.609838	-0.644835
-169	-51.9615	0	-0.561002	-0.597273	-0.573186
-165	-51.9615	0	-0.257905	-0.475047	-0.841317
-163	-55.4255	0	0.130313	-0.106603	-0.985725
-159	-55.4255	0	-0.0342812	-0.331011	-0.943004
-157	-51.9615	0	0.0422174	-0.195013	-0.979892
-153	-51.9615	0	-0.0585189	0.0423443	-0.997388
-151	-55.4255	0	-0.190791	-0.392684	-0.899665
-147	-55.4255	0	-0.460284	-0.185431	-0.86819
-145	-51.9615	0	-0.479447	0.0673337	-0.874984
-141	-51.9615	0	-0.595145	-0.353471	-0.721707
-139	-55.4255	0	-0.25406	-0.784699	-0.565421
-135	-55.4255	0	-0.533281	-0.807552	0.251935
-133	-51.9615	0	-0.482462	-0.48002	0.732674
-129	-51.9615	0	-0.64655	-0.30041	0.701232
-127	-55.4255	0	-0.59909	-0.140038	0.788341
-123	-55.4255	0	-0.474424	0.0944149	0.875219
-121	-51.9615	0	-0.0588711	0.145904	0.987546
-117	-51.9615	0	0.278664	0.124496	0.952285
-115	-55.4255	0	0.356366	0.112574	0.92754
-111	-55.4255	0	0.478383	-0.0223772	0.877866
-109	-51.9615	0	0.532578	-0.131788	0.836058
-105	-51.9615	0	0.77678	-0.134968	0.615139
-103	-55.4255	0	0.60532	-0.479961	0.635
-99	-55.4255	0	0.527257	-0.713104	0.462042
-97	-51.9615	0	0.587956	-0.680773	0.43687
-93	-51.9615	0	0.5767	-0.814777	-0.0596292
-91	-55.4255	0	0.73652	-0.617516	-0.276066
-87	-55.4255	0	0.601387	-0.625389	-0.497215
-85	-51.9615	0	0.598516	-0.583018	-0.549425
-81	-51.9615	0	0.77133	-0.383468	-0.507938
-79	-55.4255	0	0.536535	-0.201221	-0.819536
-75	-55.4255	0	0.588796	-0.183139	-0.787261
-73	-51.9615	0	0.737541	-0.328086	-0.590249
-69	-51.9615	0	0.764843	-0.338268	-0.548261
-67	-55.4255	0	0.611721	-0.313831	-0.726159
-63	-55.4255	0	0.478809	-0.469572	-0.741784
-61	-51.9615	0	0.344627	-0.449259	-0.824256
-57	-51.9615	0	0.309273	-0.236792	-0.921021
-55	-55.4255	0	0.0817147	-0.201287	-0.976118
-51	-55.4255	0	0.214237	-0.361363	-0.907479
-49	-51.9615	0	0.465307	-0.404617	-0.787257
-45	-51.9615	0	0.239503	-0.454109	-0.858151
-43	-55.4255	0	0.148051	-0.028621	-0.988566
-39	-55.4255	0	0.00885253	-0.255526	-0.966762
-37	-51.9615	0	0.119429	-0.0533269	-0.99141
-33	-51.9615	0	0.147907	0.0206102	-0.988786
-31	-55.4255	0	0.032952	0.0881671	-0.995561
-27	-55.4255	0	0.00796231	0.233441	-0.972338
-25	-51.9615	0	-0.0712459	0.301103	-0.950927
-21	-51.9615	0	-0.0859366	0.083432	-0.992801
-19	-55.4255	0	-0.281069	0.476255	-0.833176
-15	-55.4255	0	-0.218025	0.511097	-0.831411
-13	-51.9615	0	-0.130405	0.585842	-0.799865
-9	-51.9615	0	-0.11701	0.644138	-0.755907
-7	-55.4255	0	-0.250082	0.502161	-0.827824
-3	-55.4255	0	-0.0449804	0.85138	-0.522618
-249	-45.0335	0	0.056395	-0.968914	0.240886
-247	-48.4975	0	0.108517	-0.935748	0.335558
-243	-48.4975	0	0.0101733	-0.918967	0.394204
-241	-45.0335	0	-0.167671	-0.853858	0.49276
-237	-45.0335	0	-0.100666	-0.942721	0.318031
-235	-48.4975	0	-0.235879	-0.921695	0.307959
-231	-48.4975	0	0.289631	-0.956976	-0.0176345
-229	-45.0335	0	0.181951	-0.980934	0.0682748
-225	-45.0335	0	0.385634	-0.922627	-0.0068188
-223	-48.4975	0	0.318888	-0.93157	0.174606
-219	-48.4975	0	-0.0440846	-0.96144	-0.271457
-217	-45.0335	0	0.174843	-0.966262	-0.189124
-213	-45.0335	0	-0.15592	-0.947304	-0.279828
-211	-48.4975	0	-0.200653	-0.904003	-0.377514
-207	-48.4975	0	-0.474518	-0.776672	-0.414262
-205	-45.0335	0	-0.895633	-0.173261	-0.40966
-201	-45.0335	0	-0.869523	-0.0252433	-0.493247
-199	-48.4975	0	-0.84786	-0.471553	-0.242427
-195	-48.4975	0	-0.833512	-0.306891	-0.45943
-193	-45.0335	0	-0.876454	0.0182852	-0.481139
-189	-45.0335	0	-0.847709	-0.0258009	-0.529834
-187	-48.4975	0	-0.737044	-0.112884	-0.66635
-183	-48.4975	0	-0.823744	0.118267	-0.554489
-181	-45.0335	0	-0.885119	0.132936	-0.445973
-177	-45.0335	0	-0.424224	-0.251282	-0.869995
-175	-48.4975	0	-0.58764	-0.113188	-0.801167
-171	-48.4975	0	-0.629559	-0.207876	-0.748627
-169	-45.0335	0	-0.374545	-0.0705788	-0.924518
-165	-45.0335	0	-0.0899523	-0.0836556	-0.992426
-163	-48.4975	0	-0.188868	0.234393	-0.953619
-159	-48.4975	0	-0.13942	0.226788	-0.963914
-157	-45.0335	0	-0.364998	0.00743101	-0.930979
-153	-45.0335	0	-0.268597	0.336919	-0.902409
-151	-48.4975	0	-0.0555532	0.20796	-0.976558
-147	-48.4975	0	-0.325088	0.422748	-0.845933
-145	-45.0335	0	-0.465427	0.361466	-0.807911
-141	-45.0335	0	-0.961517	-0.0787654	-0.263212
-139	-48.4975	0	-0.970048	0.0364118	-0.24017
-135	-48.4975	0	-0.865857	-0.181226	0.466313
-133	-45.0335	0	-0.709572	-0.0601775	0.702059
-129	-45.0335	0	-0.123963	-0.352978	0.927383
-127	-48.4975	0	-0.363846	-0.381931	0.849556
-123	-48.4975	0	0.178019	-0.190816	0.965349
-121	-45.0335	0	-0.0129029	0.110325	0.993812
-117	-45.0335	0	0.177698	0.328764	0.927544
-115	-48.4975	0	0.393773	0.0711324	0.916451
-111	-48.4975	0	0.522353	-0.115443	0.844879
-109	-45.0335	0	0.581597	0.0171143	0.813297
-105	-45.0335	0	0.464469	-0.175119	0.868102
-103	-48.4975	0	0.714025	-0.0893996	0.694389
-99	-48.4975	0	0.591639	-0.705756	0.389708
-97	-45.0335	0	0.293298	-0.656748	0.694736
-93	-45.0335	0	0.409926	-0.761183	0.502554
-91	-48.4975	0	0.779212	-0.59298	-0.202986
-87	-48.4975	0	0.558876	-0.678598	-0.476616
-85	-45.0335	0	0.834793	-0.452187	-0.314082
-81	-45.0335	0	0.77496	-0.512286	-0.370134
-79	-48.4975	0	0.528694	-0.579301	-0.620398
-75	-48.4975	0	0.623346	-0.672064	-0.399712
-73	-45.0335	0	0.832159	-0.290994	-0.472053
-69	-45.0335	0	0.589077	-0.373375	-0.716644
-67	-48.4975	0	0.690335	-0.531995	-0.490325
-63	-48.4975	0	0.471086	-0.319264	-0.822283
-61	-45.0335	0	0.478147	-0.369395	-0.79682
-57	-45.0335	0	0.496088	-0.367249	-0.786781
-55	-48.4975	0	0.469276	-0.0210761	-0.8828
-51	-48.4975	0	0.420785	-0.243511	-0.873866
-49	-45.0335	0	0.285033	0.108332	-0.952376
-45	-45.0335	0	0.378575	-0.0807364	-0.922043
-43	-48.4975	0	0.264874	-0.26973	-0.92579
-39	-48.4975	0	0.325525	-0.0448205	-0.944471
-37	-45.0335	0	0.502165	-0.235472	-0.832096
-33	-45.0335	0	0.461069	0.00450182	-0.887353
-31	-48.4975	0	0.142748	-0.0106446	-0.989702
-27	-48.4975	0	0.0380059	0.147054	-0.988398
-25	-45.0335	0	-0.157945	-0.23765	-0.958423
-21	-45.0335	0	0.0765951	-0.162896	-0.983666
-19	-48.4975	0	-0.0983872	0.110394	-0.989006
-15	-48.4975	0	0.0696761	0.34459	-0.936164
-13	-45.0335	0	-0.0846465	0.372716	-0.924077
-9	-45.0335	0	-0.315622	0.507111	-0.802011
-7	-48.4975	0	0.0263744	0.347736	-0.937221
-3	-48.4975	0	0.211558	0.470608	-0.856605
-249	-38.1055	0	-0.350905	-0.882392	-0.313448
-247	-41.5695	0	0.103442	-0.994214	-0.0289577
-243	-41.5695	0	0.00191779	-0.998073	-0.0620247
-241	-38.1055	0	0.0740819	-0.965379	-0.250111
-237	-38.1055	0	-0.154815	-0.96206	-0.22466
-235	-41.5695	0	-0.0486877	-0.996593	-0.0665781
-231	-41.5695	0	-0.0742386	-0.993797	-0.0828063
-229	-38.1055	0	-0.0200683	-0.870246	-0.492208
-225	-38.1055	0	0.173569	-0.889977	-0.421681
-223	-41.5695	0	0.188532	-0.868893	-0.45769
-219	-41.5695	0	0.279211	-0.916019	-0.288011
-217	-38.1055	0	-0.0258318	-0.95027	-0.310353
-213	-38.1055	0	-0.556056	-0.831013	0.014821
-211	-41.5695	0	-0.278051	-0.606811	-0.744626
-207	-41.5695	0	-0.677167	-0.282424	-0.679471
-205	-38.1055	0	-0.665735	-0.319388	-0.674381
-201	-38.1055	0	-0.628812	-0.373553	-0.681948
-199	-41.5695	0	-0.778338	-0.0766437	-0.623149
-195	-41.5695	0	-0.915799	-0.0676223	-0.395903
-193	-38.1055	0	-0.993306	-0.0163227	-0.114353
-189	-38.1055	0	-0.872963	0.404791	-0.272176
-187	-41.5695	0	-0.81733	0.334283	-0.469284
-183	-41.5695	0	-0.818694	0.256687	-0.513665
-181	-38.1055	0	-0.585155	0.438478	-0.682151
-177	-38.1055	0	-0.505212	0.391265	-0.769203
-175	-41.5695	0	-0.412727	0.1386	-0.900248
-171	-41.5695	0	-0.480543	0.0566716	-0.875138
-169	-38.1055	0	-0.314969	0.214743	-0.924489
-165	-38.1055	0	-0.355033	-0.000212803	-0.934854
-163	-41.5695	0	-0.284393	-0.134211	-0.949267
-159	-41.5695	0	-0.356705	-0.145701	-0.922785
-157	-38.1055	0	-0.505707	0.0938181	-0.857589
-153	-38.1055	0	-0.533245	0.341568	-0.773938
-151	-41.5695	0	-0.205603	0.49609	-0.843577
-147	-41.5695	0	-0.608464	0.558867	-0.563417
-145	-38.1055	0	-0.456985	0.843162	-0.283272
-141	-38.1055	0	-0.767173	0.637819	0.0680633
-139	-41.5695	0	-0.974272	0.215062	0.0674026
-135	-41.5695	0	-0.764248	0.0634058	0.641798
-133	-38.1055	0	-0.151261	0.143599	0.978008
-129	-38.1055	0	0.163432	0.173276	0.971219
-127	-41.5695	0	-0.163303	-0.2119	0.963551
-123	-41.5695	0	-0.334643	-0.12439	0.934099
-121	-38.1055	0	-0.103747	-0.134605	0.985453
-117	-38.1055	0	0.202923	-0.0349269	0.978572
-115	-41.5695	0	0.207642	0.348552	0.914
-111	-41.5695	0	0.236284	0.291394	0.926962
-109	-38.1055	0	0.178899	-0.283914	0.942013
-105	-38.1055	0	0.317617	-0.260703	0.911676
-103	-41.5695	0	0.490262	-0.400546	0.774084
-99	-41.5695	0	0.532561	-0.20681	0.820736
-97	-38.1055	0	0.434316	-0.363863	0.823999
-93	-38.1055	0	0.502227	-0.712162	0.490504
-91	-41.5695	0	0.790522	-0.591437	0.158988
-87	-41.5695	0	0.770277	-0.636786	0.0343067
-85	-38.1055	0	0.596885	-0.756026	0.268614
-81	-38.1055	0	0.925686	-0.374708	0.0519557
-79	-41.5695	0	0.935631	-0.182181	-0.302333
-75	-41.5695	0	0.846691	-0.318625	-0.426136
-73	-38.1055	0	0.776449	-0.527125	-0.34535
-69	-38.1055	0	0.754026	-0.183028	-0.630829
-67	-41.5695	0	0.86399	-0.37401	-0.337102
-63	-41.5695	0	0.847337	-0.166598	-0.504247
-61	-38.1055	0	0.973025	-0.0210122	-0.229741
-57	-38.1055	0	0.909421	0.191226	-0.369303
-55	-41.5695	0	0.733406	-0.0910572	-0.673665
-51	-41.5695	0	0.423513	-0.020087	-0.905667
-49	-38.1055	0	0.749845	0.0024456	-0.661609
-45	-38.1055	0	0.826367	-0.448781	-0.340166
-43	-41.5695	0	0.759452	-0.152372	-0.632468
-39	-41.5695	0	0.466101	-0.518024	-0.717218
-37	-38.1055	0	0.599429	-0.652768	-0.463227
-33	-38.1055	0	0.263097	-0.549229	-0.793176
-31	-41.5695	0	0.192277	0.0748766	-0.97848
-27	-41.5695	0	-0.166568	0.120139	-0.978684
-25	-38.1055	0	0.197922	-0.0191956	-0.98003
-21	-38.1055	0	0.0992135	0.114742	-0.988428
-19	-41.5695	0	0.0462167	-0.139442	-0.989151
-15	-41.5695	0	-0.00187837	0.345172	-0.938538
-13	-38.1055	0	0.00268734	0.285507	-0.958373
-9	-38.1055	0	-0.192177	0.404617	-0.894066
-7	-41.5695	0	-0.243478	0.436681	-0.866042
-3	-41.5695	0	0.127413	0.58896	-0.798055
-249	-31.1775	0	-0.671325	-0.719168	0.179223
-247	-34.6415	0	-0.415127	-0.909073	-0.0354348
-243	-34.6415	0	-0.27248	-0.955814	-0.110336
-241	-31.1775	0	-0.650537	-0.729731	-0.210462
-237	-31.1775	0	-0.687624	-0.694644	-0.21129
-235	-34.6415	0	-0.472508	-0.754536	-0.455425
-231	-34.6415	0	-0.302354	-0.775736	-0.553909
-229	-31.1775	0	-0.666962	-0.572853	-0.476447
-225	-31.1775	0	-0.613051	-0.778749	-0.133111
-223	-34.6415	0	-0.243734	-0.928249	-0.280976
-219	-34.6415	0	-0.379717	-0.86919	-0.316741
-217	-31.1775	0	-0.523213	-0.696301	-0.491337
-213	-31.1775	0	-0.638383	-0.5541	-0.534267
-211	-34.6415	0	-0.49563	-0.76416	-0.412808
-207	-34.6415	0	-0.779981	-0.34776	-0.520281
-205	-31.1775	0	-0.702067	-0.648755	-0.293631
-201	-31.1775	0	-0.716287	-0.50066	-0.486079
-199	-34.6415	0	-0.708291	-0.13736	-0.692428
-195	-34.6415	0	-0.878302	-0.161501	-0.450003
-193	-31.1775	0	-0.761352	0.151807	-0.630315
-189	-31.1775	0	-0.854711	0.212056	-0.473817
-187	-34.6415	0	-0.871495	0.0268923	-0.489667
-183	-34.6415	0	-0.701477	0.0599664	-0.710165
-181	-31.1775	0	-0.880173	-0.0130402	-0.474475
-177	-31.1775	0	-0.72432	0.121263	-0.678716
-175	-34.6415	0	-0.78862	0.361264	-0.49756
-171	-34.6415	0	-0.621834	0.263408	-0.737522
-169	-31.1775	0	-0.549188	0.226746	-0.80435
-165	-31.1775	0	-0.437177	-0.0603801	-0.897346
-163	-34.6415	0	-0.225229	0.237024	-0.945035
-159	-34.6415	0	-0.35579	0.240189	-0.903174
-157	-31.1775	0	-0.191914	0.399617	-0.896368
-153	-31.1775	0	-0.407285	0.604641	-0.684491
-151	-34.6415	0	-0.372679	0.634464	-0.677174
-147	-34.6415	0	-0.143398	0.962561	-0.230027
-145	-31.1775	0	0.0543369	0.997763	0.0389462
-141	-31.1775	0	0.24886	0.834216	0.492091
-139	-34.6415	0	-0.100104	0.708036	0.699046
-135	-34.6415	0	0.248412	0.104796	0.962969
-133	-31.1775	0	-0.122136	-0.156421	0.98011
-129	-31.1775	0	0.0774651	-0.0922133	0.992721
-127	-34.6415	0	0.162574	0.0343142	0.986099
-123	-34.6415	0	0.118431	-0.177713	0.97693
-121	-31.1775	0	0.500473	-0.228481	0.835059
-117	-31.1775	0	0.748842	0.104553	0.65445
-115	-34.6415	0	0.3616	-0.257494	0.89607
-111	-34.6415	0	0.120314	-0.228254	0.966139
-109	-31.1775	0	0.276428	-0.0710175	0.958407
-105	-31.1775	0	0.0840554	-0.275604	0.957589
-103	-34.6415	0	0.361474	-0.184097	0.914027
-99	-34.6415	0	0.315467	-0.397774	0.861543
-97	-31.1775	0	0.614348	-0.127767	0.778622
-93	-31.1775	0	0.769356	-0.386333	0.508761
-91	-34.6415	0	0.826197	-0.533252	0.181771
-87	-34.6415	0	0.767334	-0.576748	0.280287
-85	-31.1775	0	0.938061	-0.174689	0.299208
-81	-31.1775	0	0.995368	0.0305459	-0.0911598
-79	-34.6415	0	0.998762	0.0441551	0.0228916
-75	-34.6415	0	0.915904	-0.38404	0.116763
-73	-31.1775	0	0.89903	-0.436954	-0.0285683
-69	-31.1775	0	0.971616	-0.20247	0.122349
-67	-34.6415	0	0.996474	-0.0600693	0.0585729
-63	-34.6415	0	0.983442	-0.10306	-0.149066
-61	-31.1775	0	0.990138	-0.0208162	-0.138542
-57	-31.1775	0	0.955195	0.291011	0.0539983
-55	-34.6415	0	0.786378	0.276537	-0.552392
-51	-34.6415	0	0.738546	-0.175615	-0.65093
-49	-31.1775	0	0.706706	-0.697629	-0.117814
-45	-31.1775	0	0.689224	-0.708954	-0.149513
-43	-34.6415	0	0.742956	-0.63181	-0.220978
-39	-34.6415	0	0.755441	-0.597641	-0.268577
-37	-31.1775	0	0.52378	-0.786352	-0.327573
-33	-31.1775	0	0.471473	-0.721333	-0.507338
-31	-34.6415	0	0.464947	-0.426563	-0.775802
-27	-34.6415	0	0.509695	-0.125929	-0.851089
-25	-31.1775	0	0.403695	-0.502532	-0.764521
-21	-31.1775	0	0.192506	-0.352082	-0.915958
-19	-34.6415	0	7.69602e-06	-0.143174	-0.989697
-15	-34.6415	0	-0.403837	0.17178	-0.898559
-13	-31.1775	0	-0.563369	0.167144	-0.809122
-9	-31.1775	0	-0.799534	0.421263	-0.428115
-7	-34.6415	0	-0.40542	0.430175	-0.806588
-3	-34.6415	0	-0.302305	0.620199	-0.723854
-249	-24.2485	0	-0.391104	-0.851168	0.350072
-247	-27.7125	0	-0.371938	-0.926156	0.0624269
-243	-27.7125	0	-0.581466	-0.812571	0.0403241
-241	-24.2485	0	-0.765505	-0.525787	0.370876
-237	-24.2485	0	-0.818471	-0.509055	0.266399
-235	-27.7125	0	-0.733437	-0.606527	0.306913
-231	-27.7125	0	-0.830088	-0.55409	-0.0627524
-229	-24.2485	0	-0.811744	-0.564195	0.150848
-225	-24.2485	0	-0.70885	-0.680586	0.185295
-223	-27.7125	0	-0.50114	-0.862546	0.0698059
-219	-27.7125	0	-0.621802	-0.495669	-0.606362
-217	-24.2485	0	-0.448554	-0.830919	-0.3292
-213	-24.2485	0	-0.626172	-0.680523	-0.380523
-211	-27.7125	0	-0.648988	-0.486425	-0.584983
-207	-27.7125	0	-0.643195	-0.412638	-0.645003
-205	-24.2485	0	-0.658703	-0.580731	-0.478395
-201	-24.2485	0	-0.790322	-0.357796	-0.497367
-199	-27.7125	0	-0.870429	-0.133741	-0.473779
-195	-27.7125	0	-0.624099	-0.482086	-0.614893
-193	-24.2485	0	-0.602804	-0.565162	-0.563222
-189	-24.2485	0	-0.746759	-0.497302	-0.441636
-187	-27.7125	0	-0.644463	-0.603091	-0.470052
-183	-27.7125	0	-0.916716	-0.17292	-0.36018
-181	-24.2485	0	-0.979089	0.0212317	-0.202321
-177	-24.2485	0	-0.815211	0.196253	-0.5449
-175	-27.7125	0	-0.595573	0.362738	-0.716739
-171	-27.7125	0	-0.628209	0.458449	-0.628632
-169	-24.2485	0	-0.685504	0.343246	-0.64208
-165	-24.2485	0	-0.644248	0.0117709	-0.764726
-163	-27.7125	0	-0.320527	-0.0867676	-0.943257
-159	-27.7125	0	0.0473918	-0.275256	-0.960202
-157	-24.2485	0	-0.0701323	-0.198199	-0.97765
-153	-24.2485	0	-0.356691	0.170122	-0.918602
-151	-27.7125	0	-0.329695	0.596785	-0.731538
-147	-27.7125	0	0.17427	0.949777	-0.259911
-145	-24.2485	0	0.405391	0.6397	-0.653025
-141	-24.2485	0	0.86233	0.164649	-0.478829
-139	-27.7125	0	0.539188	0.553065	0.635134
-135	-27.7125	0	0.53144	0.0674212	0.844409
-133	-24.2485	0	0.634573	-0.348343	0.689909
-129	-24.2485	0	0.215081	-0.635993	0.741116
-127	-27.7125	0	0.37887	-0.331866	0.8639
-123	-27.7125	0	0.455942	-0.216444	0.86329
-121	-24.2485	0	0.168218	-0.431445	0.886317
-117	-24.2485	0	0.610882	-0.315514	0.726136
-115	-27.7125	0	0.711236	0.0137747	0.702818
-111	-27.7125	0	0.554192	-0.0849316	0.828045
-109	-24.2485	0	0.618906	0.0651544	0.782758
-105	-24.2485	0	0.489241	-0.408674	0.770473
-103	-27.7125	0	0.606189	-0.22976	0.76141
-99	-27.7125	0	0.598301	-0.343285	0.724011
-97	-24.2485	0	0.867135	-0.335927	0.367737
-93	-24.2485	0	0.798236	-0.32499	0.50715
-91	-27.7125	0	0.562658	-0.432114	0.704765
-87	-27.7125	0	0.688353	-0.404787	0.601928
-85	-24.2485	0	0.80722	-0.306503	0.504432
-81	-24.2485	0	0.954844	-0.140864	0.261593
-79	-27.7125	0	0.964755	-0.151551	0.215126
-75	-27.7125	0	0.868913	-0.460679	0.181009
-73	-24.2485	0	0.932312	-0.305352	0.193791
-69	-24.2485	0	0.987116	-0.157375	0.0288964
-67	-27.7125	0	0.916269	-0.320503	-0.240267
-63	-27.7125	0	0.950193	-0.275919	-0.144921
-61	-24.2485	0	0.923675	-0.286757	0.254154
-57	-24.2485	0	0.798541	-0.361236	0.481498
-55	-27.7125	0	0.909639	-0.332084	0.249554
-51	-27.7125	0	0.605344	-0.752746	0.258712
-49	-24.2485	0	0.477436	-0.738886	0.475503
-45	-24.2485	0	0.648237	-0.486616	0.585657
-43	-27.7125	0	0.8439	-0.474072	0.251173
-39	-27.7125	0	0.787027	-0.606042	-0.11533
-37	-24.2485	0	0.665264	-0.488206	0.564871
-33	-24.2485	0	0.316134	-0.759865	0.568036
-31	-27.7125	0	0.604	-0.772112	-0.19755
-27	-27.7125	0	0.715349	-0.673522	-0.186129
-25	-24.2485	0	0.306366	-0.929396	0.205821
-21	-24.2485	0	-0.228311	-0.915571	-0.331065
-19	-27.7125	0	-0.167517	-0.750699	-0.639053
-15	-27.7125	0	-0.722012	-0.347462	-0.598305
-13	-24.2485	0	-0.714538	-0.337359	0.612882
-9	-24.2485	0	-0.666492	0.0506476	0.743789
-7	-27.7125	0	-0.838209	0.518694	-0.168412
-3	-27.7125	0	-0.70507	0.658934	-0.262074
-249	-17.3205	0	-0.65516	-0.335654	0.676832
-247	-20.7845	0	-0.52903	-0.553236	0.643473
-243	-20.7845	0	-0.708604	-0.240918	0.663204
-241	-17.3205	0	-0.757598	-0.216144	0.615895
-237	-17.3205	0	-0.662503	-0.505203	0.553046
-235	-20.7845	0	-0.681311	-0.698106	0.220142
-231	-20.7845	0	-0.884856	-0.304315	0.352734
-229	-17.3205	0	-0.95589	-0.122851	0.266799
-225	-17.3205	0	-0.935478	-0.166861	-0.31151
-223	-20.7845	0	-0.908633	-0.359018	-0.213288
-219	-20.7845	0	-0.685006	-0.484883	-0.543742
-217	-17.3205	0	-0.660383	-0.359337	-0.659372
-213	-17.3205	0	-0.392844	-0.765432	-0.509693
-211	-20.7845	0	-0.675902	-0.649692	-0.347931
-207	-20.7845	0	-0.656608	-0.555947	-0.509695
-205	-17.3205	0	-0.611087	-0.534653	-0.583711
-201	-17.3205	0	-0.718989	-0.287894	-0.632592
-199	-20.7845	0	-0.66834	-0.207929	-0.714204
-195	-20.7845	0	-0.636928	-0.38354	-0.668745
-193	-17.3205	0	-0.673032	-0.378736	-0.635284
-189	-17.3205	0	-0.731111	-0.347619	-0.587059
-187	-20.7845	0	-0.828404	-0.368308	-0.422013
-183	-20.7845	0	-0.604662	-0.30689	-0.734985
-181	-17.3205	0	-0.687689	-0.698179	-0.199071
-177	-17.3205	0	-0.926313	-0.342241	-0.157531
-175	-20.7845	0	-0.901665	0.26006	-0.345498
-171	-20.7845	0	-0.785051	0.414507	-0.460303
-169	-17.3205	0	-0.457138	0.23354	-0.858186
-165	-17.3205	0	-0.516728	0.212302	-0.82941
-163	-20.7845	0	-0.463217	0.28454	-0.839326
-159	-20.7845	0	-0.278855	-0.0543277	-0.958795
-157	-17.3205	0	-0.416009	-0.23389	-0.878767
-153	-17.3205	0	-0.440907	-0.133144	-0.887623
-151	-20.7845	0	-0.307775	0.368794	-0.877078
-147	-20.7845	0	-0.280083	0.0137905	-0.959877
-145	-17.3205	0	-0.0574316	-0.358512	-0.931757
-141	-17.3205	0	0.501889	-0.158603	-0.850266
-139	-20.7845	0	0.871211	-0.30468	-0.384917
-135	-20.7845	0	0.697124	-0.708216	0.11157
-133	-17.3205	0	0.471414	-0.871332	0.136195
-129	-17.3205	0	0.183979	-0.974343	0.12964
-127	-20.7845	0	0.196471	-0.771181	0.60554
-123	-20.7845	0	0.253884	-0.516861	0.817556
-121	-17.3205	0	0.457795	-0.813476	0.35872
-117	-17.3205	0	0.894579	-0.398849	0.201614
-115	-20.7845	0	0.909874	-0.181057	0.373292
-111	-20.7845	0	0.919102	-0.163202	0.358631
-109	-17.3205	0	0.936941	-0.34942	-0.0069032
-105	-17.3205	0	0.867417	-0.466908	0.172002
-103	-20.7845	0	0.740375	-0.533076	0.409482
-99	-20.7845	0	0.783271	-0.48743	0.385874
-97	-17.3205	0	0.960949	-0.179546	0.210572
-93	-17.3205	0	0.926983	-0.125033	0.35365
-91	-20.7845	0	0.804072	-0.0485124	0.592549
-87	-20.7845	0	0.77547	-0.335963	0.534579
-85	-17.3205	0	0.68602	-0.118271	0.717906
-81	-17.3205	0	0.549998	-0.349354	0.758587
-79	-20.7845	0	0.790561	-0.338292	0.510463
-75	-20.7845	0	0.881146	-0.0591969	0.469124
-73	-17.3205	0	0.56241	0.226583	0.795208
-69	-17.3205	0	0.613654	0.0385839	0.788632
-67	-20.7845	0	0.675426	-0.245174	0.695478
-63	-20.7845	0	0.761783	-0.202116	0.615496
-61	-17.3205	0	0.786008	-0.0589	0.615404
-57	-17.3205	0	0.475592	-0.229461	0.849211
-55	-20.7845	0	0.587122	-0.355219	0.727398
-51	-20.7845	0	0.347935	-0.788405	0.507305
-49	-17.3205	0	0.235814	-0.656834	0.716213
-45	-17.3205	0	0.425316	-0.493336	0.758766
-43	-20.7845	0	0.634421	-0.553322	0.539764
-39	-20.7845	0	0.548146	-0.260318	0.79484
-37	-17.3205	0	0.349487	-0.50333	0.790264
-33	-17.3205	0	0.33308	-0.234858	0.913181
-31	-20.7845	0	0.366415	-0.58182	0.726103
-27	-20.7845	0	0.0156616	-0.706249	0.707791
-25	-17.3205	0	-0.0950278	-0.509177	0.8554
-21	-17.3205	0	-0.0539485	-0.549134	0.833991
-19	-20.7845	0	-0.193584	-0.871879	0.449836
-15	-20.7845	0	-0.399863	-0.193737	0.895866
-13	-17.3205	0	-0.220951	-0.13532	0.965852
-9	-17.3205	0	-0.352575	0.0278928	0.935368
-7	-20.7845	0	-0.362855	0.320213	0.8751
-3	-20.7845	0	-0.52637	0.460658	0.714653
-249	-10.3925	0	-0.799236	0.262529	0.540649
-247	-13.8565	0	-0.805336	-0.0532952	0.590418
-243	-13.8565	0	-0.938377	0.040006	0.343289
-241	-10.3925	0	-0.864332	0.114219	0.48978
-237	-10.3925	0	-0.942109	0.311334	0.124506
-235	-13.8565	0	-0.964481	-0.232369	0.125622
-231	-13.8565	0	-0.903185	-0.28596	0.320131
-229	-10.3925	0	-0.972281	-0.0132494	-0.233441
-225	-10.3925	0	-0.931683	-0.230225	-0.281004
-223	-13.8565	0	-0.880617	-0.130914	-0.455386
-219	-13.8565	0	-0.73321	-0.430221	-0.526605
-217	-10.3925	0	-0.556292	-0.363511	-0.747261
-213	-10.3925	0	-0.420278	-0.54708	-0.723927
-211	-13.8565	0	-0.400605	-0.729377	-0.55455
-207	-13.8565	0	-0.446918	-0.811026	-0.377493
-205	-10.3925	0	-0.285662	-0.84913	-0.44427
-201	-10.3925	0	-0.413942	-0.811533	-0.41239
-199	-13.8565	0	-0.515404	-0.688114	-0.510742
-195	-13.8565	0	-0.564313	-0.528309	-0.634381
-193	-10.3925	0	-0.24743	-0.541385	-0.803543
-189	-10.3925	0	-0.611892	-0.337057	-0.715528
-187	-13.8565	0	-0.480871	-0.618457	-0.62151
-183	-13.8565	0	-0.346593	-0.734563	-0.583344
-181	-10.3925	0	-0.240298	-0.784443	-0.571757
-177	-10.3925	0	-0.579059	-0.284082	-0.764191
-175	-13.8565	0	-0.633659	-0.0931574	-0.767983
-171	-13.8565	0	-0.523621	0.154764	-0.837776
-169	-10.3925	0	-0.335744	0.256192	-0.906444
-165	-10.3925	0	-0.653615	0.300511	-0.694608
-163	-13.8565	0	-0.581639	0.210547	-0.785726
-159	-13.8565	0	-0.365009	-0.0217822	-0.930749
-157	-10.3925	0	-0.365001	0.123529	-0.922776
-153	-10.3925	0	-0.433288	0.0441893	-0.900171
-151	-13.8565	0	-0.503031	-0.281497	-0.817141
-147	-13.8565	0	-0.482307	-0.426206	-0.765329
-145	-10.3925	0	-0.3546	-0.396494	-0.846789
-141	-10.3925	0	-0.145146	-0.466135	-0.872726
-139	-13.8565	0	0.143334	-0.387544	-0.91064
-135	-13.8565	0	0.0708319	-0.997417	0.0119309
-133	-10.3925	0	0.230174	-0.952242	-0.200639
-129	-10.3925	0	0.26159	-0.92002	-0.291775
-127	-13.8565	0	0.386415	-0.876373	0.287497
-123	-13.8565	0	0.319011	-0.930428	0.180376
-121	-10.3925	0	0.444661	-0.839991	-0.310952
-117	-10.3925	0	0.915509	-0.296132	-0.272303
-115	-13.8565	0	0.913519	-0.31468	-0.257796
-111	-13.8565	0	0.853134	-0.463319	-0.239787
-109	-10.3925	0	0.83003	-0.417037	0.37031
-105	-10.3925	0	0.857251	-0.514843	0.00758496
-103	-13.8565	0	0.897847	-0.431234	-0.0889256
-99	-13.8565	0	0.968627	-0.222455	0.110795
-97	-10.3925	0	0.932072	-0.353661	-0.078522
-93	-10.3925	0	0.998205	0.0261883	-0.0538665
-91	-13.8565	0	0.982633	-0.131351	0.131067
-87	-13.8565	0	0.903308	-0.107017	0.41543
-85	-10.3925	0	0.76591	-0.132528	0.629141
-81	-10.3925	0	0.546789	-0.10104	0.831152
-79	-13.8565	0	0.560217	0.141872	0.816106
-75	-13.8565	0	0.460516	0.294861	0.837247
-73	-10.3925	0	0.539858	0.298941	0.786884
-69	-10.3925	0	0.327702	0.377844	0.865936
-67	-13.8565	0	0.426341	0.00367355	0.904555
-63	-13.8565	0	0.656119	0.197064	0.728474
-61	-10.3925	0	0.228407	0.352829	0.907382
-57	-10.3925	0	-0.315573	0.319785	0.893393
-55	-13.8565	0	0.174194	-0.11371	0.978124
-51	-13.8565	0	0.13645	-0.240726	0.960954
-49	-10.3925	0	0.239405	0.213797	0.947088
-45	-10.3925	0	0.595389	-0.156503	0.788047
-43	-13.8565	0	0.309355	-0.462639	0.830822
-39	-13.8565	0	0.401983	-0.524386	0.750619
-37	-10.3925	0	-0.257086	-0.217548	0.941584
-33	-10.3925	0	0.0854129	-0.308353	0.94743
-31	-13.8565	0	0.250644	-0.466007	0.848537
-27	-13.8565	0	0.070377	-0.344395	0.936183
-25	-10.3925	0	-0.167695	-0.0423731	0.984928
-21	-10.3925	0	0.0943023	0.0828568	0.99209
-19	-13.8565	0	0.201421	-0.0604921	0.977635
-15	-13.8565	0	0.3226	0.166345	0.931804
-13	-10.3925	0	0.204779	-0.124026	0.970919
-9	-10.3925	0	0.118082	0.160646	0.979923
-7	-13.8565	0	0.0603068	-0.0165231	0.998043
-3	-13.8565	0	0.375244	-0.0814936	0.923337
-249	-3.4645	0	-0.426244	0.198352	0.882594
-247	-6.9285	0	-0.655811	0.12749	0.744082
-243	-6.9285	0	-0.632478	0.163605	0.757103
-241	-3.4645	0	-0.483214	0.465368	0.741577
-237	-3.4645	0	-0.831008	0.0945788	0.548162
-235	-6.9285	0	-0.719604	0.401565	0.566494
-231	-6.9285	0	-0.930004	0.319384	0.181897
-229	-3.4645	0	-0.761068	0.632665	-0.143216
-225	-3.4645	0	-0.926684	0.223324	-0.302296
-223	-6.9285	0	-0.900107	-0.205387	-0.384217
-219	-6.9285	0	-0.791737	0.0493275	-0.608867
-217	-3.4645	0	-0.380221	-0.076166	-0.921754
-213	-3.4645	0	-0.3092	-0.432618	-0.846899
-211	-6.9285	0	-0.0160985	-0.654208	-0.756143
-207	-6.9285	0	-0.14021	-0.592104	-0.793571
-205	-3.4645	0	-0.00446413	-0.466472	-0.884525
-201	-3.4645	0	-0.211012	-0.365126	-0.906729
-199	-6.9285	0	-0.28062	-0.551634	-0.785463
-195	-6.9285	0	-0.314684	-0.396925	-0.86222
-193	-3.4645	0	-0.12105	-0.660151	-0.741315
-189	-3.4645	0	-0.272236	-0.594423	-0.756669
-187	-6.9285	0	-0.449704	-0.722806	-0.524708
-183	-6.9285	0	-0.346071	-0.868572	-0.354707
-181	-3.4645	0	-0.376713	-0.45523	-0.806754
-177	-3.4645	0	-0.257389	-0.527687	-0.809504
-175	-6.9285	0	-0.479889	-0.103428	-0.871211
-171	-6.9285	0	-0.238009	0.445921	-0.862848
-169	-3.4645	0	-0.542264	0.280818	-0.791891
-165	-3.4645	0	-0.127098	0.15912	-0.979044
-163	-6.9285	0	-0.387693	0.0787656	-0.918417
-159	-6.9285	0	-0.115278	0.162321	-0.979981
-157	-3.4645	0	-0.298286	0.324718	-0.897543
-153	-3.4645	0	-0.0330616	0.161627	-0.986298
-151	-6.9285	0	-0.24885	0.0426131	-0.967604
-147	-6.9285	0	-0.198244	-0.387133	-0.90046
-145	-3.4645	0	0.0641806	-0.477521	-0.876273
-141	-3.4645	0	0.234791	-0.484867	-0.842483
-139	-6.9285	0	-0.0146973	-0.396665	-0.917846
-135	-6.9285	0	-0.109849	-0.757155	-0.643933
-133	-3.4645	0	0.15592	-0.361157	-0.919377
-129	-3.4645	0	0.338039	-0.648437	-0.682099
-127	-6.9285	0	0.609723	-0.749386	-0.258185
-123	-6.9285	0	0.730968	-0.507146	-0.456605
-121	-3.4645	0	0.627694	-0.617034	-0.474626
-117	-3.4645	0	0.686895	-0.409381	-0.600485
-115	-6.9285	0	0.740412	-0.419686	-0.525028
-111	-6.9285	0	0.873596	-0.405984	-0.26834
-109	-3.4645	0	0.865745	-0.108069	-0.488679
-105	-3.4645	0	0.87369	-0.154585	-0.461269
-103	-6.9285	0	0.980494	-0.179103	-0.0809537
-99	-6.9285	0	0.965501	-0.0710147	-0.250528
-97	-3.4645	0	0.971361	0.237087	-0.0157408
-93	-3.4645	0	0.756192	0.455105	-0.470162
-91	-6.9285	0	0.994118	-0.0171316	-0.106943
-87	-6.9285	0	0.940672	0.212242	0.264744
-85	-3.4645	0	0.833575	0.465981	0.296672
-81	-3.4645	0	0.515903	0.622467	0.588539
-79	-6.9285	0	0.671587	0.474929	0.568694
-75	-6.9285	0	0.595927	0.563943	0.571698
-73	-3.4645	0	0.0647187	0.856699	0.511741
-69	-3.4645	0	-0.379885	0.870405	0.31318
-67	-6.9285	0	-0.0331796	0.87942	0.474889
-63	-6.9285	0	-0.191923	0.732312	0.653364
-61	-3.4645	0	-0.141786	0.974706	0.172759
-57	-3.4645	0	-0.231262	0.789481	0.568539
-55	-6.9285	0	-0.255275	0.613744	0.747096
-51	-6.9285	0	-0.186337	0.466775	0.864523
-49	-3.4645	0	-0.0253057	0.694039	0.719492
-45	-3.4645	0	0.0732053	0.0253458	0.996995
-43	-6.9285	0	0.348182	-0.1193	0.929805
-39	-6.9285	0	0.0147245	0.0574516	0.99824
-37	-3.4645	0	-0.182861	0.179237	0.966662
-33	-3.4645	0	-0.267249	0.250963	0.930374
-31	-6.9285	0	-0.128455	0.0597233	0.989915
-27	-6.9285	0	-0.0577708	-0.259443	0.964029
-25	-3.4645	0	0.0477496	-0.049072	0.997653
-21	-3.4645	0	-0.350268	0.0743999	0.93369
-19	-6.9285	0	-0.199478	0.215903	0.955821
-15	-6.9285	0	0.059904	0.0518776	0.996855
-13	-3.4645	0	0.189688	0.0836469	0.978275
-9	-3.4645	0	0.202623	-0.0636043	0.977189
-7	-6.9285	0	0.286976	0.00263232	0.957934
-3	-6.9285	0	0.360166	0.396344	0.844507
-249	-121.244	0	-0.400952	0.0943034	0.911232
-241	-121.244	0	-0.25726	0.239203	0.936269
-237	-121.244	0	-0.524376	0.250235	0.813887
-229	-121.244	0	-0.746659	0.57153	0.340373
-225	-121.244	0	-0.699356	0.615592	0.363245
-217	-121.244	0	-0.851604	0.488849	-0.1892
-213	-121.244	0	-0.871042	0.473724	0.129887
-205	-121.244	0	-0.405117	-0.192943	-0.893674
-201	-121.244	0	-0.195784	-0.155685	-0.96821
-193	-121.244	0	-0.208928	-0.360069	-0.90923
-189	-121.244	0	-0.31579	-0.25453	-0.914052
-181	-121.244	0	0.15595	-0.2337	-0.959721
-177	-121.244	0	-0.342453	-0.18114	-0.921908
-169	-121.244	0	-0.816934	0.115849	-0.564976
-165	-121.244	0	-0.444164	0.5492	-0.707883
-157	-121.244	0	-0.965524	0.249549	-0.0740869
-153	-121.244	0	-0.766271	0.145933	0.625726
-145	-121.244	0	-0.561305	-0.309112	0.767715
-141	-121.244	0	-0.405844	-0.282729	0.869112
-133	-121.244	0	-0.0375094	-0.367268	0.929358
-129	-121.244	0	-0.159991	-0.045113	0.986087
-121	-121.244	0	-0.769933	0.00154561	0.638123
-117	-121.244	0	-0.773541	0.321286	0.546269
-109	-121.244	0	-0.839689	0.459488	-0.289472
-105	-121.244	0	-0.694806	0.399739	-0.597874
-97	-121.244	0	-0.601346	0.274808	-0.750243
-93	-121.244	0	-0.34648	-0.137494	-0.927926
-85	-121.244	0	-0.484598	0.0173779	-0.874564
-81	-121.244	0	-0.712161	-0.128947	-0.690072
-73	-121.244	0	-0.983809	0.0207482	-0.178015
-69	-121.244	0	-0.95478	0.265192	-0.134418
-61	-121.244	0	-0.600951	0.786507	-0.142352
-57	-121.244	0	-0.55752	0.808102	-0.190113
-49	-121.244	0	-0.498945	0.841741	0.206218
-45	-121.244	0	-0.750499	0.602653	0.27122
-37	-121.244	0	-0.571427	0.698752	-0.430368
-33	-121.244	0	-0.795742	0.579953	-0.174495
-25	-121.244	0	-0.478645	0.198021	-0.855387
-21	-121.244	0	-0.357999	0.171283	-0.917877
-13	-121.244	0	-0.507871	0.150246	-0.84823
-9	-121.244	0	-0.463484	0.271505	-0.843486
-1	-121.244	0	-0.437122	-0.22207	-0.871556
-1	-114.316	0	-0.427384	-0.56575	-0.705173
-1	-107.388	0	-0.432713	-0.515406	-0.739673
-1	-100.46	0	-0.717606	-0.148919	-0.680341
-1	-93.5305	0	-0.532243	-0.198912	-0.822892
-1	-86.6025	0	-0.322431	-0.127253	-0.938001
-1	-79.6745	0	-0.619867	-0.0726592	-0.781335
-1	-72.7465	0	-0.568706	0.194456	-0.799225
-1	-65.8185	0	-0.335008	0.482512	-0.809291
-1	-58.8895	0	-0.372656	0.46291	-0.804265
-1	-51.9615	0	0.212859	0.488687	-0.846094
-1	-45.0335	0	-0.21184	0.509515	-0.833978
-1	-38.1055	0	-0.0622158	0.489603	-0.869723
-1	-31.1775	0	-0.47975	0.648405	-0.59111
-1	-24.2485	0	-0.509968	0.79782	0.321584
-1	-17.3205	0	0.106003	0.337275	0.935419
-1	-10.3925	0	0.758825	0.174017	0.627617
-1	-3.4645	0	0.541324	0.0706913	0.837837
-247	-0.0005	0	-0.355503	0.45374	0.817152
-243	-0.0005	0	-0.371242	0.582805	0.722854
-235	-0.0005	0	-0.92939	0.203871	0.307686
-231	-0.0005	0	-0.742733	0.636115	-0.209059
-223	-0.0005	0	-0.747407	0.360816	-0.557849
-219	-0.0005	0	-0.374071	0.181772	-0.909412
-211	-0.0005	0	-0.23152	-0.31208	-0.921414
-207	-0.0005	0	-0.118087	-0.363295	-0.92416
-199	-0.0005	0	0.129363	-0.394394	-0.90979
-195	-0.0005	0	-0.0284666	-0.852139	-0.522541
-187	-0.0005	0	-0.0650805	-0.68772	-0.723053
-183	-0.0005	0	0.0460428	-0.512808	-0.857268
-175	-0.0005	0	-0.594167	-0.249986	-0.764508
-171	-0.0005	0	-0.487999	0.271878	-0.829421
-163	-0.0005	0	-0.339786	0.399066	-0.851641
-159	-0.0005	0	-0.404332	0.247293	-0.880546
-151	-0.0005	0	0.0695123	0.383597	-0.920881
-147	-0.0005	0	-0.158269	0.515322	-0.842256
-139	-0.0005	0	-0.0784455	-0.25098	-0.964808
-135	-0.0005	0	0.0511943	-0.327901	-0.943324
-127	-0.0005	0	0.214382	-0.533718	-0.818038
-123	-0.0005	0	0.567333	-0.518593	-0.639683
-115	-0.0005	0	0.904096	-0.178958	-0.388052
-111	-0.0005	0	0.755884	0.17181	-0.631759
-103	-0.0005	0	0.892128	0.0316553	-0.450672
-99	-0.0005	0	0.853058	0.478602	-0.207921
-91	-0.0005	0	0.721682	0.692142	0.0106961
-87	-0.0005	0	0.711301	0.700932	-0.0523849
-79	-0.0005	0	0.485679	0.618309	0.617908
-75	-0.0005	0	0.0330415	0.968991	0.244876
-67	-0.0005	0	0.0382387	0.979909	0.195745
-63	-0.0005	0	-0.127701	0.987223	-0.0953049
-55	-0.0005	0	-0.262023	0.785088	0.561231
-51	-0.0005	0	-0.216489	0.783417	0.582573
-43	-0.0005	0	-0.29523	0.273169	0.915543
-39	-0.0005	0	-0.194497	0.295926	0.9352
-31	-0.0005	0	-0.421174	0.265538	0.867238
-27	-0.0005	0	-0.288477	0.0105592	0.957429
-19	-0.0005	0	0.102994	-0.0290369	0.994258
-15	-0.0005	0	0.250176	0.11827	0.96095
-7	-0.0005	0	0.421445	0.0491138	0.905523
-3	-0.0005	0	0.391187	-0.132946	0.910658
-249	10.3925	0	-0.565777	0.462361	0.682728
-247	6.9285	0	-0.541912	0.439959	0.716078
-243	6.9285	0	-0.555377	0.615017	0.559741
-241	10.3925	0	-0.842633	0.224785	0.489328
-237	10.3925	0	-0.568356	0.654725	0.498304
-235	6.9285	0	-0.576762	0.682674	0.448667
-231	6.9285	0	-0.79091	0.59105	-0.158498
-229	10.3925	0	-0.471262	0.863207	-0.181068
-225	10.3925	0	-0.313346	0.911563	-0.26621
-223	6.9285	0	-0.325105	0.541701	-0.775156
-219	6.9285	0	-0.231241	0.417258	-0.878876
-217	10.3925	0	-0.171279	0.315328	-0.933398
-213	10.3925	0	-0.570818	0.0765757	-0.817498
-211	6.9285	0	-0.223075	-0.007003	-0.974776
-207	6.9285	0	0.103615	-0.449913	-0.887041
-205	10.3925	0	0.0698908	-0.183737	-0.980488
-201	10.3925	0	0.287223	-0.397594	-0.871448
-199	6.9285	0	0.117946	-0.317527	-0.940885
-195	6.9285	0	0.116165	-0.554744	-0.823872
-193	10.3925	0	-0.0876569	-0.748788	-0.656988
-189	10.3925	0	-0.222628	-0.618069	-0.753941
-187	6.9285	0	-0.0886443	-0.631403	-0.770372
-183	6.9285	0	-0.42882	-0.487315	-0.760683
-181	10.3925	0	-0.294833	-0.453579	-0.841035
-177	10.3925	0	-0.335124	-0.362669	-0.869576
-175	6.9285	0	-0.599606	-0.135033	-0.788821
-171	6.9285	0	-0.353834	-0.0526047	-0.933828
-169	10.3925	0	-0.0614536	0.0422603	-0.997215
-165	10.3925	0	-0.324153	0.0396678	-0.945173
-163	6.9285	0	-0.120134	0.134187	-0.983647
-159	6.9285	0	-0.333704	0.301242	-0.89325
-157	10.3925	0	-0.287753	0.391053	-0.874229
-153	10.3925	0	-0.366046	0.292001	-0.883598
-151	6.9285	0	0.00257267	0.366129	-0.93056
-147	6.9285	0	-0.220627	0.458661	-0.860787
-145	10.3925	0	-0.430958	0.395312	-0.811174
-141	10.3925	0	-0.362895	0.260725	-0.894612
-139	6.9285	0	-0.0257996	-0.0133693	-0.999578
-135	6.9285	0	0.225188	0.00976199	-0.974266
-133	10.3925	0	0.315184	-0.0137174	-0.948931
-129	10.3925	0	0.0559005	-0.0852456	-0.994791
-127	6.9285	0	0.137867	-0.477273	-0.867873
-123	6.9285	0	0.422207	-0.618992	-0.662262
-121	10.3925	0	0.5034	-0.227019	-0.833697
-117	10.3925	0	0.575637	-0.0353868	-0.816939
-115	6.9285	0	0.653427	0.298183	-0.695787
-111	6.9285	0	0.80768	0.144858	-0.571549
-109	10.3925	0	0.551017	-0.217179	-0.805738
-105	10.3925	0	0.715786	-0.0385098	-0.697257
-103	6.9285	0	0.504387	0.0144354	-0.863357
-99	6.9285	0	0.520484	0.0238611	-0.853538
-97	10.3925	0	0.656262	0.147028	-0.740069
-93	10.3925	0	0.452396	0.733598	-0.507121
-91	6.9285	0	0.595048	0.800466	-0.0719234
-87	6.9285	0	0.769222	0.628272	0.116495
-85	10.3925	0	0.675958	0.72091	-0.152873
-81	10.3925	0	0.647027	0.726694	-0.230807
-79	6.9285	0	0.522707	0.770457	-0.364928
-75	6.9285	0	0.192914	0.706758	-0.680645
-73	10.3925	0	-0.215527	0.818062	-0.533219
-69	10.3925	0	-0.246734	0.838939	-0.485082
-67	6.9285	0	-0.216418	0.925069	-0.312107
-63	6.9285	0	-0.392586	0.732995	-0.555512
-61	10.3925	0	-0.445217	0.711309	-0.543895
-57	10.3925	0	-0.292839	0.893238	-0.341133
-55	6.9285	0	-0.485972	0.865439	-0.121848
-51	6.9285	0	-0.604602	0.745532	0.280425
-49	10.3925	0	-0.83976	0.534124	0.0975398
-45	10.3925	0	-0.429952	0.564324	0.704755
-43	6.9285	0	-0.459609	0.523235	0.717624
-39	6.9285	0	-0.360937	0.664538	0.654304
-37	10.3925	0	-0.27378	0.835807	0.47589
-33	10.3925	0	-0.227679	0.63833	0.735321
-31	6.9285	0	-0.282364	0.688042	0.668482
-27	6.9285	0	0.0395526	0.503248	0.863236
-25	10.3925	0	-0.204882	0.762053	0.614246
-21	10.3925	0	-0.48638	0.374166	0.789578
-19	6.9285	0	-0.167624	0.0863175	0.982065
-15	6.9285	0	-0.18526	-0.131095	0.973906
-13	10.3925	0	-0.352569	0.0398998	0.934935
-9	10.3925	0	-0.214231	-0.236005	0.947843
-7	6.9285	0	-0.102414	-0.115015	0.98807
-3	6.9285	0	-0.137672	-0.245359	0.959607
-249	17.3205	0	-0.97414	-0.042885	0.221839
-247	13.8565	0	-0.629787	0.497671	0.596399
-243	13.8565	0	-0.809725	0.141586	0.569472
-241	17.3205	0	-0.903973	0.424719	0.0494659
-237	17.3205	0	-0.699454	0.688019	0.193376
-235	13.8565	0	-0.674332	0.696097	0.246423
-231	13.8565	0	-0.722371	0.628574	-0.288228
-229	17.3205	0	-0.401243	0.812025	-0.423815
-225	17.3205	0	-0.0948273	0.813372	-0.573963
-223	13.8565	0	0.101781	0.697492	-0.709328
-219	13.8565	0	0.241322	0.4013	-0.883585
-217	17.3205	0	0.392483	0.188472	-0.900242
-213	17.3205	0	0.0316741	-0.0485562	-0.998318
-211	13.8565	0	-0.0465995	-0.0947209	-0.994413
-207	13.8565	0	0.181966	-0.201889	-0.962356
-205	17.3205	0	0.198889	-0.273227	-0.941164
-201	17.3205	0	0.282653	-0.442014	-0.851311
-199	13.8565	0	0.354838	-0.612266	-0.706555
-195	13.8565	0	0.027227	-0.648012	-0.761143
-193	17.3205	0	0.211012	-0.645404	-0.734117
-189	17.3205	0	0.249559	-0.671008	-0.69819
-187	13.8565	0	0.111041	-0.621439	-0.775554
-183	13.8565	0	0.374639	-0.772748	-0.512353
-181	17.3205	0	0.488604	-0.574537	-0.656638
-177	17.3205	0	0.237987	-0.719871	-0.652033
-175	13.8565	0	0.306992	-0.414141	-0.85688
-171	13.8565	0	-0.226335	-0.190371	-0.955265
-169	17.3205	0	-0.170531	-0.0412769	-0.984487
-165	17.3205	0	-0.23134	0.0939237	-0.968329
-163	13.8565	0	-0.315231	0.0606021	-0.947078
-159	13.8565	0	-0.272215	0.369821	-0.888331
-157	17.3205	0	0.0688504	0.153091	-0.985811
-153	17.3205	0	-0.126222	0.160649	-0.978907
-151	13.8565	0	-0.381838	0.32264	-0.866085
-147	13.8565	0	-0.357535	0.265555	-0.895348
-145	17.3205	0	-0.371008	0.521069	-0.768661
-141	17.3205	0	-0.258597	0.25905	-0.930602
-139	13.8565	0	0.0109742	-0.0476822	-0.998802
-135	13.8565	0	0.21989	-0.119103	-0.968227
-133	17.3205	0	0.109512	-0.0146115	-0.993878
-129	17.3205	0	0.0459074	-0.0575909	-0.997284
-127	13.8565	0	0.177884	0.0190012	-0.983868
-123	13.8565	0	0.382209	0.0939305	-0.91929
-121	17.3205	0	0.101493	0.037529	-0.994128
-117	17.3205	0	0.233914	-0.0624529	-0.970249
-115	13.8565	0	0.123066	-0.0467993	-0.991294
-111	13.8565	0	0.120979	-0.160861	-0.979535
-109	17.3205	0	0.356687	-0.0722811	-0.931423
-105	17.3205	0	0.176541	-0.0595522	-0.98249
-103	13.8565	0	0.610028	-0.3336	-0.718733
-99	13.8565	0	0.824715	-0.074722	-0.56059
-97	17.3205	0	0.61801	0.269701	-0.738461
-93	17.3205	0	0.696675	0.586681	-0.412855
-91	13.8565	0	0.382156	0.685358	-0.619872
-87	13.8565	0	0.711096	0.606717	-0.355299
-85	17.3205	0	0.377762	0.571594	-0.728406
-81	17.3205	0	0.0846569	0.687444	-0.721286
-79	13.8565	0	0.234729	0.822936	-0.517376
-75	13.8565	0	0.179828	0.668062	-0.722049
-73	17.3205	0	-0.0529685	0.572673	-0.818071
-69	17.3205	0	-0.258275	0.613481	-0.74628
-67	13.8565	0	-0.426252	0.607341	-0.670408
-63	13.8565	0	-0.30323	0.866596	-0.396312
-61	17.3205	0	-0.287502	0.817974	-0.498258
-57	17.3205	0	-0.490597	0.824526	-0.281907
-55	13.8565	0	-0.447522	0.840089	-0.306552
-51	13.8565	0	-0.696546	0.695569	-0.17609
-49	17.3205	0	-0.754705	0.654881	-0.0393903
-45	17.3205	0	-0.638148	0.760742	-0.118487
-43	13.8565	0	-0.633815	0.63051	0.448034
-39	13.8565	0	-0.374905	0.882557	0.283797
-37	17.3205	0	-0.440941	0.897293	-0.0209008
-33	17.3205	0	-0.411273	0.902461	-0.128133
-31	13.8565	0	-0.182669	0.783153	0.594393
-27	13.8565	0	-0.375008	0.798389	0.47111
-25	17.3205	0	-0.605675	0.550344	0.574699
-21	17.3205	0	-0.800209	0.468487	0.374413
-19	13.8565	0	-0.645364	0.463339	0.607307
-15	13.8565	0	-0.466947	-0.0711204	0.881421
-13	17.3205	0	-0.913992	0.0593055	0.401374
-9	17.3205	0	-0.92766	-0.323905	0.185827
-7	13.8565	0	-0.190578	-0.643699	0.741169
-3	13.8565	0	-0.0743145	-0.630109	0.772942
-249	24.2485	0	-0.555323	-0.131445	-0.821181
-247	20.7845	0	-0.958801	0.183114	-0.217188
-243	20.7845	0	-0.997302	0.0530957	-0.0506889
-241	24.2485	0	-0.669848	0.436845	-0.600392
-237	24.2485	0	-0.635164	0.55073	-0.541538
-235	20.7845	0	-0.467742	0.692514	-0.54922
-231	20.7845	0	-0.602388	0.755533	-0.257485
-229	24.2485	0	-0.119018	0.576994	-0.80803
-225	24.2485	0	0.265921	0.286722	-0.920368
-223	20.7845	0	0.485986	0.433887	-0.758656
-219	20.7845	0	0.688657	0.0207222	-0.724791
-217	24.2485	0	0.785189	-0.085872	-0.613273
-213	24.2485	0	0.57326	-0.447999	-0.686054
-211	20.7845	0	0.341951	-0.48083	-0.807386
-207	20.7845	0	0.29966	0.0314839	-0.953526
-205	24.2485	0	0.59991	0.161235	-0.783652
-201	24.2485	0	0.473171	-0.0397674	-0.880073
-199	20.7845	0	0.2898	-0.321046	-0.901635
-195	20.7845	0	0.364084	-0.674235	-0.642534
-193	24.2485	0	-0.0369423	-0.768817	-0.6384
-189	24.2485	0	0.111625	-0.755172	-0.645953
-187	20.7845	0	0.0444271	-0.672528	-0.738737
-183	20.7845	0	0.184936	-0.676994	-0.712375
-181	24.2485	0	0.320271	-0.51328	-0.796223
-177	24.2485	0	0.142983	-0.662623	-0.735178
-175	20.7845	0	0.0127507	-0.712476	-0.701581
-171	20.7845	0	-0.0821144	-0.282035	-0.955884
-169	24.2485	0	0.156372	-0.214999	-0.964014
-165	24.2485	0	-0.138906	-0.455358	-0.879406
-163	20.7845	0	-0.334041	-0.0176501	-0.942393
-159	20.7845	0	0.266662	-0.18407	-0.946049
-157	24.2485	0	0.323843	0.00295098	-0.946106
-153	24.2485	0	-0.212596	0.363759	-0.906908
-151	20.7845	0	-0.240147	0.336196	-0.91066
-147	20.7845	0	-0.120176	0.358601	-0.925723
-145	24.2485	0	-0.474636	0.287882	-0.831772
-141	24.2485	0	-0.315168	0.42747	-0.847312
-139	20.7845	0	-0.120694	0.347975	-0.929702
-135	20.7845	0	-0.0831601	0.0204149	-0.996327
-133	24.2485	0	-0.281027	0.457001	-0.843904
-129	24.2485	0	-0.221674	0.540495	-0.811619
-127	20.7845	0	-0.435853	0.258795	-0.862008
-123	20.7845	0	-0.0520716	0.0160413	-0.998515
-121	24.2485	0	-0.0505378	-0.0257823	-0.998389
-117	24.2485	0	0.0232769	0.066215	-0.997534
-115	20.7845	0	-0.101322	0.129913	-0.986335
-111	20.7845	0	0.229807	0.00473263	-0.973225
-109	24.2485	0	0.303855	0.0759402	-0.949687
-105	24.2485	0	0.504897	0.098781	-0.857509
-103	20.7845	0	0.59534	0.0796256	-0.799519
-99	20.7845	0	0.517301	0.550958	-0.654862
-97	24.2485	0	0.692692	0.495957	-0.523646
-93	24.2485	0	0.65792	0.750976	-0.0563564
-91	20.7845	0	0.681101	0.704901	-0.198033
-87	20.7845	0	0.660059	0.652548	-0.372159
-85	24.2485	0	0.728683	0.538018	-0.423743
-81	24.2485	0	0.607563	0.503415	-0.614362
-79	20.7845	0	0.290516	0.630821	-0.719489
-75	20.7845	0	0.312941	0.679561	-0.663525
-73	24.2485	0	0.1615	0.688891	-0.706645
-69	24.2485	0	-0.324707	0.54773	-0.771075
-67	20.7845	0	-0.188962	0.769002	-0.610679
-63	20.7845	0	-0.52237	0.567226	-0.636698
-61	24.2485	0	-0.687063	0.58932	-0.425025
-57	24.2485	0	-0.502553	0.789861	-0.351511
-55	20.7845	0	-0.526936	0.734735	-0.427203
-51	20.7845	0	-0.358578	0.449695	-0.818044
-49	24.2485	0	-0.52714	0.583069	-0.618186
-45	24.2485	0	-0.591412	0.667966	-0.451724
-43	20.7845	0	-0.352587	0.751312	-0.557865
-39	20.7845	0	-0.330164	0.840232	-0.430118
-37	24.2485	0	-0.254805	0.788507	-0.559759
-33	24.2485	0	-0.339166	0.59921	-0.725199
-31	20.7845	0	-0.709213	0.632343	-0.311704
-27	20.7845	0	-0.683247	0.628892	-0.371035
-25	24.2485	0	-0.758318	0.576022	-0.305209
-21	24.2485	0	-0.537233	0.746168	-0.39321
-19	20.7845	0	-0.776593	0.628694	0.0405872
-15	20.7845	0	-0.95889	0.20923	0.191708
-13	24.2485	0	-0.792487	-0.167219	-0.586517
-9	24.2485	0	-0.669802	-0.438847	-0.598981
-7	20.7845	0	-0.757606	-0.643242	-0.110778
-3	20.7845	0	-0.361852	-0.932206	0.00743274
-249	31.1765	0	-0.105732	0.118237	-0.98734
-247	27.7125	0	-0.526279	-0.1718	-0.832776
-243	27.7125	0	-0.639785	0.269184	-0.719872
-241	31.1765	0	-0.423754	0.358293	-0.831901
-237	31.1765	0	-0.369347	0.482296	-0.794338
-235	27.7125	0	-0.217648	0.70682	-0.673079
-231	27.7125	0	0.0413362	0.246824	-0.968178
-229	31.1765	0	0.0260334	0.384285	-0.922847
-225	31.1765	0	0.142945	0.296707	-0.944209
-223	27.7125	0	0.0783363	0.22028	-0.972286
-219	27.7125	0	0.417794	0.229917	-0.878969
-217	31.1765	0	0.741204	0.0887327	-0.665389
-213	31.1765	0	0.801444	-0.297696	-0.518715
-211	27.7125	0	0.720397	-0.0648011	-0.690528
-207	27.7125	0	0.524167	-0.0949181	-0.846309
-205	31.1765	0	0.538224	-0.200958	-0.818493
-201	31.1765	0	0.283181	-0.462907	-0.839956
-199	27.7125	0	0.498538	-0.499908	-0.708204
-195	27.7125	0	0.308815	-0.599933	-0.738047
-193	31.1765	0	0.759521	-0.292173	-0.581174
-189	31.1765	0	0.744239	-0.40847	-0.528451
-187	27.7125	0	0.437197	-0.403906	-0.803566
-183	27.7125	0	0.300521	-0.196248	-0.933367
-181	31.1765	0	0.449113	-0.0813975	-0.889759
-177	31.1765	0	0.163353	-0.401256	-0.901282
-175	27.7125	0	0.204167	-0.631065	-0.74838
-171	27.7125	0	0.0666522	-0.526552	-0.847526
-169	31.1765	0	0.0175505	-0.427016	-0.904074
-165	31.1765	0	-0.285499	-0.0586499	-0.956583
-163	27.7125	0	-0.270978	-0.409925	-0.870938
-159	27.7125	0	-0.132108	-0.0654443	-0.989073
-157	31.1765	0	-0.110993	-0.0371763	-0.993126
-153	31.1765	0	-0.287975	0.0968154	-0.952731
-151	27.7125	0	-0.0987657	0.42854	-0.898108
-147	27.7125	0	-0.383739	0.341962	-0.857792
-145	31.1765	0	-0.0618256	0.599022	-0.798342
-141	31.1765	0	-0.282416	0.470563	-0.83595
-139	27.7125	0	-0.189436	0.36843	-0.91015
-135	27.7125	0	-0.373916	0.501372	-0.780265
-133	31.1765	0	-0.361818	0.582514	-0.72785
-129	31.1765	0	0.0158893	0.426222	-0.904479
-127	27.7125	0	0.0473409	0.468119	-0.882397
-123	27.7125	0	-0.261658	0.291475	-0.920096
-121	31.1765	0	0.112443	0.483553	-0.868063
-117	31.1765	0	0.14547	0.530055	-0.835392
-115	27.7125	0	0.216935	0.281763	-0.934638
-111	27.7125	0	0.372956	0.368949	-0.85134
-109	31.1765	0	0.0301499	0.614278	-0.788514
-105	31.1765	0	0.150591	0.546319	-0.823929
-103	27.7125	0	0.434892	0.344291	-0.832065
-99	27.7125	0	0.322336	0.581626	-0.746867
-97	31.1765	0	0.653511	0.580146	-0.486163
-93	31.1765	0	0.578197	0.745406	-0.331749
-91	27.7125	0	0.519427	0.802037	-0.294842
-87	27.7125	0	0.471655	0.863825	-0.177051
-85	31.1765	0	0.537839	0.542572	-0.645247
-81	31.1765	0	0.0778645	0.659594	-0.747578
-79	27.7125	0	0.314461	0.391321	-0.86486
-75	27.7125	0	0.239266	0.398475	-0.885421
-73	31.1765	0	0.0815562	0.65469	-0.751485
-69	31.1765	0	0.0458708	0.477176	-0.87761
-67	27.7125	0	-0.177704	0.458201	-0.870904
-63	27.7125	0	-0.330396	0.461804	-0.82315
-61	31.1765	0	-0.315652	0.449499	-0.835652
-57	31.1765	0	-0.325654	0.529918	-0.783031
-55	27.7125	0	-0.442424	0.681135	-0.583367
-51	27.7125	0	-0.191368	0.520703	-0.832014
-49	31.1765	0	-0.0756665	0.119538	-0.989942
-45	31.1765	0	-0.340561	0.235076	-0.910361
-43	27.7125	0	-0.534781	0.550244	-0.641281
-39	27.7125	0	-0.155679	0.545985	-0.823204
-37	31.1765	0	-0.187628	0.153877	-0.970112
-33	31.1765	0	-0.299495	0.248076	-0.921282
-31	27.7125	0	-0.0538772	0.493146	-0.868277
-27	27.7125	0	-0.520183	0.633695	-0.572573
-25	31.1765	0	-0.269602	0.353909	-0.89558
-21	31.1765	0	-0.217217	0.204821	-0.954393
-19	27.7125	0	-0.62276	0.529772	-0.575771
-15	27.7125	0	-0.587805	0.206069	-0.782318
-13	31.1765	0	-0.458502	-0.15354	-0.875329
-9	31.1765	0	-0.437583	-0.328221	-0.837133
-7	27.7125	0	-0.590958	-0.117752	-0.798062
-3	27.7125	0	-0.540539	-0.503821	-0.673782
-249	38.1045	0	0.278155	-0.0284915	-0.960113
-247	34.6405	0	-0.185655	0.0924254	-0.978258
-243	34.6405	0	-0.202897	0.170578	-0.964228
-241	38.1045	0	0.0126245	0.323313	-0.946208
-237	38.1045	0	-0.132222	0.490435	-0.861389
-235	34.6405	0	-0.141369	0.515225	-0.845315
-231	34.6405	0	0.235961	0.657156	-0.715869
-229	38.1045	0	0.319387	0.437555	-0.840558
-225	38.1045	0	0.611669	0.184165	-0.769379
-223	34.6405	0	0.677939	0.443893	-0.585967
-219	34.6405	0	0.744677	-0.035361	-0.666487
-217	38.1045	0	0.877772	0.0107347	-0.478959
-213	38.1045	0	0.68202	-0.256644	-0.684823
-211	34.6405	0	0.716562	-0.255464	-0.649059
-207	34.6405	0	0.603253	-0.204764	-0.770816
-205	38.1045	0	0.861519	-0.0988232	-0.498016
-201	38.1045	0	0.721964	-0.224034	-0.654658
-199	34.6405	0	0.337247	-0.43755	-0.833555
-195	34.6405	0	0.414527	-0.566542	-0.712178
-193	38.1045	0	0.690418	-0.207442	-0.69303
-189	38.1045	0	0.552758	-0.182858	-0.813032
-187	34.6405	0	0.618893	-0.404049	-0.673584
-183	34.6405	0	0.552039	0.0293346	-0.833302
-181	38.1045	0	0.44836	0.145176	-0.881985
-177	38.1045	0	0.507841	-0.248456	-0.824844
-175	34.6405	0	-0.0476278	-0.293769	-0.954689
-171	34.6405	0	-0.0800282	-0.391794	-0.916566
-169	38.1045	0	-0.087425	-0.662897	-0.743589
-165	38.1045	0	-0.201069	-0.057477	-0.977889
-163	34.6405	0	0.0407333	-0.162741	-0.985828
-159	34.6405	0	0.0986179	-0.104159	-0.989659
-157	38.1045	0	-0.313061	-0.0293991	-0.949278
-153	38.1045	0	-0.32396	0.0420789	-0.945134
-151	34.6405	0	-0.200832	0.224769	-0.953491
-147	34.6405	0	-0.0167281	0.374031	-0.927265
-145	38.1045	0	-0.124464	0.291431	-0.94846
-141	38.1045	0	-0.191111	0.547998	-0.814355
-139	34.6405	0	-0.283244	0.540985	-0.791902
-135	34.6405	0	-0.37477	0.659045	-0.652079
-133	38.1045	0	-0.131867	0.570133	-0.810901
-129	38.1045	0	-0.128254	0.751801	-0.646796
-127	34.6405	0	0.000276616	0.810064	-0.586341
-123	34.6405	0	0.0585771	0.737142	-0.673194
-121	38.1045	0	0.310763	0.800015	-0.513228
-117	38.1045	0	-0.141021	0.820029	-0.554676
-115	34.6405	0	0.0426112	0.729657	-0.682485
-111	34.6405	0	-0.00109436	0.559781	-0.82864
-109	38.1045	0	0.358129	0.683412	-0.636154
-105	38.1045	0	0.345955	0.772639	-0.532301
-103	34.6405	0	0.419349	0.539463	-0.730155
-99	34.6405	0	0.57706	0.596058	-0.558316
-97	38.1045	0	0.392319	0.640796	-0.659899
-93	38.1045	0	0.644393	0.593202	-0.482564
-91	34.6405	0	0.788457	0.497596	-0.361572
-87	34.6405	0	0.658543	0.467639	-0.589606
-85	38.1045	0	0.577147	0.741762	-0.3416
-81	38.1045	0	0.0997059	0.670371	-0.735297
-79	34.6405	0	-0.0715522	0.722703	-0.687445
-75	34.6405	0	-0.289395	0.619355	-0.729828
-73	38.1045	0	-0.354722	0.55875	-0.749647
-69	38.1045	0	0.0138519	0.378875	-0.925344
-67	34.6405	0	-0.064527	0.706763	-0.704502
-63	34.6405	0	-0.152361	0.5804	-0.799951
-61	38.1045	0	-0.0865062	0.638485	-0.764757
-57	38.1045	0	0.0656705	0.446244	-0.892499
-55	34.6405	0	-0.193527	0.555761	-0.808503
-51	34.6405	0	-0.0635237	0.121454	-0.990562
-49	38.1045	0	-0.04464	0.31277	-0.948779
-45	38.1045	0	-0.11904	0.404335	-0.906831
-43	34.6405	0	-0.26341	0.175575	-0.948572
-39	34.6405	0	-0.30539	0.154828	-0.939556
-37	38.1045	0	-0.200685	-0.0216686	-0.979416
-33	38.1045	0	-0.093051	0.0801712	-0.992428
-31	34.6405	0	0.0137654	0.480801	-0.876722
-27	34.6405	0	-0.0550584	0.167412	-0.984348
-25	38.1045	0	0.023829	0.00778591	-0.999686
-21	38.1045	0	-0.225583	-0.308327	-0.924147
-19	34.6405	0	-0.349898	-0.277456	-0.894757
-15	34.6405	0	-0.395127	-0.607644	-0.688944
-13	38.1045	0	-0.192582	-0.49499	-0.847288
-9	38.1045	0	-0.0453729	-0.547027	-0.835885
-7	34.6405	0	-0.291687	-0.239679	-0.925998
-3	34.6405	0	-0.166376	-0.249393	-0.954003
-249	45.0335	0	-0.113786	-0.259792	-0.958937
-247	41.5695	0	0.137894	0.108461	-0.98449
-243	41.5695	0	0.248835	0.0469943	-0.967405
-241	45.0335	0	0.0373785	-0.0904723	-0.995197
-237	45.0335	0	-0.00615806	0.237899	-0.97127
-235	41.5695	0	0.245576	0.413401	-0.876808
-231	41.5695	0	0.507471	0.317017	-0.801233
-229	45.0335	0	0.483941	0.633467	-0.603755
-225	45.0335	0	0.0973867	0.731129	-0.675253
-223	41.5695	0	0.576211	0.226016	-0.785429
-219	41.5695	0	0.743783	0.0659993	-0.665155
-217	45.0335	0	0.761086	0.302522	-0.573784
-213	45.0335	0	0.902927	-0.00331734	-0.429781
-211	41.5695	0	0.805182	-0.077378	-0.587958
-207	41.5695	0	0.817857	-0.338346	-0.465437
-205	45.0335	0	0.513463	-0.246939	-0.821813
-201	45.0335	0	0.628198	-0.358811	-0.690378
-199	41.5695	0	0.567228	-0.0679444	-0.820754
-195	41.5695	0	0.785786	-0.227829	-0.575008
-193	45.0335	0	0.694989	-0.338934	-0.634124
-189	45.0335	0	0.539115	-0.0984766	-0.836455
-187	41.5695	0	0.563596	0.00904879	-0.826001
-183	41.5695	0	0.531737	0.0364076	-0.846127
-181	45.0335	0	0.678133	-0.383984	-0.626651
-177	45.0335	0	0.676477	-0.253343	-0.691517
-175	41.5695	0	0.478574	0.0488769	-0.876686
-171	41.5695	0	0.42332	-0.294605	-0.856743
-169	45.0335	0	0.0204735	-0.569998	-0.821391
-165	45.0335	0	0.217402	-0.326824	-0.919741
-163	41.5695	0	-0.32601	-0.412597	-0.850577
-159	41.5695	0	-0.149163	-0.0743939	-0.98601
-157	45.0335	0	0.0579558	0.0608286	-0.996464
-153	45.0335	0	0.203981	0.156785	-0.966339
-151	41.5695	0	0.137384	0.209877	-0.968027
-147	41.5695	0	0.0728347	0.24657	-0.966384
-145	45.0335	0	0.164904	0.42123	-0.891836
-141	45.0335	0	0.235027	0.348796	-0.907251
-139	41.5695	0	-0.030151	0.632174	-0.774239
-135	41.5695	0	-0.16875	0.61086	-0.773546
-133	45.0335	0	0.371716	0.820083	-0.435075
-129	45.0335	0	-0.011954	0.952739	-0.303554
-127	41.5695	0	0.0429385	0.88886	-0.456162
-123	41.5695	0	0.0908977	0.937959	-0.334621
-121	45.0335	0	-0.09661	0.982994	-0.156172
-117	45.0335	0	0.0198246	0.977195	-0.211417
-115	41.5695	0	0.0647224	0.965754	-0.251256
-111	41.5695	0	-0.0427912	0.885044	-0.463537
-109	45.0335	0	-0.116114	0.960148	-0.25423
-105	45.0335	0	0.0184444	0.989254	-0.145037
-103	41.5695	0	0.126939	0.917923	-0.375903
-99	41.5695	0	0.221213	0.848369	-0.480974
-97	45.0335	0	0.122324	0.928395	-0.350884
-93	45.0335	0	0.191946	0.981364	0.00906242
-91	41.5695	0	0.54027	0.782446	-0.309655
-87	41.5695	0	0.355166	0.926861	-0.121599
-85	45.0335	0	0.226593	0.971553	-0.068848
-81	45.0335	0	-0.296342	0.942853	0.152346
-79	41.5695	0	-0.197865	0.933455	-0.299186
-75	41.5695	0	-0.367742	0.774926	-0.514059
-73	45.0335	0	0.101695	0.881048	-0.461967
-69	45.0335	0	0.0394051	0.911199	-0.410078
-67	41.5695	0	0.343844	0.586397	-0.733423
-63	41.5695	0	0.180739	0.6252	-0.759249
-61	45.0335	0	-0.0759442	0.502671	-0.861135
-57	45.0335	0	-0.14399	0.283995	-0.947952
-55	41.5695	0	-0.0418258	0.345618	-0.937443
-51	41.5695	0	-0.0936469	0.2662	-0.959358
-49	45.0335	0	0.117659	0.25765	-0.959048
-45	45.0335	0	0.059077	0.284209	-0.956941
-43	41.5695	0	0.00225791	0.430413	-0.902629
-39	41.5695	0	0.263989	0.348225	-0.899472
-37	45.0335	0	-0.0978435	0.358466	-0.928401
-33	45.0335	0	0.264741	0.179525	-0.947461
-31	41.5695	0	0.0514893	0.205368	-0.977329
-27	41.5695	0	0.121884	0.0745411	-0.989741
-25	45.0335	0	0.135222	-0.0409928	-0.989967
-21	45.0335	0	0.0618467	-0.269185	-0.961101
-19	41.5695	0	-0.0338454	-0.525383	-0.850193
-15	41.5695	0	-0.272982	-0.488026	-0.829042
-13	45.0335	0	-0.0696534	-0.320666	-0.944628
-9	45.0335	0	-0.357006	-0.346822	-0.86733
-7	41.5695	0	0.164984	-0.420089	-0.892359
-3	41.5695	0	-0.10562	-0.61196	-0.783804
-249	51.9615	0	0.359832	-0.137694	-0.922801
-247	48.4975	0	0.112936	-0.0625545	-0.991631
-243	48.4975	0	0.109854	-0.224123	-0.96835
-241	51.9615	0	0.240849	-0.101314	-0.96526
-237	51.9615	0	0.422426	-0.00490342	-0.906384
-235	48.4975	0	0.223781	0.47231	-0.852552
-231	48.4975	0	0.638218	0.409762	-0.651746
-229	51.9615	0	0.482475	0.162135	-0.860773
-225	51.9615	0	0.434876	0.374329	-0.819
-223	48.4975	0	0.311632	0.603585	-0.733874
-219	48.4975	0	0.558562	0.545281	-0.625042
-217	51.9615	0	0.478391	0.51947	-0.708021
-213	51.9615	0	0.590189	0.209423	-0.779628
-211	48.4975	0	0.85264	0.13963	-0.503496
-207	48.4975	0	0.834148	0.0337588	-0.550506
-205	51.9615	0	0.63375	-0.0721624	-0.770164
-201	51.9615	0	0.382266	-0.284804	-0.879068
-199	48.4975	0	0.568075	-0.480469	-0.668161
-195	48.4975	0	0.48046	-0.315317	-0.818372
-193	51.9615	0	0.486714	0.0878068	-0.869137
-189	51.9615	0	0.572204	0.0147814	-0.819978
-187	48.4975	0	0.649891	-0.195615	-0.734423
-183	48.4975	0	0.663429	-0.299998	-0.685466
-181	51.9615	0	0.7567	-0.401407	-0.516021
-177	51.9615	0	0.668609	-0.420436	-0.613348
-175	48.4975	0	0.608386	-0.540537	-0.581108
-171	48.4975	0	0.237384	-0.497739	-0.834209
-169	51.9615	0	0.0475621	-0.494657	-0.867786
-165	51.9615	0	-0.0638759	0.0482713	-0.99679
-163	48.4975	0	-0.201865	0.0412117	-0.978546
-159	48.4975	0	-0.149207	0.193492	-0.96969
-157	51.9615	0	0.046165	0.409671	-0.911064
-153	51.9615	0	0.046959	0.010894	-0.998837
-151	48.4975	0	0.0328205	-0.0274908	-0.999083
-147	48.4975	0	0.24691	0.172139	-0.953627
-145	51.9615	0	0.175012	0.454945	-0.873153
-141	51.9615	0	0.291227	0.420631	-0.859219
-139	48.4975	0	0.177441	0.439694	-0.880445
-135	48.4975	0	0.469137	0.736064	-0.487976
-133	51.9615	0	0.24737	0.729723	-0.637426
-129	51.9615	0	0.0208698	0.861788	-0.50684
-127	48.4975	0	0.109136	0.844578	-0.524191
-123	48.4975	0	0.149115	0.901754	-0.405715
-121	51.9615	0	0.172521	0.861127	-0.478223
-117	51.9615	0	0.467975	0.832627	-0.296195
-115	48.4975	0	0.216212	0.974704	-0.056611
-111	48.4975	0	0.168021	0.968059	-0.186095
-109	51.9615	0	0.419556	0.907725	-0.00275894
-105	51.9615	0	0.119134	0.991545	-0.051428
-103	48.4975	0	0.295387	0.944155	-0.146005
-99	48.4975	0	0.230592	0.967836	-0.100607
-97	51.9615	0	-0.0795121	0.989955	0.116907
-93	51.9615	0	-0.0480258	0.91643	0.397303
-91	48.4975	0	-0.171431	0.885967	0.4309
-87	48.4975	0	0.0256935	0.946765	0.3209
-85	51.9615	0	0.052295	0.887978	0.456902
-81	51.9615	0	-0.0442565	0.998995	-0.00709498
-79	48.4975	0	-0.0682912	0.996665	0.0446768
-75	48.4975	0	-0.111402	0.988798	0.0993366
-73	51.9615	0	-0.165628	0.983816	-0.0683615
-69	51.9615	0	-0.313313	0.896006	-0.314657
-67	48.4975	0	0.026027	0.836852	-0.54681
-63	48.4975	0	0.0273327	0.554424	-0.831785
-61	51.9615	0	0.0440804	0.623493	-0.780585
-57	51.9615	0	0.130564	0.438805	-0.889046
-55	48.4975	0	-0.313062	0.326844	-0.891721
-51	48.4975	0	0.0759886	0.382703	-0.920741
-49	51.9615	0	0.166524	0.0578775	-0.984337
-45	51.9615	0	0.383577	0.0683731	-0.920975
-43	48.4975	0	0.0525635	0.0850021	-0.994993
-39	48.4975	0	-0.39027	0.202682	-0.898114
-37	51.9615	0	-0.106889	0.273561	-0.955897
-33	51.9615	0	0.334339	0.0407105	-0.941573
-31	48.4975	0	0.04751	0.0369595	-0.998187
-27	48.4975	0	-0.068661	-0.0385794	-0.996894
-25	51.9615	0	-0.341406	0.0362188	-0.939218
-21	51.9615	0	-0.00361499	-0.456692	-0.889617
-19	48.4975	0	0.0481057	-0.619024	-0.783897
-15	48.4975	0	-0.371424	-0.627577	-0.684245
-13	51.9615	0	-0.00469775	-0.029198	-0.999563
-9	51.9615	0	-0.416924	-0.33742	-0.843992
-7	48.4975	0	-0.424605	-0.370354	-0.826165
-3	48.4975	0	-0.385349	-0.514588	-0.765967
-249	58.8895	0	0.234868	-0.784977	-0.573278
-247	55.4255	0	0.461419	-0.278367	-0.84238
-243	55.4255	0	0.314805	-0.372216	-0.873128
-241	58.8895	0	0.553166	-0.183511	-0.812608
-237	58.8895	0	0.54702	-0.511185	-0.662917
-235	55.4255	0	0.633773	-0.364964	-0.682007
-231	55.4255	0	0.358887	-0.0590418	-0.931512
-229	58.8895	0	0.386692	0.112151	-0.915364
-225	58.8895	0	0.374293	0.233936	-0.897317
-223	55.4255	0	0.339384	0.406436	-0.848309
-219	55.4255	0	0.263887	0.683634	-0.680447
-217	58.8895	0	0.31612	0.715874	-0.622569
-213	58.8895	0	0.37389	0.382718	-0.844827
-211	55.4255	0	0.859489	-0.0491929	-0.508781
-207	55.4255	0	0.781614	-0.160488	-0.602763
-205	58.8895	0	0.694017	-0.00556996	-0.719937
-201	58.8895	0	0.700003	-0.407878	-0.586201
-199	55.4255	0	0.565065	-0.107083	-0.818068
-195	55.4255	0	0.529466	-0.211989	-0.821417
-193	58.8895	0	0.360764	0.157199	-0.919314
-189	58.8895	0	0.518154	-0.204546	-0.830468
-187	55.4255	0	0.51661	-0.461811	-0.721003
-183	55.4255	0	0.684869	-0.346756	-0.640871
-181	58.8895	0	0.720683	-0.247289	-0.64766
-177	58.8895	0	0.469825	-0.343901	-0.813017
-175	55.4255	0	0.565385	-0.560643	-0.604996
-171	55.4255	0	0.512561	-0.616196	-0.597983
-169	58.8895	0	0.249122	-0.194911	-0.948656
-165	58.8895	0	0.322686	0.0360247	-0.94582
-163	55.4255	0	0.298323	0.198594	-0.933576
-159	55.4255	0	0.27883	0.172604	-0.944702
-157	58.8895	0	0.298981	0.409876	-0.861749
-153	58.8895	0	0.100621	0.406011	-0.908312
-151	55.4255	0	0.193	0.0970187	-0.97639
-147	55.4255	0	0.433728	0.372129	-0.82061
-145	58.8895	0	0.231373	0.396245	-0.888514
-141	58.8895	0	0.533438	0.545659	-0.646297
-139	55.4255	0	0.0549985	0.56104	-0.825959
-135	55.4255	0	0.228944	0.84768	-0.478564
-133	58.8895	0	0.342932	0.597072	-0.725191
-129	58.8895	0	0.417814	0.52203	-0.743583
-127	55.4255	0	0.252795	0.677317	-0.690896
-123	55.4255	0	0.234056	0.729757	-0.642396
-121	58.8895	0	0.245142	0.939668	-0.238598
-117	58.8895	0	0.262608	0.957294	-0.120934
-115	55.4255	0	0.553175	0.816609	-0.164762
-111	55.4255	0	0.653047	0.745981	0.130547
-109	58.8895	0	0.288211	0.834904	0.468904
-105	58.8895	0	0.29019	0.919519	0.265092
-103	55.4255	0	0.100258	0.963775	0.247155
-99	55.4255	0	0.352146	0.842811	0.407018
-97	58.8895	0	-0.0131859	0.710346	0.703729
-93	58.8895	0	-0.0322483	0.796044	0.604378
-91	55.4255	0	0.0496437	0.766567	0.640243
-87	55.4255	0	0.145283	0.903083	0.404145
-85	58.8895	0	0.131114	0.655335	0.743872
-81	58.8895	0	-0.184505	0.509808	0.84027
-79	55.4255	0	0.0088653	0.920578	0.390458
-75	55.4255	0	-0.490148	0.787142	0.374382
-73	58.8895	0	-0.0273613	0.985813	0.165604
-69	58.8895	0	0.124096	0.986426	0.10754
-67	55.4255	0	0.086968	0.98257	-0.164297
-63	55.4255	0	-0.0797421	0.799553	-0.595279
-61	58.8895	0	-0.240169	0.840457	-0.485748
-57	58.8895	0	-0.243374	0.564991	-0.788387
-55	55.4255	0	-0.0489004	0.480524	-0.875617
-51	55.4255	0	0.238556	0.172527	-0.955681
-49	58.8895	0	0.118609	0.537828	-0.834669
-45	58.8895	0	-0.232215	0.243279	-0.941749
-43	55.4255	0	0.00531436	0.349325	-0.936986
-39	55.4255	0	0.168759	0.226582	-0.959261
-37	58.8895	0	-0.0349921	0.106846	-0.99366
-33	58.8895	0	-0.282584	-0.0673366	-0.956876
-31	55.4255	0	-0.139	0.311142	-0.940143
-27	55.4255	0	-0.354464	-0.158611	-0.921519
-25	58.8895	0	-0.504778	-0.271661	-0.81939
-21	58.8895	0	-0.294337	-0.489703	-0.820705
-19	55.4255	0	-0.515356	-0.50739	-0.690626
-15	55.4255	0	-0.572173	-0.30511	-0.761266
-13	58.8895	0	-0.331817	-0.286352	-0.898832
-9	58.8895	0	-0.41928	-0.440399	-0.793885
-7	55.4255	0	-0.463369	-0.457087	-0.759184
-3	55.4255	0	-0.185623	-0.739815	-0.646697
-249	65.8175	0	0.25272	-0.827568	-0.501262
-247	62.3535	0	0.252565	-0.762801	-0.595269
-243	62.3535	0	0.497181	-0.352233	-0.792933
-241	65.8175	0	0.373993	-0.591894	-0.713996
-237	65.8175	0	0.297081	-0.517353	-0.802551
-235	62.3535	0	0.44886	-0.515745	-0.729747
-231	62.3535	0	0.455386	-0.16435	-0.874993
-229	65.8175	0	0.0708925	-0.336563	-0.938989
-225	65.8175	0	0.10943	0.204953	-0.972635
-223	62.3535	0	-0.0764706	0.293735	-0.952823
-219	62.3535	0	0.48388	0.452698	-0.748949
-217	65.8175	0	0.619478	0.333045	-0.710864
-213	65.8175	0	0.606522	0.277576	-0.745039
-211	62.3535	0	0.670392	0.430616	-0.604272
-207	62.3535	0	0.425363	0.330503	-0.842517
-205	65.8175	0	0.590499	-0.00460023	-0.807025
-201	65.8175	0	0.556964	-0.0678318	-0.827762
-199	62.3535	0	0.659755	-0.349536	-0.665243
-195	62.3535	0	0.321979	-0.196423	-0.926147
-193	65.8175	0	0.203279	-0.158338	-0.966233
-189	65.8175	0	0.429716	-0.437419	-0.789942
-187	62.3535	0	0.368973	-0.338289	-0.86569
-183	62.3535	0	0.759756	-0.111664	-0.640548
-181	65.8175	0	0.380498	-0.103686	-0.918951
-177	65.8175	0	0.313913	0.0527109	-0.947988
-175	62.3535	0	0.117938	-0.138398	-0.983329
-171	62.3535	0	0.0141996	-0.22381	-0.974529
-169	65.8175	0	-0.217998	-0.419987	-0.880958
-165	65.8175	0	0.0421872	-0.114917	-0.992479
-163	62.3535	0	-0.0747878	0.37238	-0.925062
-159	62.3535	0	0.0149377	0.412482	-0.910843
-157	65.8175	0	0.358365	0.294597	-0.885882
-153	65.8175	0	0.0757415	0.316932	-0.945419
-151	62.3535	0	0.183207	0.307959	-0.933593
-147	62.3535	0	0.180418	0.398201	-0.899381
-145	65.8175	0	0.317132	0.30918	-0.896568
-141	65.8175	0	0.1944	0.607318	-0.770308
-139	62.3535	0	0.708176	0.631446	-0.315851
-135	62.3535	0	0.681966	0.508041	-0.526134
-133	65.8175	0	0.289925	0.879499	-0.377391
-129	65.8175	0	0.702767	0.692981	-0.160921
-127	62.3535	0	0.631916	0.671011	-0.387848
-123	62.3535	0	0.140884	0.989269	0.0387211
-121	65.8175	0	0.226928	0.922403	0.312531
-117	65.8175	0	0.01888	0.735667	0.67708
-115	62.3535	0	0.0908562	0.66817	0.738441
-111	62.3535	0	-0.17334	0.802879	0.570385
-109	65.8175	0	-0.0748967	0.675443	0.733599
-105	65.8175	0	-0.0127775	0.789871	0.61314
-103	62.3535	0	0.0298148	0.844188	0.535218
-99	62.3535	0	0.0909164	0.764178	0.638566
-97	65.8175	0	0.03338	0.711892	0.701495
-93	65.8175	0	0.10719	0.406684	0.907259
-91	62.3535	0	-0.010748	0.346386	0.93803
-87	62.3535	0	0.0281098	0.30119	0.95315
-85	65.8175	0	0.0732736	0.619977	0.781191
-81	65.8175	0	-0.054406	0.611872	0.789084
-79	62.3535	0	-0.0568837	0.54828	0.834358
-75	62.3535	0	0.0462503	0.762022	0.645897
-73	65.8175	0	-0.102504	0.824215	0.556923
-69	65.8175	0	-0.140802	0.970147	0.197457
-67	62.3535	0	0.20541	0.922403	-0.327078
-63	62.3535	0	-0.0322977	0.905502	-0.423111
-61	65.8175	0	0.0189308	0.990823	-0.133836
-57	65.8175	0	0.0269208	0.904257	-0.426139
-55	62.3535	0	0.110958	0.704045	-0.701434
-51	62.3535	0	0.396833	0.652239	-0.645839
-49	65.8175	0	0.282629	0.780964	-0.556971
-45	65.8175	0	-0.0591537	0.619085	-0.783093
-43	62.3535	0	-0.321561	0.364627	-0.873868
-39	62.3535	0	-0.24601	0.152156	-0.95725
-37	65.8175	0	-0.294504	0.261633	-0.919138
-33	65.8175	0	-0.383362	-0.255165	-0.887651
-31	62.3535	0	-0.467556	-0.264215	-0.843553
-27	62.3535	0	-0.466245	-0.166379	-0.868869
-25	65.8175	0	-0.853039	-0.093122	-0.513471
-21	65.8175	0	-0.664641	-0.429248	-0.611554
-19	62.3535	0	-0.434406	-0.176326	-0.883289
-15	62.3535	0	-0.4524	-0.236523	-0.859879
-13	65.8175	0	-0.138495	-0.386135	-0.911986
-9	65.8175	0	-0.105803	-0.485897	-0.867589
-7	62.3535	0	-0.179097	-0.324041	-0.928936
-3	62.3535	0	-0.0239226	-0.25097	-0.967699
-249	72.7455	0	0.383797	-0.779144	-0.495615
-247	69.2815	0	0.170781	-0.816147	-0.552031
-243	69.2815	0	0.176606	-0.73153	-0.65854
-241	72.7455	0	0.449997	-0.6034	-0.65834
-237	72.7455	0	0.345485	-0.589222	-0.730382
-235	69.2815	0	0.284682	-0.455931	-0.843257
-231	69.2815	0	0.363577	-0.200791	-0.909667
-229	72.7455	0	0.446465	-0.0212246	-0.894549
-225	72.7455	0	0.212203	-0.100046	-0.972091
-223	69.2815	0	0.142368	-0.0742359	-0.987026
-219	69.2815	0	0.435626	0.0977973	-0.894799
-217	72.7455	0	0.563504	-0.308562	-0.766324
-213	72.7455	0	0.586351	0.139203	-0.798007
-211	69.2815	0	0.569031	0.483176	-0.66539
-207	69.2815	0	0.362461	-0.386598	-0.848035
-205	72.7455	0	0.493083	-0.179716	-0.851217
-201	72.7455	0	0.55357	-0.200374	-0.808338
-199	69.2815	0	0.451675	0.053236	-0.890593
-195	69.2815	0	0.420613	-0.30758	-0.85351
-193	72.7455	0	0.312673	-0.324444	-0.892733
-189	72.7455	0	0.239066	-0.250774	-0.938062
-187	69.2815	0	0.261371	-0.354684	-0.897711
-183	69.2815	0	-0.0623685	-0.360818	-0.930548
-181	72.7455	0	-0.0719581	-0.807319	-0.585712
-177	72.7455	0	-0.0413966	-0.871422	-0.488785
-175	69.2815	0	-0.0287602	-0.595811	-0.80261
-171	69.2815	0	0.010159	-0.568402	-0.822688
-169	72.7455	0	-0.187022	-0.609104	-0.770724
-165	72.7455	0	-0.0154788	-0.823491	-0.567119
-163	69.2815	0	-0.0702669	-0.253447	-0.964794
-159	69.2815	0	0.105301	-0.00906928	-0.994399
-157	72.7455	0	0.149534	0.100755	-0.98361
-153	72.7455	0	0.187978	0.212962	-0.958807
-151	69.2815	0	0.283819	0.0631631	-0.956795
-147	69.2815	0	0.297194	0.163079	-0.940787
-145	72.7455	0	0.521744	0.347612	-0.779069
-141	72.7455	0	0.393172	0.353872	-0.848641
-139	69.2815	0	0.523626	0.712275	-0.467419
-135	69.2815	0	0.453006	0.82656	-0.334041
-133	72.7455	0	-0.0160794	0.9156	-0.401768
-129	72.7455	0	-0.0463099	0.998856	-0.0119058
-127	69.2815	0	0.232339	0.950913	-0.204407
-123	69.2815	0	0.211868	0.965196	0.153325
-121	72.7455	0	-0.0681949	0.87478	0.479697
-117	72.7455	0	-0.136797	0.436398	0.889294
-115	69.2815	0	-0.185737	0.635004	0.749848
-111	69.2815	0	-0.168038	0.537555	0.826316
-109	72.7455	0	-0.368497	0.0786096	0.926299
-105	72.7455	0	-0.112072	0.3694	0.922488
-103	69.2815	0	0.264996	0.5345	0.80255
-99	69.2815	0	0.247516	0.435325	0.86558
-97	72.7455	0	-0.0197869	0.188184	0.981934
-93	72.7455	0	0.149741	0.262326	0.95329
-91	69.2815	0	0.132075	0.181445	0.974492
-87	69.2815	0	0.205638	0.142439	0.968207
-85	72.7455	0	0.052212	0.486121	0.872331
-81	72.7455	0	0.242955	0.591184	0.769074
-79	69.2815	0	0.183858	0.623796	0.759655
-75	69.2815	0	-0.214106	0.570986	0.792548
-73	72.7455	0	-0.0315091	0.496222	0.867624
-69	72.7455	0	0.0100476	0.598206	0.80128
-67	69.2815	0	-0.366248	0.869975	0.33016
-63	69.2815	0	-0.0456833	0.958457	0.281556
-61	72.7455	0	0.179516	0.971254	0.156335
-57	72.7455	0	0.0399015	0.998601	-0.0347082
-55	69.2815	0	-0.0575153	0.903871	-0.42392
-51	69.2815	0	-0.0523377	0.957942	-0.282148
-49	72.7455	0	-0.140592	0.990061	0.00354978
-45	72.7455	0	-0.255087	0.922825	-0.288659
-43	69.2815	0	-0.495789	0.762346	-0.415959
-39	69.2815	0	-0.782537	0.38202	-0.491627
-37	72.7455	0	-0.886326	0.177824	-0.427558
-33	72.7455	0	-0.859022	0.0306428	-0.511021
-31	69.2815	0	-0.410035	-0.19179	-0.891677
-27	69.2815	0	-0.409658	-0.144574	-0.90071
-25	72.7455	0	-0.470506	-0.0946423	-0.877307
-21	72.7455	0	-0.394245	-0.703557	-0.591252
-19	69.2815	0	-0.422022	-0.434399	-0.795735
-15	69.2815	0	-0.0863598	-0.69434	-0.714447
-13	72.7455	0	-0.356639	-0.777026	-0.518689
-9	72.7455	0	-0.33798	-0.71789	-0.608608
-7	69.2815	0	-0.520633	-0.42842	-0.738511
-3	69.2815	0	0.396873	-0.547432	-0.736757
-249	79.6745	0	0.491968	-0.799624	-0.344337
-247	76.2105	0	0.294823	-0.846781	-0.442765
-243	76.2105	0	0.406674	-0.694048	-0.594065
-241	79.6745	0	0.153528	-0.967755	-0.199699
-237	79.6745	0	0.419694	-0.61044	-0.671729
-235	76.2105	0	0.259878	-0.529757	-0.807354
-231	76.2105	0	0.272048	-0.317719	-0.90832
-229	79.6745	0	0.68334	-0.464141	-0.563577
-225	79.6745	0	0.352006	-0.652701	-0.670875
-223	76.2105	0	0.236704	-0.532703	-0.812526
-219	76.2105	0	0.483952	-0.375781	-0.790303
-217	79.6745	0	0.74	-0.32664	-0.587968
-213	79.6745	0	0.605418	-0.504914	-0.615249
-211	76.2105	0	0.483471	-0.354831	-0.800219
-207	76.2105	0	0.450989	-0.317653	-0.83409
-205	79.6745	0	0.381651	-0.528321	-0.758432
-201	79.6745	0	0.439896	-0.833631	-0.333994
-199	76.2105	0	0.520292	-0.581208	-0.625695
-195	76.2105	0	0.469858	-0.689118	-0.551679
-193	79.6745	0	0.174117	-0.91185	-0.37177
-189	79.6745	0	0.136818	-0.835995	-0.531406
-187	76.2105	0	0.0617222	-0.394851	-0.91667
-183	76.2105	0	-0.0533086	-0.60092	-0.79753
-181	79.6745	0	-0.354187	-0.926812	-0.124784
-177	79.6745	0	-0.0807154	-0.971317	-0.223672
-175	76.2105	0	-0.0676548	-0.888662	-0.453544
-171	76.2105	0	-0.223801	-0.87344	-0.432452
-169	79.6745	0	-0.54457	-0.597517	-0.588572
-165	79.6745	0	-0.0237625	-0.663351	-0.747931
-163	76.2105	0	0.145293	-0.829317	-0.539559
-159	76.2105	0	0.119814	-0.252612	-0.960121
-157	79.6745	0	0.0651179	-0.660803	-0.747729
-153	79.6745	0	0.37513	-0.296481	-0.87828
-151	76.2105	0	0.330791	0.173987	-0.927527
-147	76.2105	0	-0.0162609	0.340138	-0.940235
-145	79.6745	0	0.10013	0.181049	-0.978363
-141	79.6745	0	0.201195	0.0225335	-0.979292
-139	76.2105	0	0.037275	0.312332	-0.949241
-135	76.2105	0	-0.285989	0.660155	-0.694555
-133	79.6745	0	-0.451921	0.574973	-0.682036
-129	79.6745	0	-0.777419	0.554371	0.297141
-127	76.2105	0	-0.806416	0.590948	-0.0217784
-123	76.2105	0	-0.61911	0.607836	0.497231
-121	79.6745	0	-0.625025	0.200126	0.754515
-117	79.6745	0	-0.255338	-0.0371641	0.966137
-115	76.2105	0	-0.118995	0.0987091	0.987976
-111	76.2105	0	-0.22606	-0.0919475	0.969764
-109	79.6745	0	-0.00258049	-0.230457	0.973079
-105	79.6745	0	0.0779484	0.0989431	0.992035
-103	76.2105	0	-0.0823483	0.0622124	0.99466
-99	76.2105	0	0.154356	0.175162	0.972364
-97	79.6745	0	0.0538602	0.101449	0.993382
-93	79.6745	0	0.132687	0.156241	0.978766
-91	76.2105	0	0.0926989	0.220281	0.971022
-87	76.2105	0	-0.116676	0.0706711	0.990652
-85	79.6745	0	-0.00742424	-0.0974996	0.995208
-81	79.6745	0	0.117291	0.0594137	0.991319
-79	76.2105	0	0.419058	0.194429	0.886898
-75	76.2105	0	0.463663	0.384128	0.798412
-73	79.6745	0	0.121483	0.386573	0.914223
-69	79.6745	0	0.188778	0.446664	0.874559
-67	76.2105	0	0.151895	0.654071	0.741026
-63	76.2105	0	0.113947	0.763669	0.635473
-61	79.6745	0	-0.341422	0.577166	0.741829
-57	79.6745	0	-0.229725	0.721733	0.652938
-55	76.2105	0	0.0156255	0.888083	0.459417
-51	76.2105	0	-0.246439	0.699812	0.670471
-49	79.6745	0	-0.55347	0.499264	0.666639
-45	79.6745	0	-0.457956	0.435439	0.775029
-43	76.2105	0	-0.70563	0.696218	0.131785
-39	76.2105	0	-0.852668	0.501126	0.147749
-37	79.6745	0	-0.93017	0.308415	0.199159
-33	79.6745	0	-0.938118	-0.124955	-0.322987
-31	76.2105	0	-0.864721	0.0339093	-0.501106
-27	76.2105	0	-0.866782	-0.0808902	-0.492082
-25	79.6745	0	-0.995063	0.0945323	-0.030221
-21	79.6745	0	-0.996599	-0.0231001	-0.0790963
-19	76.2105	0	-0.721646	-0.477179	-0.501525
-15	76.2105	0	-0.711358	-0.621484	-0.328218
-13	79.6745	0	-0.543541	-0.640963	0.541967
-9	79.6745	0	-0.432447	-0.824898	0.364051
-7	76.2105	0	0.29155	-0.894238	-0.339613
-3	76.2105	0	0.855081	-0.510134	-0.0927317
-249	86.6025	0	0.616274	-0.774763	0.14124
-247	83.1385	0	0.397344	-0.888737	-0.228615
-243	83.1385	0	0.52156	-0.814461	-0.254222
-241	86.6025	0	0.294449	-0.781926	-0.549446
-237	86.6025	0	0.508455	-0.714925	-0.479954
-235	83.1385	0	0.574461	-0.777274	-0.256593
-231	83.1385	0	0.616481	-0.655898	-0.435602
-229	86.6025	0	0.605264	-0.784273	-0.136281
-225	86.6025	0	0.706429	-0.701188	-0.0964008
-223	83.1385	0	0.761031	-0.563635	-0.321165
-219	83.1385	0	0.762956	-0.641869	-0.0768218
-217	86.6025	0	0.760542	-0.6394	0.112889
-213	86.6025	0	0.742311	-0.604296	0.289483
-211	83.1385	0	0.769055	-0.606618	-0.201418
-207	83.1385	0	0.498919	-0.796046	-0.342625
-205	86.6025	0	0.677966	-0.669235	0.304116
-201	86.6025	0	0.540615	-0.751128	0.37887
-199	83.1385	0	0.284124	-0.958785	-0.00199198
-195	83.1385	0	0.13025	-0.985692	0.106992
-193	86.6025	0	0.0683581	-0.663312	0.745214
-189	86.6025	0	0.166501	-0.876242	0.452191
-187	83.1385	0	0.0630958	-0.947389	-0.313803
-183	83.1385	0	0.109847	-0.993895	0.0102893
-181	86.6025	0	-0.124039	-0.788049	0.602987
-177	86.6025	0	-0.196573	-0.96373	0.180512
-175	83.1385	0	-0.0933205	-0.995114	-0.03223
-171	83.1385	0	-0.362549	-0.931007	-0.0422513
-169	86.6025	0	0.161844	-0.933768	0.319193
-165	86.6025	0	-0.149712	-0.945122	0.290396
-163	83.1385	0	-0.134345	-0.925738	-0.353499
-159	83.1385	0	0.0682876	-0.894021	-0.44279
-157	86.6025	0	0.380693	-0.884475	-0.269771
-153	86.6025	0	0.41852	-0.862124	-0.285629
-151	83.1385	0	0.622351	-0.384199	-0.681961
-147	83.1385	0	0.209703	-0.12777	-0.969381
-145	86.6025	0	0.763292	-0.131495	-0.63253
-141	86.6025	0	0.498983	-0.275517	-0.821648
-139	83.1385	0	0.225881	0.0408191	-0.973299
-135	83.1385	0	-0.370156	0.117454	-0.921515
-133	86.6025	0	-0.370499	-0.489975	-0.789085
-129	86.6025	0	-0.787171	-0.359811	-0.500896
-127	83.1385	0	-0.995226	0.0445248	-0.0868532
-123	83.1385	0	-0.734505	-0.141626	0.66366
-121	86.6025	0	-0.259299	-0.389611	0.883723
-117	86.6025	0	0.15454	-0.32532	0.93289
-115	83.1385	0	0.0869779	-0.187165	0.97847
-111	83.1385	0	-0.149222	-0.0402448	0.987984
-109	86.6025	0	-0.18051	-0.011073	0.983511
-105	86.6025	0	0.0260168	-0.27552	0.960943
-103	83.1385	0	0.0789811	0.0619672	0.994948
-99	83.1385	0	-0.051432	-0.127061	0.990561
-97	86.6025	0	-0.0834139	0.139397	0.986717
-93	86.6025	0	0.238273	0.0900998	0.96701
-91	83.1385	0	0.0102107	0.185735	0.982547
-87	83.1385	0	0.0204764	0.168055	0.985565
-85	86.6025	0	0.266376	0.149048	0.952275
-81	86.6025	0	0.451305	0.242313	0.858841
-79	83.1385	0	0.300197	0.227738	0.926292
-75	83.1385	0	0.139319	0.0552023	0.988708
-73	86.6025	0	0.297386	-0.166311	0.940161
-69	86.6025	0	0.368112	-0.482984	0.794493
-67	83.1385	0	-0.240677	0.184517	0.952905
-63	83.1385	0	0.0151085	0.221604	0.97502
-61	86.6025	0	-0.265485	0.376421	0.887595
-57	86.6025	0	-0.333974	0.304318	0.892106
-55	83.1385	0	-0.360247	0.446564	0.819025
-51	83.1385	0	-0.637749	0.429431	0.639426
-49	86.6025	0	-0.574075	-0.241756	0.782299
-45	86.6025	0	-0.668843	-0.203701	0.714951
-43	83.1385	0	-0.863125	0.102579	0.494462
-39	83.1385	0	-0.905323	0.379719	0.190274
-37	86.6025	0	-0.994547	-0.0260449	0.100983
-33	86.6025	0	-0.99548	0.0872527	-0.0374937
-31	83.1385	0	-0.789445	0.18533	-0.585175
-27	83.1385	0	-0.938944	0.120735	-0.32219
-25	86.6025	0	-0.99259	0.103321	0.0639552
-21	86.6025	0	-0.948766	0.011173	0.315783
-19	83.1385	0	-0.984595	0.0981322	0.144717
-15	83.1385	0	-0.555127	-0.494681	0.668674
-13	86.6025	0	-0.287902	-0.294661	0.911201
-9	86.6025	0	-0.201463	-0.551566	0.809437
-7	83.1385	0	-0.101695	-0.610138	0.785742
-3	83.1385	0	0.423443	-0.22458	0.877645
-249	93.5305	0	0.477498	-0.862655	-0.166799
-247	90.0665	0	0.54868	-0.794417	-0.260485
-243	90.0665	0	0.0957999	-0.900219	-0.424769
-241	93.5305	0	0.331938	-0.820511	0.46538
-237	93.5305	0	0.383888	-0.878354	0.284824
-235	90.0665	0	0.498742	-0.863008	-0.0804647
-231	90.0665	0	0.361643	-0.923588	-0.127278
-229	93.5305	0	0.889856	-0.422579	-0.172001
-225	93.5305	0	0.763345	-0.591449	0.259791
-223	90.0665	0	0.819521	-0.507583	0.265978
-219	90.0665	0	0.773222	-0.48499	0.408549
-217	93.5305	0	0.733759	-0.181583	0.654695
-213	93.5305	0	0.719518	-0.219701	0.658806
-211	90.0665	0	0.680455	-0.423491	0.598026
-207	90.0665	0	0.476995	-0.729272	0.490548
-205	93.5305	0	0.721455	-0.406559	0.560547
-201	93.5305	0	0.402717	-0.433645	0.806084
-199	90.0665	0	0.257475	-0.648221	0.7166
-195	90.0665	0	0.214734	-0.701362	0.679691
-193	93.5305	0	0.368778	-0.273756	0.888291
-189	93.5305	0	0.082616	-0.200796	0.976143
-187	90.0665	0	-0.0249393	-0.5983	0.800884
-183	90.0665	0	-0.195449	-0.623093	0.757334
-181	93.5305	0	-0.15008	-0.62297	0.767714
-177	93.5305	0	-0.247419	-0.65256	0.716205
-175	90.0665	0	-0.208116	-0.752497	0.624849
-171	90.0665	0	-0.100243	-0.789454	0.605569
-169	93.5305	0	0.160986	-0.742752	0.649926
-165	93.5305	0	0.0661859	-0.606468	0.792348
-163	90.0665	0	0.159106	-0.743242	0.649829
-159	90.0665	0	0.405541	-0.874469	0.266161
-157	93.5305	0	0.513932	-0.810939	0.279736
-153	93.5305	0	0.65116	-0.744355	-0.148077
-151	90.0665	0	0.833787	-0.535735	-0.133368
-147	90.0665	0	0.639753	-0.292159	-0.710886
-145	93.5305	0	0.731034	-0.113984	-0.672753
-141	93.5305	0	0.804187	-0.274857	-0.527008
-139	90.0665	0	0.630204	-0.562048	-0.535673
-135	90.0665	0	0.411874	-0.784492	-0.463608
-133	93.5305	0	0.0323081	-0.968514	-0.246853
-129	93.5305	0	-0.0238012	-0.97055	0.239719
-127	90.0665	0	-0.457814	-0.859946	0.225608
-123	90.0665	0	-0.0779683	-0.689143	0.720419
-121	93.5305	0	0.155521	-0.604212	0.781499
-117	93.5305	0	0.399676	-0.31335	0.861435
-115	90.0665	0	0.213287	-0.3137	0.925257
-111	90.0665	0	0.00986253	-0.0521515	0.99859
-109	93.5305	0	0.189432	-0.203201	0.960638
-105	93.5305	0	0.0911891	0.0996004	0.99084
-103	90.0665	0	-0.0375695	-0.0350939	0.998678
-99	90.0665	0	0.267429	-0.122542	0.955754
-97	93.5305	0	0.0429384	0.0223696	0.998827
-93	93.5305	0	0.294307	0.0943549	0.951042
-91	90.0665	0	0.30463	0.00711868	0.952444
-87	90.0665	0	0.624498	-0.0863735	0.776236
-85	93.5305	0	0.814002	-0.004154	0.580848
-81	93.5305	0	0.878371	-0.152352	0.453048
-79	90.0665	0	0.852713	-0.230541	0.468755
-75	90.0665	0	0.798231	-0.0775882	0.597334
-73	93.5305	0	0.744609	-0.666535	0.0358981
-69	93.5305	0	0.494111	-0.830342	-0.257655
-67	90.0665	0	0.218755	-0.887742	0.405044
-63	90.0665	0	-0.420127	-0.489138	0.764354
-61	93.5305	0	-0.723019	-0.688341	0.0585662
-57	93.5305	0	-0.887809	-0.450684	-0.0931602
-55	90.0665	0	-0.75494	-0.342086	0.559502
-51	90.0665	0	-0.775122	-0.489154	0.399892
-49	93.5305	0	-0.920374	-0.3899	0.0298235
-45	93.5305	0	-0.962262	-0.163094	0.217836
-43	90.0665	0	-0.932194	0.0552146	0.357723
-39	90.0665	0	-0.943942	0.171151	0.282279
-37	93.5305	0	-0.991112	0.0882516	-0.0995446
-33	93.5305	0	-0.955014	0.265106	-0.132917
-31	90.0665	0	-0.827619	0.476324	-0.29692
-27	90.0665	0	-0.914061	0.401308	-0.0586849
-25	93.5305	0	-0.933642	0.295519	0.20244
-21	93.5305	0	-0.852616	0.460952	0.246108
-19	90.0665	0	-0.793626	0.567963	0.218118
-15	90.0665	0	-0.589577	0.153741	0.792945
-13	93.5305	0	-0.413768	0.0154454	0.910251
-9	93.5305	0	0.0375087	-0.208099	0.977388
-7	90.0665	0	0.0431623	-0.0583333	0.997364
-3	90.0665	0	-0.074308	0.181537	0.980573
-249	100.459	0	0.533575	-0.844551	0.0450672
-247	96.9945	0	0.179033	-0.976189	-0.122482
-243	96.9945	0	0.371749	-0.926173	0.0633029
-241	100.459	0	0.435442	-0.869711	0.232363
-237	100.459	0	0.564852	-0.815423	0.126601
-235	96.9945	0	0.522705	-0.85251	-0.00253574
-231	96.9945	0	0.764129	-0.639097	-0.0875309
-229	100.459	0	0.824819	-0.224837	0.51877
-225	100.459	0	0.898232	-0.0772499	0.43268
-223	96.9945	0	0.839677	-0.0376017	0.541783
-219	96.9945	0	0.659132	-0.204549	0.723674
-217	100.459	0	0.683732	0.485696	0.544619
-213	100.459	0	0.678712	0.35137	0.644894
-211	96.9945	0	0.751168	-0.174354	0.636669
-207	96.9945	0	0.603363	-0.117206	0.788807
-205	100.459	0	0.595643	-0.0549921	0.801365
-201	100.459	0	0.348128	-0.0182149	0.93727
-199	96.9945	0	0.293921	-0.140755	0.945409
-195	96.9945	0	0.237875	-0.47991	0.844454
-193	100.459	0	0.449425	-0.734525	0.508419
-189	100.459	0	0.779147	-0.227965	0.583919
-187	96.9945	0	0.375501	-0.121097	0.918877
-183	96.9945	0	0.232385	-0.638005	0.73413
-181	100.459	0	0.447162	-0.820309	0.356566
-177	100.459	0	0.366803	-0.811008	0.455764
-175	96.9945	0	0.059775	-0.64685	0.760271
-171	96.9945	0	0.411522	-0.558874	0.719937
-169	100.459	0	0.460956	-0.629339	0.625661
-165	100.459	0	0.509942	-0.681271	0.525194
-163	96.9945	0	0.0642323	-0.684009	0.726641
-159	96.9945	0	0.466315	-0.7664	0.441793
-157	100.459	0	0.696352	-0.708199	-0.116395
-153	100.459	0	0.819942	-0.473132	-0.322244
-151	96.9945	0	0.735091	-0.25489	-0.62823
-147	96.9945	0	0.728285	-0.042769	-0.683939
-145	100.459	0	0.764511	-0.173201	-0.620906
-141	100.459	0	0.659172	-0.360295	-0.66006
-139	96.9945	0	0.89754	-0.325298	-0.297663
-135	96.9945	0	0.470804	-0.833574	-0.28896
-133	100.459	0	0.511638	-0.858465	-0.0355539
-129	100.459	0	0.251029	-0.967854	0.015612
-127	96.9945	0	0.18174	-0.87734	0.444123
-123	96.9945	0	-0.00310983	-0.524724	0.851266
-121	100.459	0	0.12361	-0.58151	0.804093
-117	100.459	0	0.0107551	-0.646059	0.763212
-115	96.9945	0	0.196223	-0.226505	0.95404
-111	96.9945	0	0.0370344	-0.248612	0.967895
-109	100.459	0	-0.319366	-0.154629	0.934931
-105	100.459	0	-0.260527	0.0390487	0.964676
-103	96.9945	0	-0.246088	0.0719251	0.966575
-99	96.9945	0	0.0522025	-0.063535	0.996613
-97	100.459	0	0.140868	0.0935277	0.985601
-93	100.459	0	0.285176	-0.153308	0.946135
-91	96.9945	0	0.310412	-0.193189	0.930764
-87	96.9945	0	0.66255	-0.389386	0.639849
-85	100.459	0	0.569587	-0.461385	0.680216
-81	100.459	0	0.720281	-0.675085	0.159548
-79	96.9945	0	0.694065	-0.628361	0.351335
-75	96.9945	0	0.418273	-0.782776	0.460771
-73	100.459	0	0.593153	-0.787377	-0.167952
-69	100.459	0	0.571567	-0.508453	-0.644039
-67	96.9945	0	0.264729	-0.809256	-0.524427
-63	96.9945	0	-0.271388	-0.641604	-0.717421
-61	100.459	0	-0.117118	-0.614793	-0.779944
-57	100.459	0	-0.340864	-0.318589	-0.884485
-55	96.9945	0	-0.813213	-0.137834	-0.565408
-51	96.9945	0	-0.913558	-0.329672	-0.238177
-49	100.459	0	-0.897661	-0.33537	-0.285886
-45	100.459	0	-0.953811	-0.149096	-0.260798
-43	96.9945	0	-0.929373	-0.199998	-0.310268
-39	96.9945	0	-0.893399	-0.329632	-0.305257
-37	100.459	0	-0.948236	-0.0836509	-0.306351
-33	100.459	0	-0.995102	0.0415946	-0.0896762
-31	96.9945	0	-0.983717	-0.0567891	-0.170518
-27	96.9945	0	-0.959569	0.269048	0.0827078
-25	100.459	0	-0.927142	-0.183329	0.326799
-21	100.459	0	-0.890694	-0.252134	0.378275
-19	96.9945	0	-0.923952	0.109954	0.366363
-15	96.9945	0	-0.861163	0.144197	0.487449
-13	100.459	0	-0.405102	-0.116111	0.906869
-9	100.459	0	0.300167	-0.0531049	0.952407
-7	96.9945	0	0.0296692	0.0155471	0.999439
-3	96.9945	0	0.262024	0.319592	0.910607
-249	107.387	0	0.590055	-0.609328	0.529674
-247	103.923	0	0.486734	-0.8332	0.262427
-243	103.923	0	0.641362	-0.683474	0.348595
-241	107.387	0	0.729525	-0.631913	0.261684
-237	107.387	0	0.743518	-0.521641	0.418415
-235	103.923	0	0.754347	-0.598007	0.270829
-231	103.923	0	0.868401	-0.260235	0.422087
-229	107.387	0	0.862533	0.0338927	0.504864
-225	107.387	0	0.777593	0.288648	0.558598
-223	103.923	0	0.870285	0.257032	0.420166
-219	103.923	0	0.76439	0.462622	0.449099
-217	107.387	0	0.62977	0.2819	0.723824
-213	107.387	0	0.614013	0.00331838	0.789289
-211	103.923	0	0.576287	0.187168	0.795526
-207	103.923	0	0.572272	0.396987	0.717569
-205	107.387	0	0.599132	0.279033	0.750454
-201	107.387	0	0.734121	0.13938	0.664559
-199	103.923	0	0.588061	-0.23613	0.773581
-195	103.923	0	0.594772	-0.366036	0.715726
-193	107.387	0	0.819714	-0.544114	0.178909
-189	107.387	0	0.883549	-0.286873	0.370195
-187	103.923	0	0.853717	-0.247656	0.458077
-183	103.923	0	0.80891	-0.447178	0.381701
-181	107.387	0	0.754788	-0.554514	0.350441
-177	107.387	0	0.488316	-0.871241	-0.0498659
-175	103.923	0	0.369999	-0.85569	0.361795
-171	103.923	0	0.388273	-0.692972	0.607482
-169	107.387	0	0.62006	-0.753141	0.219784
-165	107.387	0	0.653364	-0.547878	0.522441
-163	103.923	0	0.70368	-0.566044	0.429452
-159	103.923	0	0.86603	-0.49721	-0.0526713
-157	107.387	0	0.723791	-0.53655	-0.433868
-153	107.387	0	0.602294	-0.718974	-0.34687
-151	103.923	0	0.744135	-0.602035	-0.289511
-147	103.923	0	0.676417	-0.402227	-0.616987
-145	107.387	0	0.822256	-0.257841	-0.507359
-141	107.387	0	0.823519	-0.327711	-0.463057
-139	103.923	0	0.478936	-0.541845	-0.690669
-135	103.923	0	0.453541	-0.847308	-0.276351
-133	107.387	0	0.298583	-0.943722	0.142257
-129	107.387	0	0.44249	-0.869946	0.21771
-127	103.923	0	0.170129	-0.95557	0.240714
-123	103.923	0	0.150288	-0.841286	0.51928
-121	107.387	0	0.12645	-0.792556	0.596544
-117	107.387	0	0.222535	-0.681534	0.69713
-115	103.923	0	-0.353774	-0.441781	0.824423
-111	103.923	0	-0.353094	-0.434317	0.82867
-109	107.387	0	0.0460893	-0.501675	0.863827
-105	107.387	0	0.197649	-0.246881	0.948675
-103	103.923	0	-0.0303986	-0.22379	0.974163
-99	103.923	0	0.44576	-0.273081	0.852482
-97	107.387	0	0.480807	-0.145509	0.864669
-93	107.387	0	0.492982	-0.290933	0.819956
-91	103.923	0	0.455608	-0.35172	0.81775
-87	103.923	0	0.585507	-0.228317	0.777852
-85	107.387	0	0.883687	-0.220031	0.413138
-81	107.387	0	0.67017	-0.727565	0.146703
-79	103.923	0	0.695895	-0.713834	0.0785519
-75	103.923	0	0.420477	-0.891528	-0.168453
-73	107.387	0	0.0451936	-0.752758	-0.656745
-69	107.387	0	0.130169	-0.617477	-0.775744
-67	103.923	0	0.194507	-0.530157	-0.825288
-63	103.923	0	-0.250629	-0.35144	-0.902039
-61	107.387	0	0.0390146	-0.344308	-0.938046
-57	107.387	0	0.0149571	-0.0923694	-0.995612
-55	103.923	0	-0.431107	-0.368874	-0.823455
-51	103.923	0	-0.903949	0.121884	-0.409903
-49	107.387	0	-0.653525	0.0686302	-0.753787
-45	107.387	0	-0.792535	0.179929	-0.582679
-43	103.923	0	-0.896809	0.0398282	-0.440621
-39	103.923	0	-0.932162	-0.0338849	-0.360452
-37	107.387	0	-0.809138	0.328051	-0.487523
-33	107.387	0	-0.977928	0.036564	-0.205719
-31	103.923	0	-0.94666	-0.00318359	-0.322218
-27	103.923	0	-0.961949	0.270002	-0.0418738
-25	107.387	0	-0.995891	-0.0897399	0.0121803
-21	107.387	0	-0.996502	-0.0524925	0.0650265
-19	103.923	0	-0.923957	-0.125526	0.361313
-15	103.923	0	-0.452821	0.0849243	0.887548
-13	107.387	0	-0.422289	-0.0309603	0.905932
-9	107.387	0	-0.261408	0.556096	0.788938
-7	103.923	0	0.317654	0.242703	0.916619
-3	103.923	0	0.575285	0.64023	0.509071
-249	114.315	0	0.756091	-0.393434	0.523007
-247	110.851	0	0.696897	-0.458179	0.551731
-243	110.851	0	0.488698	-0.72771	0.481261
-241	114.315	0	0.764784	-0.421813	0.487011
-237	114.315	0	0.582819	-0.356792	0.730083
-235	110.851	0	0.599754	-0.201851	0.774307
-231	110.851	0	0.840229	-0.22486	0.493411
-229	114.315	0	0.599672	-0.336533	0.726044
-225	114.315	0	0.926205	-0.106936	0.361537
-223	110.851	0	0.737741	0.316765	0.596152
-219	110.851	0	0.712877	0.325009	0.62143
-217	114.315	0	0.934862	-0.0262032	0.354042
-213	114.315	0	0.940138	-0.0804074	0.331173
-211	110.851	0	0.789344	-0.0531582	0.611646
-207	110.851	0	0.847842	-0.197495	0.492096
-205	114.315	0	0.593536	-0.734307	0.329406
-201	114.315	0	0.357152	-0.49896	0.789608
-199	110.851	0	0.553733	-0.398329	0.731242
-195	110.851	0	0.940019	-0.226905	0.254714
-193	114.315	0	0.865543	-0.482009	0.136026
-189	114.315	0	0.817439	-0.572645	-0.0622194
-187	110.851	0	0.879015	-0.471249	0.0725008
-183	110.851	0	0.868971	-0.471879	0.149061
-181	114.315	0	0.67404	-0.709605	0.205258
-177	114.315	0	0.738602	-0.615984	0.273918
-175	110.851	0	0.79986	-0.599552	0.0275922
-171	110.851	0	0.643167	-0.738513	-0.202321
-169	114.315	0	0.483563	-0.768092	-0.419763
-165	114.315	0	0.508639	-0.813814	-0.281059
-163	110.851	0	0.682805	-0.728964	-0.0488866
-159	110.851	0	0.647613	-0.713214	-0.268187
-157	114.315	0	0.693365	-0.625197	-0.358292
-153	114.315	0	0.324366	-0.664045	-0.67367
-151	110.851	0	0.206353	-0.666432	-0.71644
-147	110.851	0	0.381126	-0.523613	-0.761953
-145	114.315	0	0.497651	-0.584144	-0.641186
-141	114.315	0	0.815409	-0.577076	-0.0457417
-139	110.851	0	0.653396	-0.637484	-0.408275
-135	110.851	0	0.373315	-0.898486	-0.230993
-133	114.315	0	0.4596	-0.853978	-0.243906
-129	114.315	0	0.0452096	-0.99118	0.124573
-127	110.851	0	0.115357	-0.827158	0.550002
-123	110.851	0	0.167557	-0.654263	0.737472
-121	114.315	0	-0.19702	-0.774509	0.601098
-117	114.315	0	-0.223301	-0.858775	0.461132
-115	110.851	0	0.390823	-0.441606	0.807615
-111	110.851	0	-0.0111616	-0.572258	0.819997
-109	114.315	0	0.122568	-0.772643	0.622897
-105	114.315	0	0.106836	-0.754188	0.647909
-103	110.851	0	0.315014	-0.389253	0.865591
-99	110.851	0	0.197081	-0.543451	0.815978
-97	114.315	0	0.318704	-0.459522	0.829016
-93	114.315	0	0.183362	-0.408162	0.894305
-91	110.851	0	0.530741	-0.0529512	0.845878
-87	110.851	0	0.838078	-0.172665	0.517505
-85	114.315	0	0.564171	-0.784844	0.256381
-81	114.315	0	0.783286	-0.615178	0.0895537
-79	110.851	0	0.693567	-0.634189	-0.341715
-75	110.851	0	0.16054	-0.698955	-0.696914
-73	114.315	0	0.509872	-0.726696	-0.460373
-69	114.315	0	0.478175	-0.655281	-0.584769
-67	110.851	0	0.462854	-0.236224	-0.85438
-63	110.851	0	0.23762	-0.229962	-0.943745
-61	114.315	0	-0.0890238	-0.118216	-0.988989
-57	114.315	0	0.0868142	0.279679	-0.956161
-55	110.851	0	-0.0542933	0.105384	-0.992948
-51	110.851	0	-0.482168	0.0235262	-0.875763
-49	114.315	0	-0.530121	-0.0764459	-0.844469
-45	114.315	0	-0.581438	-0.0843741	-0.809204
-43	110.851	0	-0.609927	0.0612477	-0.790087
-39	110.851	0	-0.4737	0.306763	-0.825533
-37	114.315	0	-0.791347	0.0345979	-0.610388
-33	114.315	0	-0.772938	0.324143	-0.545433
-31	110.851	0	-0.907354	-0.268946	-0.323074
-27	110.851	0	-0.985246	-0.0381357	-0.166844
-25	114.315	0	-0.942135	-0.289448	-0.16912
-21	114.315	0	-0.942712	-0.119064	0.311637
-19	110.851	0	-0.941636	0.0615294	0.330963
-15	110.851	0	-0.594295	0.110609	0.796605
-13	114.315	0	-0.237001	0.756283	0.609808
-9	114.315	0	-0.0632039	0.696977	0.714303
-7	110.851	0	0.198889	0.609384	0.767525
-3	110.851	0	0.542134	0.777276	0.31927
-249	121.243	0	0.0701523	-0.256043	0.964116
-247	117.779	0	0.605185	-0.401515	0.687413
-243	117.779	0	0.491467	-0.420346	0.762738
-241	121.243	0	0.225905	-0.43273	0.872761
-237	121.243	0	0.257949	-0.418493	0.870819
-235	117.779	0	0.388344	-0.117477	0.913995
-231	117.779	0	0.185565	-0.426685	0.885158
-229	121.243	0	0.155114	-0.495401	0.854703
-225	121.243	0	0.543626	-0.62075	0.564924
-223	117.779	0	0.940544	-0.311771	0.134815
-219	117.779	0	0.900775	-0.389175	0.192735
-217	121.243	0	0.409472	-0.898427	0.158625
-213	121.243	0	0.738482	-0.673585	0.0304642
-211	117.779	0	0.831201	-0.454432	0.320306
-207	117.779	0	0.731756	-0.64757	0.212571
-205	121.243	0	0.55466	-0.830048	0.0580687
-201	121.243	0	0.347738	-0.93758	-0.00479299
-199	117.779	0	0.714847	-0.61138	0.339423
-195	117.779	0	0.723096	-0.675073	0.146318
-193	121.243	0	0.781012	-0.61245	-0.122166
-189	121.243	0	0.719784	-0.659009	-0.218217
-187	117.779	0	0.816988	-0.550548	0.171545
-183	117.779	0	0.67588	-0.73064	0.0967096
-181	121.243	0	0.554361	-0.832115	0.0163864
-177	121.243	0	0.582659	-0.805639	0.107024
-175	117.779	0	0.466497	-0.882739	0.0561449
-171	117.779	0	0.338796	-0.913275	-0.226154
-169	121.243	0	0.456277	-0.866313	-0.203255
-165	121.243	0	0.370352	-0.918934	-0.135647
-163	117.779	0	0.463462	-0.857151	-0.22471
-159	117.779	0	0.517537	-0.823785	-0.231371
-157	121.243	0	0.422491	-0.890296	-0.169925
-153	121.243	0	0.288497	-0.685977	-0.667986
-151	117.779	0	0.26803	-0.800582	-0.535936
-147	117.779	0	0.238964	-0.933111	-0.268702
-145	121.243	0	0.356943	-0.846901	-0.394145
-141	121.243	0	0.72189	-0.667356	-0.183058
-139	117.779	0	0.896416	-0.433963	-0.0900843
-135	117.779	0	0.416805	-0.705819	-0.572795
-133	121.243	0	0.80395	-0.375331	-0.461292
-129	121.243	0	0.0775033	-0.984023	-0.16029
-127	117.779	0	-0.286628	-0.89597	0.339237
-123	117.779	0	-0.353405	-0.925153	0.138552
-121	121.243	0	-0.0272925	-0.981497	0.18952
-117	121.243	0	0.262286	-0.946997	0.185478
-115	117.779	0	-0.026724	-0.687359	0.725826
-111	117.779	0	-0.12218	-0.825079	0.551649
-109	121.243	0	0.221278	-0.6706	0.708047
-105	121.243	0	0.454376	-0.75715	0.469326
-103	117.779	0	0.393519	-0.591298	0.703925
-99	117.779	0	0.153172	-0.430131	0.889677
-97	121.243	0	0.0700044	-0.637349	0.767389
-93	121.243	0	0.168777	-0.912673	0.372212
-91	117.779	0	0.381734	-0.76894	0.512845
-87	117.779	0	0.437311	-0.804094	0.402731
-85	121.243	0	0.643148	-0.765189	-0.0290942
-81	121.243	0	0.592018	-0.805514	-0.0257322
-79	117.779	0	0.598955	-0.783891	-0.163609
-75	117.779	0	0.578674	-0.470556	-0.666118
-73	121.243	0	0.127753	-0.587737	-0.798902
-69	121.243	0	0.117321	-0.320368	-0.94
-67	117.779	0	0.236315	-0.27321	-0.932476
-63	117.779	0	0.241932	0.0827276	-0.96676
-61	121.243	0	-0.302405	0.369823	-0.878511
-57	121.243	0	-0.272913	0.238816	-0.931926
-55	117.779	0	-0.0715408	0.310517	-0.947872
-51	117.779	0	-0.655371	0.131581	-0.743757
-49	121.243	0	-0.788243	0.0550022	-0.612901
-45	121.243	0	-0.493461	0.303124	-0.815237
-43	117.779	0	-0.735073	0.113379	-0.66844
-39	117.779	0	-0.725957	-0.0249213	-0.687288
-37	121.243	0	-0.589549	0.320938	-0.741236
-33	121.243	0	-0.790062	0.127145	-0.599697
-31	117.779	0	-0.820089	0.296246	-0.489583
-27	117.779	0	-0.911651	-0.0140271	-0.410725
-25	121.243	0	-0.656942	-0.0519859	-0.752147
-21	121.243	0	-0.57343	0.336258	-0.747066
-19	117.779	0	-0.778973	0.627026	0.00628642
-15	117.779	0	-0.257888	0.847405	0.46411
-13	121.243	0	-0.317483	0.942181	0.107237
-9	121.243	0	-0.068104	0.997512	-0.0182239
-7	117.779	0	0.261231	0.869126	0.419974
-3	117.779	0	0.434823	0.867375	0.242053
-249	3.4635	0	-0.733028	0.146751	0.664179
-241	3.4635	0	-0.664758	0.47979	0.572623
-237	3.4635	0	-0.82984	0.2495	0.499114
-229	3.4635	0	-0.805591	0.355164	-0.474216
-225	3.4635	0	-0.642685	0.639647	-0.421673
-217	3.4635	0	0.0472272	-0.0473348	-0.997762
-213	3.4635	0	-0.148157	0.00562612	-0.988948
-205	3.4635	0	0.145563	-0.462722	-0.874471
-201	3.4635	0	0.0638044	-0.482123	-0.873777
-193	3.4635	0	-0.270126	-0.688648	-0.672901
-189	3.4635	0	-0.0575499	-0.588534	-0.806422
-181	3.4635	0	-0.457979	-0.333401	-0.824074
-177	3.4635	0	-0.720951	-0.251367	-0.64579
-169	3.4635	0	-0.39978	0.0633078	-0.914422
-165	3.4635	0	-0.228822	0.133441	-0.964279
-157	3.4635	0	-0.215096	0.104332	-0.971004
-153	3.4635	0	-0.0950631	0.213994	-0.972198
-145	3.4635	0	-0.0127405	0.307424	-0.951487
-141	3.4635	0	0.00610363	-0.00563664	-0.999965
-133	3.4635	0	0.281654	-0.201488	-0.938122
-129	3.4635	0	0.219791	-0.518781	-0.826171
-121	3.4635	0	0.529267	-0.254918	-0.809255
-117	3.4635	0	0.662123	0.0460637	-0.747978
-109	3.4635	0	0.589854	0.180098	-0.787171
-105	3.4635	0	0.586092	-0.0977003	-0.804333
-97	3.4635	0	0.559165	0.418667	-0.715578
-93	3.4635	0	0.86067	0.497428	-0.108684
-85	3.4635	0	0.764642	0.624726	0.158243
-81	3.4635	0	0.819828	0.443124	0.362661
-73	3.4635	0	0.212594	0.903267	-0.37271
-69	3.4635	0	-0.200235	0.950703	-0.23679
-61	3.4635	0	-0.188825	0.882997	-0.429723
-57	3.4635	0	-0.191795	0.971849	-0.136839
-49	3.4635	0	-0.366239	0.680444	0.634716
-45	3.4635	0	-0.255467	0.523031	0.813127
-37	3.4635	0	-0.180252	0.331719	0.925998
-33	3.4635	0	-0.314944	0.288456	0.904214
-25	3.4635	0	-0.179556	0.100292	0.978622
-21	3.4635	0	-0.0958566	0.0336359	0.994827
-13	3.4635	0	-0.110316	-0.140854	0.983865
-9	3.4635	0	0.15685	-0.183515	0.970423
-1	3.4635	0	0.00447714	-0.456808	0.889554
-1	10.3925	0	-0.14137	-0.589677	0.79517
-1	17.3205	0	0.0175093	-0.867635	0.496892
-1	24.2485	0	-0.399686	-0.80028	-0.446993
-1	31.1765	0	-0.374189	-0.5919	-0.713889
-1	38.1045	0	-0.385549	-0.635401	-0.669042
-1	45.0335	0	-0.0356551	-0.449735	-0.89245
-1	51.9615	0	-0.0828246	-0.809831	-0.580787
-1	58.8895	0	-0.0810338	-0.571364	-0.816686
-1	65.8175	0	0.400728	-0.197929	-0.894562
-1	72.7455	0	0.751935	-0.354435	-0.55585
-1	79.6745	0	0.823751	-0.0841854	0.560666
-1	86.6025	0	0.170015	0.0528266	0.984025
-1	93.5305	0	0.286748	-0.117197	0.95081
-1	100.459	0	0.337433	0.357307	0.870903
-1	107.387	0	0.551092	0.744258	0.37733
-1	114.315	0	0.362068	0.931549	-0.0335322
-1	121.243	0	0.373227	0.878517	-0.298177
-247	124.707	0	-0.0944021	-0.0481904	0.994367
-243	124.707	0	0.134718	-0.26829	0.953872
-235	124.707	0	0.0641638	-0.612939	0.787521
-231	124.707	0	-0.00603145	-0.794305	0.60749
-223	124.707	0	-0.0791113	-0.934246	0.347745
-219	124.707	0	0.243393	-0.928121	0.281694
-211	124.707	0	0.226286	-0.970594	-0.0821146
-207	124.707	0	0.068729	-0.934184	-0.350108
-199	124.707	0	0.226148	-0.96873	-0.102076
-195	124.707	0	0.598149	-0.76678	0.232949
-187	124.707	0	0.603076	-0.771526	-0.202601
-183	124.707	0	0.533165	-0.800164	-0.274723
-175	124.707	0	0.797295	-0.580087	0.166796
-171	124.707	0	0.435443	-0.899533	-0.0350585
-163	124.707	0	0.767869	-0.639699	-0.0340878
-159	124.707	0	0.292681	-0.914371	-0.279756
-151	124.707	0	0.400019	-0.513716	-0.759
-147	124.707	0	0.279266	-0.705982	-0.650846
-139	124.707	0	0.561342	-0.643708	-0.52013
-135	124.707	0	0.577841	-0.655218	-0.48661
-127	124.707	0	0.651082	-0.75898	-0.006409
-123	124.707	0	0.525244	-0.766877	-0.368805
-115	124.707	0	0.533122	-0.845933	0.0133818
-111	124.707	0	0.401336	-0.657479	0.637692
-103	124.707	0	0.389157	-0.743878	0.543326
-99	124.707	0	0.375369	-0.724	0.578724
-91	124.707	0	0.43589	-0.798566	0.415082
-87	124.707	0	0.236169	-0.935284	0.263568
-79	124.707	0	0.122238	-0.974298	-0.189211
-75	124.707	0	0.411372	-0.612147	-0.675314
-67	124.707	0	-0.18794	-0.198817	-0.961847
-63	124.707	0	-0.295931	0.24616	-0.922947
-55	124.707	0	-0.437994	0.436083	-0.786125
-51	124.707	0	-0.599787	0.303657	-0.740303
-43	124.707	0	-0.0713558	0.379506	-0.922434
-39	124.707	0	-0.280038	0.360118	-0.889884
-31	124.707	0	-0.719904	0.120312	-0.683567
-27	124.707	0	-0.635218	0.198606	-0.746361
-19	124.707	0	-0.603291	0.557598	-0.570197
-15	124.707	0	-0.518112	0.835285	-0.184006
-7	124.707	0	-0.430152	0.759365	-0.488196
-3	124.707	0	-0.22236	0.849574	-0.47831
-249	135.099	0	0.0644914	-0.0795723	0.994741
-247	131.635	0	-0.226171	0.0667475	0.971798
-243	131.635	0	-0.329671	-0.0765823	0.940985
-241	135.099	0	-0.494716	-0.0590327	0.867047
-237	135.099	0	-0.537195	-0.239687	0.808685
-235	131.635	0	-0.217049	-0.50837	0.833337
-231	131.635	0	-0.302952	-0.499051	0.811892
-229	135.099	0	-0.459803	-0.664144	0.589485
-225	135.099	0	-0.780927	-0.494881	0.38111
-223	131.635	0	-0.597518	-0.660564	0.454563
-219	131.635	0	-0.392133	-0.917735	-0.0632046
-217	135.099	0	-0.279917	-0.478729	-0.832145
-213	135.099	0	-0.151703	-0.420064	-0.894725
-211	131.635	0	0.00358416	-0.609181	-0.793023
-207	131.635	0	0.209752	-0.780649	-0.58872
-205	135.099	0	0.00915583	-0.447248	-0.894363
-201	135.099	0	0.0395039	-0.795157	-0.605115
-199	131.635	0	0.317718	-0.858709	-0.402087
-195	131.635	0	0.226728	-0.973825	0.016127
-193	135.099	0	0.237111	-0.969167	-0.0670335
-189	135.099	0	0.149874	-0.963519	-0.221742
-187	131.635	0	0.359714	-0.930182	-0.0732573
-183	131.635	0	0.475191	-0.822062	-0.313699
-181	135.099	0	0.802663	-0.561151	0.202092
-177	135.099	0	0.768991	-0.613628	0.179202
-175	131.635	0	0.705428	-0.580387	0.406844
-171	131.635	0	0.925325	-0.262306	0.273805
-169	135.099	0	0.789308	-0.522557	-0.322378
-165	135.099	0	0.833227	-0.350743	-0.427448
-163	131.635	0	0.677861	-0.41614	-0.606079
-159	131.635	0	0.299581	-0.828601	-0.47294
-157	135.099	0	0.436219	-0.765661	-0.472732
-153	135.099	0	0.418953	-0.707401	-0.569265
-151	131.635	0	0.555007	-0.704949	-0.441604
-147	131.635	0	0.553318	-0.502575	-0.664272
-145	135.099	0	0.285233	-0.444019	-0.849405
-141	135.099	0	0.571101	-0.371791	-0.731857
-139	131.635	0	0.614732	-0.512623	-0.599435
-135	131.635	0	0.474236	-0.73427	-0.485746
-133	135.099	0	0.33455	-0.680598	-0.651815
-129	135.099	0	0.391541	-0.723134	-0.569011
-127	131.635	0	0.25171	-0.682556	-0.686119
-123	131.635	0	0.569107	-0.690318	-0.446742
-121	135.099	0	0.417519	-0.856157	-0.304422
-117	135.099	0	0.597669	-0.791508	0.127695
-115	131.635	0	0.644589	-0.75909	-0.0910361
-111	131.635	0	0.564219	-0.812577	0.146202
-109	135.099	0	0.441597	-0.846091	0.298532
-105	135.099	0	0.48042	-0.818697	0.314533
-103	131.635	0	0.360936	-0.89779	0.252384
-99	131.635	0	0.341749	-0.830747	0.439395
-97	135.099	0	0.1888	-0.823388	0.535152
-93	135.099	0	-0.221215	-0.856125	0.467026
-91	131.635	0	0.213334	-0.918362	0.333317
-87	131.635	0	-0.243939	-0.922112	0.300338
-85	135.099	0	-0.16753	-0.961677	0.217049
-81	135.099	0	0.125874	-0.892642	0.432835
-79	131.635	0	-0.049685	-0.995795	0.0769708
-75	131.635	0	0.0701221	-0.981998	-0.175394
-73	135.099	0	-0.573949	-0.758515	-0.308607
-69	135.099	0	-0.592451	-0.374143	-0.713456
-67	131.635	0	-0.330462	-0.361285	-0.871934
-63	131.635	0	-0.490784	0.203107	-0.847277
-61	135.099	0	-0.245147	0.679196	-0.691806
-57	135.099	0	-0.434404	0.628365	-0.64533
-55	131.635	0	-0.182397	0.539088	-0.822262
-51	131.635	0	-0.310363	0.53681	-0.784544
-49	135.099	0	-0.536411	0.340389	-0.772269
-45	135.099	0	-0.54489	0.512709	-0.663494
-43	131.635	0	-0.521648	0.556127	-0.646998
-39	131.635	0	-0.556891	0.54538	-0.626445
-37	135.099	0	-0.384976	0.3266	-0.863207
-33	135.099	0	-0.6058	0.687783	-0.399951
-31	131.635	0	-0.368389	0.471753	-0.801086
-27	131.635	0	-0.398467	0.349464	-0.847997
-25	135.099	0	-0.51244	0.393272	-0.763376
-21	135.099	0	-0.42988	-0.157274	-0.889083
-19	131.635	0	-0.265069	-0.0069142	-0.964205
-15	131.635	0	-0.158816	0.062711	-0.985315
-13	135.099	0	0.0854482	-0.0280819	-0.995947
-9	135.099	0	-0.388788	-0.0257951	-0.920966
-7	131.635	0	-0.503182	0.457601	-0.733082
-3	131.635	0	-0.359463	0.399903	-0.843128
-249	142.027	0	-0.312474	0.595194	0.74034
-247	138.563	0	-0.233807	0.346224	0.90855
-243	138.563	0	-0.55218	0.314723	0.772041
-241	142.027	0	-0.423701	0.426295	0.799219
-237	142.027	0	-0.457893	0.118949	0.881014
-235	138.563	0	-0.500578	-0.179284	0.846923
-231	138.563	0	-0.694899	-0.499982	0.51685
-229	142.027	0	-0.930845	-0.179396	0.318346
-225	142.027	0	-0.86885	-0.490753	-0.0652773
-223	138.563	0	-0.849829	-0.526669	-0.020259
-219	138.563	0	-0.77151	-0.395863	-0.498061
-217	142.027	0	-0.582002	-0.58447	-0.565392
-213	142.027	0	-0.115959	-0.544794	-0.830514
-211	138.563	0	-0.130246	-0.559021	-0.81886
-207	138.563	0	0.170358	-0.568783	-0.804651
-205	142.027	0	-0.125133	-0.679951	-0.722501
-201	142.027	0	0.0428518	-0.791273	-0.609959
-199	138.563	0	0.0933689	-0.89617	-0.433777
-195	138.563	0	0.0204156	-0.976793	-0.21321
-193	142.027	0	-0.134472	-0.969222	-0.206217
-189	142.027	0	-0.160771	-0.98094	-0.109128
-187	138.563	0	0.18986	-0.980006	0.0595182
-183	138.563	0	0.676519	-0.715387	0.174769
-181	142.027	0	0.622654	-0.782494	0.00220294
-177	142.027	0	0.679992	-0.719729	0.140007
-175	138.563	0	0.381097	-0.919454	0.0967985
-171	138.563	0	0.628823	-0.777532	-0.005175
-169	142.027	0	0.792497	-0.577237	-0.196839
-165	142.027	0	0.750213	-0.379761	-0.541259
-163	138.563	0	0.732315	-0.593912	-0.333142
-159	138.563	0	0.52037	-0.597262	-0.610322
-157	142.027	0	0.731384	-0.605599	-0.313572
-153	142.027	0	0.556743	-0.667945	-0.493849
-151	138.563	0	0.461527	-0.724994	-0.511249
-147	138.563	0	0.513876	-0.289938	-0.807383
-145	142.027	0	0.59592	-0.448712	-0.665986
-141	142.027	0	0.483287	-0.543681	-0.686181
-139	138.563	0	0.187217	-0.289176	-0.93879
-135	138.563	0	0.355044	-0.498691	-0.790728
-133	142.027	0	0.666201	-0.617988	-0.417454
-129	142.027	0	0.740577	-0.454921	-0.494562
-127	138.563	0	0.477114	-0.706552	-0.522634
-123	138.563	0	0.356143	-0.829296	-0.430616
-121	142.027	0	0.492119	-0.869372	-0.0448496
-117	142.027	0	0.659004	-0.751886	0.0195349
-115	138.563	0	0.466084	-0.873285	-0.141914
-111	138.563	0	0.490172	-0.866775	-0.0918251
-109	142.027	0	0.169548	-0.960978	-0.218575
-105	142.027	0	0.295633	-0.94544	-0.136911
-103	138.563	0	-0.0270111	-0.991177	0.129766
-99	138.563	0	-0.0838239	-0.903706	0.419868
-97	142.027	0	0.0689582	-0.94427	0.321867
-93	142.027	0	-0.0403486	-0.957437	0.285807
-91	138.563	0	-0.200891	-0.830632	0.51932
-87	138.563	0	-0.278108	-0.861367	0.425091
-85	142.027	0	-0.35882	-0.779228	0.51386
-81	142.027	0	-0.038609	-0.873664	0.484995
-79	138.563	0	-0.0388838	-0.798932	0.600163
-75	138.563	0	-0.350123	-0.896508	0.271452
-73	142.027	0	-0.583305	-0.45046	0.6759
-69	142.027	0	-0.818001	0.145121	0.55661
-67	138.563	0	-0.895345	0.409681	-0.174695
-63	138.563	0	-0.635343	0.710592	-0.302322
-61	142.027	0	-0.519878	0.844913	-0.125897
-57	142.027	0	-0.343921	0.880897	-0.325175
-55	138.563	0	-0.232845	0.714878	-0.659343
-51	138.563	0	-0.112714	0.715611	-0.689345
-49	142.027	0	-0.437389	0.43632	-0.786331
-45	142.027	0	-0.545219	0.368323	-0.753043
-43	138.563	0	-0.52786	0.171804	-0.831774
-39	138.563	0	-0.47951	0.452297	-0.751995
-37	142.027	0	-0.189218	0.744047	-0.640773
-33	142.027	0	-0.285488	0.821036	-0.494364
-31	138.563	0	-0.634082	0.553748	-0.539725
-27	138.563	0	-0.653748	0.370093	-0.660034
-25	142.027	0	-0.760443	0.232029	-0.606538
-21	142.027	0	-0.6532	0.068702	-0.754062
-19	138.563	0	-0.370753	0.223039	-0.901552
-15	138.563	0	-0.203559	0.0872623	-0.975166
-13	142.027	0	-0.615844	0.0674209	-0.784978
-9	142.027	0	-0.36996	0.148522	-0.917099
-7	138.563	0	-0.106169	0.0468335	-0.993245
-3	138.563	0	-0.240098	0.249017	-0.938266
-249	148.957	0	-0.234272	0.967374	0.096461
-247	145.493	0	-0.390197	0.801919	0.452407
-243	145.493	0	-0.665166	0.627888	0.404117
-241	148.957	0	-0.262381	0.940501	-0.215904
-237	148.957	0	-0.470552	0.837392	0.278128
-235	145.493	0	-0.629687	0.636799	0.444951
-231	145.493	0	-0.931563	0.206849	0.299006
-229	148.957	0	-0.905802	0.422169	0.0360018
-225	148.957	0	-0.974599	-0.0338829	-0.221377
-223	145.493	0	-0.974926	-0.159507	-0.155164
-219	145.493	0	-0.926474	-0.267722	-0.264518
-217	148.957	0	-0.8758	-0.0740511	-0.47696
-213	148.957	0	-0.457593	-0.249831	-0.853342
-211	145.493	0	-0.281485	-0.417705	-0.86388
-207	145.493	0	0.0874356	-0.391461	-0.916031
-205	148.957	0	0.423276	-0.0279724	-0.905569
-201	148.957	0	0.57732	-0.5714	-0.583269
-199	145.493	0	0.3605	-0.775334	-0.518552
-195	145.493	0	0.0968541	-0.955768	-0.277717
-193	148.957	0	0.421218	-0.896577	-0.136844
-189	148.957	0	0.295071	-0.945681	0.136456
-187	145.493	0	0.494364	-0.861193	-0.118119
-183	145.493	0	0.564229	-0.825613	-0.00302392
-181	148.957	0	0.694015	-0.662974	0.280729
-177	148.957	0	0.652507	-0.60295	0.459004
-175	145.493	0	0.716205	-0.560697	0.415535
-171	145.493	0	0.672284	-0.628543	0.391112
-169	148.957	0	0.727499	-0.499913	0.469928
-165	148.957	0	0.687209	-0.554982	0.468764
-163	145.493	0	0.875703	-0.414209	-0.248144
-159	145.493	0	0.760655	-0.444746	-0.472869
-157	148.957	0	0.828989	-0.525617	-0.19106
-153	148.957	0	0.565045	-0.583134	-0.583677
-151	145.493	0	0.650357	-0.618232	-0.441389
-147	145.493	0	0.564682	-0.522091	-0.639183
-145	148.957	0	0.45017	-0.627666	-0.635124
-141	148.957	0	0.328231	-0.7613	-0.559184
-139	145.493	0	0.117195	-0.80181	-0.585975
-135	145.493	0	0.41819	-0.880998	-0.22127
-133	148.957	0	0.697124	-0.584799	-0.414762
-129	148.957	0	0.915511	-0.387522	-0.10801
-127	145.493	0	0.773359	-0.610566	-0.170662
-123	145.493	0	0.801865	-0.589146	-0.0995994
-121	148.957	0	0.899807	-0.434079	-0.0438512
-117	148.957	0	0.746807	-0.520505	0.41395
-115	145.493	0	0.667555	-0.695286	0.266361
-111	145.493	0	0.255784	-0.933133	-0.252662
-109	148.957	0	0.277937	-0.913287	0.297755
-105	148.957	0	0.251957	-0.959967	0.122398
-103	145.493	0	0.313145	-0.938286	0.146831
-99	145.493	0	0.124797	-0.897586	0.422807
-97	148.957	0	-0.0659832	-0.752069	0.655773
-93	148.957	0	-0.32331	-0.638951	0.698006
-91	145.493	0	-0.139568	-0.864664	0.482574
-87	145.493	0	-0.115178	-0.508201	0.853502
-85	148.957	0	-0.0265204	-0.044258	0.998668
-81	148.957	0	0.0919356	-0.291641	0.952099
-79	145.493	0	-0.105829	-0.533639	0.839065
-75	145.493	0	-0.496146	-0.211794	0.842011
-73	148.957	0	-0.155713	-0.140465	0.977764
-69	148.957	0	-0.225357	0.331064	0.916303
-67	145.493	0	-0.663779	0.406728	0.62767
-63	145.493	0	-0.472675	0.740854	0.477194
-61	148.957	0	-0.119984	0.947147	0.297516
-57	148.957	0	-0.0899178	0.991117	-0.0979853
-55	145.493	0	-0.409088	0.784682	-0.465747
-51	145.493	0	-0.312696	0.701482	-0.640425
-49	148.957	0	-0.438942	0.69927	-0.564227
-45	148.957	0	-0.495747	0.796147	-0.346965
-43	145.493	0	-0.472295	0.579474	-0.66419
-39	145.493	0	-0.500539	0.566894	-0.654287
-37	148.957	0	-0.403167	0.846834	-0.346883
-33	148.957	0	-0.404827	0.905733	-0.125548
-31	145.493	0	-0.530578	0.839373	-0.118065
-27	145.493	0	-0.706529	0.617787	-0.345189
-25	148.957	0	-0.652745	0.602049	-0.459849
-21	148.957	0	-0.735203	0.5377	-0.412742
-19	145.493	0	-0.532205	0.358095	-0.767154
-15	145.493	0	-0.30699	0.0902063	-0.947428
-13	148.957	0	-0.655987	0.424958	-0.623773
-9	148.957	0	-0.821858	0.278508	-0.496974
-7	145.493	0	-0.535413	0.190327	-0.822866
-3	145.493	0	-0.252591	-0.0675607	-0.965212
-249	155.885	0	0.126859	0.900528	-0.41588
-247	152.421	0	0.13379	0.912232	-0.387212
-243	152.421	0	-0.352445	0.885598	-0.302488
-241	155.885	0	-0.0857887	0.80957	-0.580721
-237	155.885	0	0.0118507	0.808377	-0.588546
-235	152.421	0	-0.457366	0.854485	-0.246315
-231	152.421	0	-0.600243	0.785035	-0.153067
-229	155.885	0	-0.248659	0.701288	-0.668104
-225	155.885	0	-0.582195	0.626487	-0.51823
-223	152.421	0	-0.775215	0.191811	-0.601872
-219	152.421	0	-0.511028	0.234751	-0.826887
-217	155.885	0	-0.450411	-0.0902378	-0.88825
-213	155.885	0	-0.0932891	0.131886	-0.986865
-211	152.421	0	-0.0780191	0.106776	-0.991217
-207	152.421	0	0.196074	-0.148517	-0.969277
-205	155.885	0	0.595028	-0.162887	-0.787026
-201	155.885	0	0.584197	-0.664722	-0.465681
-199	152.421	0	0.729444	-0.614235	-0.301043
-195	152.421	0	0.634916	-0.763922	0.115342
-193	155.885	0	0.661323	-0.693811	0.285094
-189	155.885	0	0.297354	-0.876992	0.377445
-187	152.421	0	0.162338	-0.958444	0.234587
-183	152.421	0	0.737049	-0.461524	0.493715
-181	155.885	0	0.429939	-0.389974	0.814293
-177	155.885	0	0.732855	-0.373475	0.568718
-175	152.421	0	0.626545	-0.397619	0.670329
-171	152.421	0	0.63831	-0.572945	0.514096
-169	155.885	0	0.386252	-0.381693	0.839714
-165	155.885	0	0.624048	-0.251486	0.73981
-163	152.421	0	0.792183	-0.217102	0.570362
-159	152.421	0	0.901142	-0.414462	0.127138
-157	155.885	0	0.954644	-0.276181	-0.11126
-153	155.885	0	0.671345	-0.664298	-0.328641
-151	152.421	0	0.689766	-0.522828	-0.500874
-147	152.421	0	0.562201	-0.644883	-0.517741
-145	155.885	0	0.772984	-0.604632	-0.192136
-141	155.885	0	0.319037	-0.821157	-0.473197
-139	152.421	0	0.0910306	-0.839247	-0.536076
-135	152.421	0	0.218468	-0.952716	-0.211198
-133	155.885	0	0.178924	-0.979251	-0.0951534
-129	155.885	0	0.645846	-0.737584	0.197109
-127	152.421	0	0.784496	-0.61866	-0.0427254
-123	152.421	0	0.704944	-0.709168	0.0115907
-121	155.885	0	0.429559	-0.745858	0.509092
-117	155.885	0	0.651924	-0.508704	0.56233
-115	152.421	0	0.408616	-0.727683	0.550917
-111	152.421	0	0.282455	-0.56913	0.772211
-109	155.885	0	0.318844	-0.581227	0.748675
-105	155.885	0	0.63859	-0.68829	0.34418
-103	152.421	0	0.366435	-0.834395	0.411718
-99	152.421	0	0.385555	-0.724315	0.57159
-97	155.885	0	0.630137	-0.282092	0.72343
-93	155.885	0	0.503905	-0.111494	0.856533
-91	152.421	0	-0.153361	-0.585385	0.796119
-87	152.421	0	-0.10561	-0.293355	0.950152
-85	155.885	0	-0.0990203	-0.154491	0.98302
-81	155.885	0	0.350222	0.326126	0.878058
-79	152.421	0	0.265153	-0.0418989	0.963296
-75	152.421	0	0.0375983	0.0438185	0.998332
-73	155.885	0	-0.120153	0.0157362	0.992631
-69	155.885	0	0.0133559	0.337397	0.941268
-67	152.421	0	0.014009	0.651622	0.758414
-63	152.421	0	-0.0159601	0.867596	0.497014
-61	155.885	0	0.481827	0.848381	0.2193
-57	155.885	0	0.202951	0.9769	-0.0669122
-55	152.421	0	-0.0984523	0.994785	-0.0266393
-51	152.421	0	0.095273	0.900625	-0.424025
-49	155.885	0	-0.349407	0.936766	0.0196075
-45	155.885	0	-0.265485	0.933641	-0.240483
-43	152.421	0	-0.533462	0.83341	-0.144383
-39	152.421	0	-0.361176	0.928432	-0.0869887
-37	155.885	0	-0.475939	0.848879	0.229971
-33	155.885	0	-0.205807	0.909646	0.360814
-31	152.421	0	-0.469351	0.881997	-0.0423316
-27	152.421	0	-0.294672	0.941178	-0.165383
-25	155.885	0	-0.562069	0.783535	0.264861
-21	155.885	0	-0.583005	0.75225	0.306962
-19	152.421	0	-0.74855	0.653985	-0.109439
-15	152.421	0	-0.575836	0.604637	-0.550297
-13	155.885	0	-0.604808	0.700839	-0.378197
-9	155.885	0	-0.432852	0.808325	-0.399061
-7	152.421	0	-0.495062	0.754356	-0.431115
-3	152.421	0	-0.46315	0.344808	-0.816455
-249	162.812	0	0.0474301	0.805477	-0.590726
-247	159.349	0	0.206151	0.77862	-0.592666
-243	159.349	0	0.0300138	0.743334	-0.668247
-241	162.812	0	-0.0430033	0.570639	-0.820074
-237	162.812	0	-0.369195	0.646592	-0.667543
-235	159.349	0	-0.209111	0.69707	-0.685832
-231	159.349	0	-0.397667	0.660953	-0.636398
-229	162.812	0	-0.455029	0.783576	-0.423033
-225	162.812	0	-0.485228	0.579761	-0.654546
-223	159.349	0	-0.60945	0.435459	-0.66253
-219	159.349	0	-0.479672	0.159548	-0.862821
-217	162.812	0	-0.304343	0.428767	-0.850608
-213	162.812	0	-0.00620445	0.291357	-0.956594
-211	159.349	0	0.267535	0.109763	-0.957276
-207	159.349	0	0.268658	0.0300022	-0.962768
-205	162.812	0	0.854175	-0.15295	-0.496982
-201	162.812	0	0.875203	-0.433819	0.214056
-199	159.349	0	0.711669	-0.565394	-0.416962
-195	159.349	0	0.685918	-0.697716	0.206663
-193	162.812	0	0.336639	-0.750035	0.569316
-189	162.812	0	0.0941207	-0.671077	0.735389
-187	159.349	0	0.143976	-0.585542	0.797754
-183	159.349	0	0.435519	-0.554062	0.709464
-181	162.812	0	0.129614	-0.324339	0.937019
-177	162.812	0	0.129436	-0.573502	0.808914
-175	159.349	0	0.562595	-0.335198	0.755731
-171	159.349	0	0.329557	-0.194128	0.923962
-169	162.812	0	0.0923276	-0.322044	0.942212
-165	162.812	0	0.377453	-0.106642	0.919868
-163	159.349	0	0.850785	-0.191501	0.489379
-159	159.349	0	0.870801	-0.464488	0.161111
-157	162.812	0	0.594764	-0.769529	0.232551
-153	162.812	0	0.503584	-0.840234	-0.201022
-151	159.349	0	0.62342	-0.754375	-0.205586
-147	159.349	0	0.709795	-0.642518	-0.288725
-145	162.812	0	0.646298	-0.735763	-0.202367
-141	162.812	0	0.349917	-0.935006	0.0576437
-139	159.349	0	0.146389	-0.87827	-0.455206
-135	159.349	0	0.381281	-0.920986	-0.0800584
-133	162.812	0	0.303521	-0.890337	0.339374
-129	162.812	0	0.0875592	-0.866424	0.491572
-127	159.349	0	0.412486	-0.757015	0.506739
-123	159.349	0	0.430258	-0.546394	0.718562
-121	162.812	0	0.12463	-0.49065	0.862398
-117	162.812	0	0.239379	-0.343869	0.907993
-115	159.349	0	0.164814	-0.481254	0.860948
-111	159.349	0	0.434329	-0.506707	0.744719
-109	162.812	0	0.643839	-0.394722	0.655489
-105	162.812	0	0.866165	-0.443171	0.230992
-103	159.349	0	0.656192	-0.670962	0.345286
-99	159.349	0	0.423109	-0.463553	0.778522
-97	162.812	0	0.534239	-0.517083	0.66874
-93	162.812	0	0.449976	-0.184898	0.87369
-91	159.349	0	0.411814	-0.144975	0.899662
-87	159.349	0	-0.188252	0.0142908	0.982017
-85	162.812	0	0.493956	0.203586	0.845316
-81	162.812	0	0.290894	0.43663	0.851314
-79	159.349	0	0.515588	0.287024	0.807333
-75	159.349	0	0.329073	0.241254	0.912966
-73	162.812	0	0.391894	0.652276	0.648811
-69	162.812	0	0.43454	0.494026	0.753069
-67	159.349	0	0.381926	0.333811	0.861802
-63	159.349	0	0.409502	0.46627	0.784156
-61	162.812	0	0.399625	0.678892	0.615959
-57	162.812	0	0.234569	0.802195	0.549054
-55	159.349	0	0.0826421	0.958375	0.273292
-51	159.349	0	0.0759637	0.900593	0.427974
-49	162.812	0	0.0555749	0.76214	0.645022
-45	162.812	0	-0.201929	0.797147	0.569018
-43	159.349	0	-0.240502	0.856588	0.456526
-39	159.349	0	-0.364571	0.860426	0.356026
-37	162.812	0	-0.393716	0.888342	0.236298
-33	162.812	0	-0.0582637	0.756029	0.65194
-31	159.349	0	-0.195678	0.925823	0.32336
-27	159.349	0	-0.347926	0.906538	0.239031
-25	162.812	0	-0.0990857	0.862438	0.496369
-21	162.812	0	-0.368399	0.87938	0.301617
-19	159.349	0	-0.654461	0.704465	0.274609
-15	159.349	0	-0.682668	0.712421	-0.162545
-13	162.812	0	-0.670339	0.741462	0.0296539
-9	162.812	0	-0.68362	0.416918	-0.599035
-7	159.349	0	-0.462237	0.435728	-0.77232
-3	159.349	0	-0.322696	0.257231	-0.910878
-249	169.74	0	-0.0446397	0.316365	-0.947587
-247	166.276	0	0.168626	0.641535	-0.74833
-243	166.276	0	-0.139962	0.454188	-0.879843
-241	169.74	0	0.0534087	0.277582	-0.959216
-237	169.74	0	-0.000209982	0.561949	-0.827172
-235	166.276	0	-0.207559	0.399705	-0.892835
-231	166.276	0	-0.446295	0.352507	-0.822533
-229	169.74	0	-0.305587	0.124181	-0.944032
-225	169.74	0	-0.0418966	0.245905	-0.968388
-223	166.276	0	-0.262158	0.339433	-0.903359
-219	166.276	0	0.0406739	0.360229	-0.931977
-217	169.74	0	0.172437	0.4459	-0.878316
-213	169.74	0	0.505103	0.308589	-0.806005
-211	166.276	0	0.485318	-0.203297	-0.850374
-207	166.276	0	0.842392	-0.00188099	-0.538862
-205	169.74	0	0.995583	0.00142183	0.0938749
-201	169.74	0	0.896422	-0.16437	0.411594
-199	166.276	0	0.699924	-0.515075	0.494776
-195	166.276	0	0.39502	-0.622393	0.675711
-193	169.74	0	0.153121	-0.424024	0.892613
-189	169.74	0	0.258158	0.0127723	0.966018
-187	166.276	0	-0.0812103	-0.407395	0.909634
-183	166.276	0	0.151908	-0.41235	0.898271
-181	169.74	0	0.0375051	-0.321513	0.946162
-177	169.74	0	-0.117911	-0.34686	0.930476
-175	166.276	0	0.0097874	-0.513898	0.857795
-171	166.276	0	0.17707	-0.413954	0.89291
-169	169.74	0	0.0805508	-0.455641	0.886511
-165	169.74	0	0.359736	-0.182541	0.915024
-163	166.276	0	0.623225	-0.238332	0.744841
-159	166.276	0	0.68011	-0.540665	0.495108
-157	169.74	0	0.394006	-0.653285	0.646512
-153	169.74	0	0.285399	-0.832699	0.474511
-151	166.276	0	0.305808	-0.950143	-0.0609091
-147	166.276	0	0.540892	-0.839687	0.0485919
-145	169.74	0	-0.427754	-0.903783	-0.0142573
-141	169.74	0	-0.165831	-0.84661	0.50572
-139	166.276	0	0.356526	-0.83785	0.413396
-135	166.276	0	-0.248046	-0.600081	0.76051
-133	169.74	0	-0.500965	-0.307714	0.808917
-129	169.74	0	-0.506547	-0.395565	0.766119
-127	166.276	0	-0.103457	-0.4673	0.878024
-123	166.276	0	-0.182413	-0.0993453	0.97819
-121	169.74	0	-0.164307	0.326996	0.930633
-117	169.74	0	-0.199393	0.715706	0.669333
-115	166.276	0	0.0946298	0.256311	0.961951
-111	166.276	0	0.385636	0.178062	0.905306
-109	169.74	0	0.691308	0.559535	0.45718
-105	169.74	0	0.943904	0.300169	-0.137638
-103	166.276	0	0.917231	-0.212894	0.336696
-99	166.276	0	0.774352	-0.326604	0.541949
-97	169.74	0	0.979922	0.0012566	0.199379
-93	169.74	0	0.983132	-0.179492	-0.0351366
-91	166.276	0	0.843144	-0.2079	0.495868
-87	166.276	0	0.64163	-0.170767	0.747763
-85	169.74	0	0.76324	-0.107381	0.63713
-81	169.74	0	0.856169	0.169088	0.488246
-79	166.276	0	0.446815	0.11268	0.887502
-75	166.276	0	0.368176	0.467472	0.803689
-73	169.74	0	0.472908	0.306083	0.826239
-69	169.74	0	0.346104	0.42133	0.838268
-67	166.276	0	0.55023	0.547344	0.630604
-63	166.276	0	0.50974	0.54855	0.662765
-61	169.74	0	0.318046	0.441585	0.838957
-57	169.74	0	-0.241509	0.48721	0.839225
-55	166.276	0	0.0984049	0.622223	0.776631
-51	166.276	0	0.0503007	0.751156	0.658205
-49	169.74	0	0.120279	0.67885	0.724359
-45	169.74	0	-0.0417556	0.810521	0.584219
-43	166.276	0	0.0818218	0.847221	0.524902
-39	166.276	0	-0.0704908	0.870791	0.486574
-37	169.74	0	0.199991	0.842955	0.499431
-33	169.74	0	-0.0964729	0.807877	0.581402
-31	166.276	0	-0.0465631	0.940019	0.337929
-27	166.276	0	0.0870113	0.881986	0.463174
-25	169.74	0	-0.0641089	0.847193	0.527404
-21	169.74	0	-0.139507	0.665539	0.733209
-19	166.276	0	-0.316765	0.752283	0.577694
-15	166.276	0	-0.512831	0.69568	0.503024
-13	169.74	0	-0.801727	0.589517	0.0985077
-9	169.74	0	-0.958796	0.180623	-0.219285
-7	166.276	0	-0.709106	0.0430946	-0.703783
-3	166.276	0	-0.615431	0.00493277	-0.788175
-249	176.668	0	0.29685	-0.271855	-0.91541
-247	173.204	0	0.188706	0.031995	-0.981512
-243	173.204	0	0.0999865	0.0622722	-0.993038
-241	176.668	0	-0.0744721	-0.217547	-0.973205
-237	176.668	0	-0.43612	-0.146921	-0.887814
-235	173.204	0	-0.223336	0.371383	-0.901219
-231	173.204	0	-0.171231	0.224986	-0.959198
-229	176.668	0	-0.203788	-0.114516	-0.972294
-225	176.668	0	0.00742663	0.163908	-0.986448
-223	173.204	0	0.141763	0.127464	-0.98166
-219	173.204	0	0.433618	0.297787	-0.85047
-217	176.668	0	0.876298	-0.0283098	-0.480937
-213	176.668	0	0.885701	0.353609	-0.300821
-211	173.204	0	0.861033	0.40698	-0.304942
-207	173.204	0	0.966676	0.201751	0.157588
-205	176.668	0	0.783277	0.265055	0.562336
-201	176.668	0	0.492287	0.316672	0.810785
-199	173.204	0	0.452731	0.0617741	0.889505
-195	173.204	0	0.314454	-0.2488	0.916088
-193	176.668	0	0.592178	-0.189613	0.783181
-189	176.668	0	0.41671	-0.0356687	0.908339
-187	173.204	0	0.364559	0.0937408	0.92645
-183	173.204	0	0.103536	-0.093717	0.990201
-181	176.668	0	0.177862	-0.0111207	0.983993
-177	176.668	0	0.0315846	0.0150727	0.999387
-175	173.204	0	-0.0815389	-0.221706	0.971698
-171	173.204	0	-0.16447	-0.221329	0.96123
-169	176.668	0	0.0422174	-0.311182	0.949412
-165	176.668	0	0.241847	-0.312654	0.918563
-163	173.204	0	0.284528	-0.38369	0.878536
-159	173.204	0	0.119384	-0.529518	0.839856
-157	176.668	0	-0.0550544	-0.936024	0.347605
-153	176.668	0	-0.0977004	-0.801335	0.590184
-151	173.204	0	-0.0401785	-0.850038	0.525186
-147	173.204	0	-0.367073	-0.880159	0.300962
-145	176.668	0	-0.592754	-0.663128	0.457061
-141	176.668	0	-0.70123	-0.492934	0.515066
-139	173.204	0	-0.389992	-0.721318	0.572369
-135	173.204	0	-0.659409	-0.441988	0.608133
-133	176.668	0	-0.860962	-0.0964938	0.499433
-129	176.668	0	-0.771906	0.0177846	0.635488
-127	173.204	0	-0.763754	-0.0330899	0.644659
-123	173.204	0	-0.424362	0.442949	0.789755
-121	176.668	0	-0.302656	0.952254	0.0401478
-117	176.668	0	0.165323	0.977715	-0.129393
-115	173.204	0	0.332556	0.924492	0.186335
-111	173.204	0	0.642367	0.761992	-0.0820526
-109	176.668	0	0.646333	0.674447	-0.356897
-105	176.668	0	0.525445	0.482295	-0.700927
-103	173.204	0	0.855101	0.15374	-0.495142
-99	173.204	0	0.89806	-0.0267022	-0.439062
-97	176.668	0	0.733333	-0.118011	-0.669549
-93	176.668	0	0.722784	0.114318	-0.681553
-91	173.204	0	0.861814	-0.0961493	-0.498028
-87	173.204	0	0.947708	-0.319064	0.00693243
-85	176.668	0	0.924434	-0.250901	-0.287175
-81	176.668	0	0.967858	-0.217142	0.126886
-79	173.204	0	0.870551	-0.0771641	0.48599
-75	173.204	0	0.563886	0.374041	0.736292
-73	176.668	0	0.946309	0.0602739	0.317593
-69	176.668	0	0.924819	0.37654	0.0541019
-67	173.204	0	0.7325	0.147554	0.664584
-63	173.204	0	0.603099	0.31184	0.734184
-61	176.668	0	0.256833	0.504067	0.824593
-57	176.668	0	0.0490749	0.223885	0.973379
-55	173.204	0	-0.193233	0.441518	0.876198
-51	173.204	0	0.0469492	0.56008	0.827107
-49	176.668	0	-0.187598	0.407765	0.893608
-45	176.668	0	0.100244	0.482866	0.869937
-43	173.204	0	-0.186083	0.644648	0.741487
-39	173.204	0	0.127157	0.761478	0.635596
-37	176.668	0	0.125025	0.640607	0.757623
-33	176.668	0	0.430149	0.678122	0.595921
-31	173.204	0	0.264719	0.560007	0.785058
-27	173.204	0	0.28807	0.718027	0.633604
-25	176.668	0	0.0910741	0.552756	0.828352
-21	176.668	0	0.0107056	0.881262	0.472507
-19	173.204	0	-0.383586	0.689573	0.614289
-15	173.204	0	-0.465684	0.473826	0.747414
-13	176.668	0	-0.478401	0.454454	0.751401
-9	176.668	0	-0.811429	0.196466	0.55044
-7	173.204	0	-0.959858	0.181535	-0.213819
-3	173.204	0	-0.827272	0.367584	-0.424857
-249	183.597	0	0.088604	-0.0965338	-0.991378
-247	180.133	0	-0.0180007	-0.160454	-0.986879
-243	180.133	0	-0.176002	-0.479143	-0.85991
-241	183.597	0	-0.711946	-0.219529	-0.667038
-237	183.597	0	-0.657736	-0.0980152	-0.746845
-235	180.133	0	-0.484862	-0.46064	-0.743451
-231	180.133	0	-0.0813818	-0.214937	-0.973231
-229	183.597	0	0.0100116	-0.299893	-0.95392
-225	183.597	0	0.495158	-0.344188	-0.797717
-223	180.133	0	0.322488	-0.0236409	-0.946278
-219	180.133	0	0.893878	-0.248921	-0.372855
-217	183.597	0	0.963639	-0.242915	0.11132
-213	183.597	0	0.997094	-0.016396	0.0743926
-211	180.133	0	0.91169	-0.0503391	0.407784
-207	180.133	0	0.852138	0.137741	0.504864
-205	183.597	0	0.693016	0.00713681	0.720887
-201	183.597	0	0.488253	-0.0488316	0.871335
-199	180.133	0	0.539269	0.0242132	0.841786
-195	180.133	0	0.637977	0.153348	0.754632
-193	183.597	0	0.339866	-0.0444366	0.939423
-189	183.597	0	0.230939	0.165909	0.958719
-187	180.133	0	0.106026	0.20092	0.973853
-183	180.133	0	0.217521	-0.0164824	0.975917
-181	183.597	0	0.60133	0.0139633	0.798878
-177	183.597	0	0.508979	0.0451787	0.859593
-175	180.133	0	0.113649	-0.166706	0.979435
-171	180.133	0	-0.0624899	-0.132052	0.989271
-169	183.597	0	0.447927	-0.0574509	0.892222
-165	183.597	0	0.266255	-0.33405	0.904167
-163	180.133	0	0.176401	-0.341153	0.923308
-159	180.133	0	0.152318	-0.456605	0.876534
-157	183.597	0	0.370049	-0.178246	0.911752
-153	183.597	0	0.260287	-0.26532	0.928362
-151	180.133	0	-0.182549	-0.676546	0.713415
-147	180.133	0	-0.465531	-0.610849	0.640426
-145	183.597	0	-0.485416	-0.174018	0.85679
-141	183.597	0	-0.671645	-0.25192	0.696728
-139	180.133	0	-0.614018	-0.151416	0.774632
-135	180.133	0	-0.963717	-0.0160711	0.266442
-133	183.597	0	-0.94205	0.301153	0.14781
-129	183.597	0	-0.925168	0.368171	-0.092276
-127	180.133	0	-0.916012	0.39655	0.0605878
-123	180.133	0	-0.769213	0.638602	0.0223463
-121	183.597	0	-0.377069	0.856888	-0.351514
-117	183.597	0	-0.242922	0.824715	-0.510719
-115	180.133	0	-0.0039382	0.979373	-0.202024
-111	180.133	0	0.483906	0.759417	-0.43488
-109	183.597	0	0.34283	0.706707	-0.618896
-105	183.597	0	0.177769	0.290868	-0.940103
-103	180.133	0	0.419765	0.261494	-0.869148
-99	180.133	0	0.695691	0.0102364	-0.718268
-97	183.597	0	0.633091	-0.0779267	-0.770145
-93	183.597	0	0.484893	0.180063	-0.855836
-91	180.133	0	0.691539	-0.33514	-0.639886
-87	180.133	0	0.764965	-0.43071	-0.478872
-85	183.597	0	0.339523	-0.231039	-0.911781
-81	183.597	0	0.664555	-0.35256	-0.658838
-79	180.133	0	0.767643	-0.418023	-0.485779
-75	180.133	0	0.949349	-0.165501	-0.267107
-73	183.597	0	0.630984	0.161695	-0.758758
-69	183.597	0	0.867979	0.317692	-0.381686
-67	180.133	0	0.885257	0.457173	0.0855215
-63	180.133	0	0.684465	0.377325	0.623806
-61	183.597	0	0.776192	0.513401	0.365986
-57	183.597	0	0.407401	0.0753668	0.910134
-55	180.133	0	0.326443	0.253856	0.91049
-51	180.133	0	0.0635602	0.540006	0.839257
-49	183.597	0	0.1277	0.473184	0.871659
-45	183.597	0	-0.0079741	0.483526	0.875293
-43	180.133	0	-0.021191	0.574402	0.818299
-39	180.133	0	0.086693	0.509297	0.856213
-37	183.597	0	0.376965	0.251185	0.891517
-33	183.597	0	0.577172	0.347783	0.738864
-31	180.133	0	0.369952	0.593843	0.714483
-27	180.133	0	0.0877278	0.351995	0.931882
-25	183.597	0	0.0724781	0.474212	0.877422
-21	183.597	0	0.0341485	0.754891	0.654961
-19	180.133	0	-0.108782	0.676059	0.728774
-15	180.133	0	-0.190056	0.63377	0.749809
-13	183.597	0	-0.617074	0.408382	0.672639
-9	183.597	0	-0.675663	0.651704	0.344617
-7	180.133	0	-0.974865	0.104035	0.197014
-3	180.133	0	-0.968553	-0.232464	-0.0886876
-249	190.525	0	0.0123916	-0.49483	-0.868901
-247	187.061	0	-0.238268	-0.362899	-0.900851
-243	187.061	0	-0.539585	-0.511071	-0.669069
-241	190.525	0	-0.368695	-0.598664	-0.711102
-237	190.525	0	-0.201406	-0.644563	-0.737546
-235	187.061	0	-0.390898	-0.535183	-0.748851
-231	187.061	0	-0.178334	-0.647398	-0.740994
-229	190.525	0	0.218963	-0.943638	-0.248198
-225	190.525	0	0.420122	-0.808277	-0.412535
-223	187.061	0	0.794664	-0.518287	-0.316051
-219	187.061	0	0.915853	-0.331837	0.226046
-217	190.525	0	0.966665	0.059578	0.249016
-213	190.525	0	0.561399	-0.187017	0.806136
-211	187.061	0	0.699486	-0.186927	0.689766
-207	187.061	0	0.530921	-0.135181	0.83657
-205	190.525	0	0.265317	0.0423207	0.963232
-201	190.525	0	-0.0804988	0.341764	0.936332
-199	187.061	0	0.223352	-0.0624549	0.972735
-195	187.061	0	0.306689	-0.285937	0.907845
-193	190.525	0	0.344088	-0.349845	0.871328
-189	190.525	0	0.159734	-0.169138	0.972562
-187	187.061	0	0.369918	-0.0320576	0.928511
-183	187.061	0	0.536193	0.0335981	0.843426
-181	190.525	0	0.705375	0.107113	0.700695
-177	190.525	0	0.811555	0.0290327	0.583554
-175	187.061	0	0.757869	0.157659	0.63307
-171	187.061	0	0.532468	0.405241	0.74314
-169	190.525	0	0.699466	0.0118696	0.714567
-165	190.525	0	0.584648	0.00472912	0.811273
-163	187.061	0	0.350991	0.025035	0.936044
-159	187.061	0	0.0110413	-0.13248	0.991124
-157	190.525	0	0.232609	-0.0140831	0.972468
-153	190.525	0	-0.124531	-0.177116	0.97628
-151	187.061	0	0.17098	-0.396965	0.901767
-147	187.061	0	-0.318713	0.0519091	0.946429
-145	190.525	0	-0.457613	-0.132127	0.87928
-141	190.525	0	-0.88169	-0.00225229	0.471823
-139	187.061	0	-0.873976	-0.0467475	0.483716
-135	187.061	0	-0.970824	0.215136	0.105909
-133	190.525	0	-0.949834	0.187612	-0.250233
-129	190.525	0	-0.73372	0.084948	-0.67412
-127	187.061	0	-0.817485	0.510513	-0.266635
-123	187.061	0	-0.718172	0.495197	-0.488885
-121	190.525	0	-0.802252	0.11826	-0.585155
-117	190.525	0	-0.711471	0.0748773	-0.698715
-115	187.061	0	-0.657563	0.197537	-0.727042
-111	187.061	0	-0.286576	0.553262	-0.782161
-109	190.525	0	-0.134855	0.519512	-0.843754
-105	190.525	0	-0.0628311	0.287433	-0.955738
-103	187.061	0	0.0563147	-0.0429318	-0.99749
-99	187.061	0	0.539151	0.124266	-0.832991
-97	190.525	0	0.00935345	0.0211633	-0.999732
-93	190.525	0	0.0184598	-0.250545	-0.967929
-91	187.061	0	0.00173867	0.139385	-0.990237
-87	187.061	0	0.162911	-0.402862	-0.900645
-85	190.525	0	0.207646	-0.253271	-0.944848
-81	190.525	0	0.0686094	-0.100205	-0.992598
-79	187.061	0	0.43376	-0.189036	-0.880976
-75	187.061	0	0.328263	-0.0903576	-0.940255
-73	190.525	0	0.245086	-0.0824802	-0.965987
-69	190.525	0	0.413491	0.080625	-0.906931
-67	187.061	0	0.843916	0.350944	-0.405764
-63	187.061	0	0.641306	0.659335	0.392434
-61	190.525	0	0.503731	0.818453	0.276388
-57	190.525	0	0.221513	0.761363	0.60931
-55	187.061	0	0.0789991	0.649717	0.75606
-51	187.061	0	-0.095136	0.752822	0.651313
-49	190.525	0	-0.346227	0.66533	0.66141
-45	190.525	0	-0.251268	0.243261	0.93685
-43	187.061	0	0.132237	0.399772	0.907026
-39	187.061	0	0.238845	0.276565	0.930841
-37	190.525	0	0.383059	0.106277	0.91759
-33	190.525	0	0.485437	0.402797	0.775954
-31	187.061	0	0.58578	0.454946	0.670736
-27	187.061	0	0.477855	0.297563	0.826505
-25	190.525	0	0.333679	0.128106	0.933942
-21	190.525	0	0.224548	0.372099	0.900622
-19	187.061	0	-0.0807319	0.484088	0.871287
-15	187.061	0	-0.220145	0.520774	0.824822
-13	190.525	0	0.267634	0.695654	0.666662
-9	190.525	0	-0.107608	0.994182	-0.00482672
-7	187.061	0	-0.649791	0.760099	-0.00462407
-3	187.061	0	-0.764328	0.0944399	-0.637874
-249	197.454	0	0.0837791	-0.724082	-0.684607
-247	193.989	0	-0.10058	-0.48688	-0.867658
-243	193.989	0	-0.121144	-0.835545	-0.535901
-241	197.454	0	-0.0581145	-0.856644	-0.512625
-237	197.454	0	-0.247669	-0.938882	-0.239083
-235	193.989	0	-0.249261	-0.881754	-0.400473
-231	193.989	0	0.131445	-0.952288	-0.275446
-229	197.454	0	-0.249039	-0.968491	-0.00213
-225	197.454	0	0.542955	-0.77183	0.330876
-223	193.989	0	0.74917	-0.655734	0.0935808
-219	193.989	0	0.8631	-0.382105	0.330232
-217	197.454	0	0.685911	-0.369293	0.627016
-213	197.454	0	0.453921	-0.269114	0.849431
-211	193.989	0	0.455105	0.22604	0.86127
-207	193.989	0	0.263128	0.00184679	0.964759
-205	197.454	0	0.24663	-0.26902	0.931022
-201	197.454	0	0.0490069	-0.107538	0.992992
-199	193.989	0	0.0678727	-0.0349062	0.997083
-195	193.989	0	0.0238112	-0.0683251	0.997379
-193	197.454	0	-0.194902	-0.27693	0.940916
-189	197.454	0	0.0644172	-0.266499	0.96168
-187	193.989	0	0.00877989	0.022886	0.9997
-183	193.989	0	0.382821	0.390259	0.837345
-181	197.454	0	0.326885	0.329917	0.885608
-177	197.454	0	0.565444	0.095757	0.819209
-175	193.989	0	0.247239	-0.0367073	0.968259
-171	193.989	0	0.291776	0.0138744	0.956386
-169	197.454	0	0.323636	0.0189672	0.945992
-165	197.454	0	0.267187	0.0423261	0.962715
-163	193.989	0	0.501625	-0.11532	0.857364
-159	193.989	0	0.432995	-0.195992	0.879831
-157	197.454	0	0.355921	-0.544014	0.759848
-153	197.454	0	0.267305	-0.166043	0.949198
-151	193.989	0	0.106419	-0.299746	0.948065
-147	193.989	0	-0.337194	-0.0562148	0.939755
-145	197.454	0	-0.550128	-0.0242305	0.834729
-141	197.454	0	-0.918282	0.103256	0.382225
-139	193.989	0	-0.970792	0.149856	0.187366
-135	193.989	0	-0.85896	0.113387	-0.49933
-133	197.454	0	-0.725097	0.100105	-0.681332
-129	197.454	0	-0.67613	-0.110503	-0.728449
-127	193.989	0	-0.702429	-0.139562	-0.697937
-123	193.989	0	-0.535717	-0.309245	-0.785732
-121	197.454	0	-0.115554	-0.319891	-0.940381
-117	197.454	0	-0.123697	-0.388074	-0.913289
-115	193.989	0	-0.515745	-0.04177	-0.855723
-111	193.989	0	-0.297034	0.167837	-0.940001
-109	197.454	0	-0.321285	-0.048597	-0.945735
-105	197.454	0	-0.158563	0.114398	-0.980699
-103	193.989	0	-0.0919837	0.0610195	-0.993889
-99	193.989	0	-0.0521151	0.226962	-0.972508
-97	197.454	0	0.0396388	-0.13609	-0.989903
-93	197.454	0	0.0454551	0.076692	-0.996018
-91	193.989	0	-0.146707	-0.0317022	-0.988672
-87	193.989	0	-0.0755274	-0.0828424	-0.993697
-85	197.454	0	-0.172433	0.018595	-0.984846
-81	197.454	0	-0.198249	0.0494563	-0.978903
-79	193.989	0	0.175076	-0.266459	-0.947812
-75	193.989	0	0.2315	-0.256863	-0.938312
-73	197.454	0	0.233799	-0.244796	-0.940964
-69	197.454	0	0.152625	0.192967	-0.969262
-67	193.989	0	0.157858	0.0581797	-0.985746
-63	193.989	0	0.408198	0.642385	-0.648626
-61	197.454	0	-0.108506	0.691987	-0.713709
-57	197.454	0	-0.523517	0.845038	0.108814
-55	193.989	0	-0.394097	0.747888	0.534182
-51	193.989	0	-0.471764	0.649128	0.596717
-49	197.454	0	-0.486033	0.228209	0.843619
-45	197.454	0	-0.299274	0.133578	0.944771
-43	193.989	0	-0.0739498	0.115768	0.99052
-39	193.989	0	0.165199	0.0856906	0.982531
-37	197.454	0	0.480378	-0.128816	0.867551
-33	197.454	0	0.296597	0.150551	0.943061
-31	193.989	0	0.473298	0.260645	0.841459
-27	193.989	0	0.589275	-0.0241077	0.807573
-25	197.454	0	0.543663	0.0577553	0.837314
-21	197.454	0	0.358716	0.268527	0.893989
-19	193.989	0	0.65005	0.421918	0.631997
-15	193.989	0	0.337786	0.751719	0.566409
-13	197.454	0	0.577198	0.663803	0.475613
-9	197.454	0	0.640837	0.744133	-0.188663
-7	193.989	0	0.26166	0.663227	-0.701188
-3	193.989	0	0.0985813	0.429809	-0.897522
-249	204.382	0	-0.397664	-0.827091	-0.397221
-247	200.918	0	0.0908613	-0.88309	-0.460321
-243	200.918	0	0.0525883	-0.989671	-0.13336
-241	204.382	0	0.159387	-0.981484	-0.10623
-237	204.382	0	-0.169864	-0.979188	-0.111075
-235	200.918	0	-0.356225	-0.912762	0.199922
-231	200.918	0	-0.223729	-0.877869	0.423428
-229	204.382	0	-0.225884	-0.914657	0.33523
-225	204.382	0	-0.152793	-0.880202	0.449331
-223	200.918	0	0.428939	-0.742456	0.514558
-219	200.918	0	0.62447	-0.522056	0.580943
-217	204.382	0	0.25474	-0.397129	0.881701
-213	204.382	0	0.180513	-0.423758	0.887606
-211	200.918	0	0.110411	0.0181562	0.99372
-207	200.918	0	0.438673	0.0503793	0.897233
-205	204.382	0	0.407352	0.273247	0.871436
-201	204.382	0	0.161286	-0.191724	0.968106
-199	200.918	0	-0.144191	-0.0290124	0.989124
-195	200.918	0	-0.132766	-0.166289	0.977098
-193	204.382	0	0.161649	-0.229126	0.959881
-189	204.382	0	0.350555	-0.273798	0.895626
-187	200.918	0	0.296453	-0.214989	0.930535
-183	200.918	0	0.357052	-0.023912	0.933779
-181	204.382	0	0.115877	0.0748058	0.990443
-177	204.382	0	0.18953	-0.143948	0.971266
-175	200.918	0	0.446834	-0.068152	0.892017
-171	200.918	0	0.690594	-0.207465	0.692848
-169	204.382	0	0.460814	-0.0491553	0.886134
-165	204.382	0	0.525807	-0.207356	0.824942
-163	200.918	0	0.334861	-0.239947	0.911204
-159	200.918	0	0.336555	-0.405367	0.849946
-157	204.382	0	0.0684248	-0.317983	0.945624
-153	204.382	0	-0.0658196	-0.680643	0.729652
-151	200.918	0	-0.162216	-0.39924	0.902382
-147	200.918	0	-0.564561	-0.338368	0.752847
-145	204.382	0	-0.667489	-0.0610693	0.742111
-141	204.382	0	-0.890258	-0.0278907	0.454602
-139	200.918	0	-0.974674	-0.141888	0.172852
-135	200.918	0	-0.97729	0.000521773	-0.211905
-133	204.382	0	-0.728231	0.317877	-0.607152
-129	204.382	0	-0.466502	0.27656	-0.840173
-127	200.918	0	-0.372483	0.109565	-0.921549
-123	200.918	0	-0.0583748	0.0602715	-0.996474
-121	204.382	0	-0.193424	-0.279082	-0.940585
-117	204.382	0	-0.0884255	-0.223857	-0.970602
-115	200.918	0	0.0774689	-0.300842	-0.950522
-111	200.918	0	-0.114225	-0.253636	-0.960532
-109	204.382	0	0.322858	-0.116552	-0.939244
-105	204.382	0	0.170436	-0.187682	-0.96733
-103	200.918	0	-0.110529	0.0917735	-0.989627
-99	200.918	0	0.01457	-0.0952875	-0.995343
-97	204.382	0	0.0787337	-0.146548	-0.986065
-93	204.382	0	-0.0138823	-0.179145	-0.983725
-91	200.918	0	-0.000672722	-0.373134	-0.927777
-87	200.918	0	0.0924787	-0.204842	-0.974416
-85	204.382	0	0.0498045	0.119165	-0.991625
-81	204.382	0	-0.0325802	-0.169369	-0.985014
-79	200.918	0	-0.208895	-0.0954819	-0.973266
-75	200.918	0	0.253315	0.12467	-0.959317
-73	204.382	0	0.141855	0.164937	-0.97605
-69	204.382	0	-0.430017	0.240255	-0.870266
-67	200.918	0	-0.258267	0.189013	-0.947403
-63	200.918	0	-0.171207	0.733363	-0.657927
-61	204.382	0	-0.799635	0.568536	-0.193264
-57	204.382	0	-0.76475	0.601506	0.230971
-55	200.918	0	-0.655869	0.555415	0.511223
-51	200.918	0	-0.493092	0.289083	0.820543
-49	204.382	0	-0.242993	0.125139	0.961922
-45	204.382	0	-0.166798	-0.408664	0.897314
-43	200.918	0	-0.174034	-0.194988	0.965242
-39	200.918	0	0.241426	0.0725056	0.967707
-37	204.382	0	0.184861	-0.301516	0.935369
-33	204.382	0	0.349135	-0.028948	0.936625
-31	200.918	0	0.343767	-0.213252	0.914521
-27	200.918	0	0.501783	0.167857	0.84855
-25	204.382	0	0.55803	0.15219	0.815746
-21	204.382	0	0.458699	0.069704	0.885854
-19	200.918	0	0.198939	0.172916	0.964636
-15	200.918	0	0.832488	0.133935	0.537611
-13	204.382	0	0.94778	0.0689343	0.311386
-9	204.382	0	0.74786	0.203572	-0.631874
-7	200.918	0	0.813411	0.235886	-0.531714
-3	200.918	0	0.487866	0.367447	-0.791814
-249	211.31	0	-0.710995	-0.701359	-0.0508102
-247	207.846	0	-0.549647	-0.760586	-0.34554
-243	207.846	0	-0.622885	-0.771033	-0.132372
-241	211.31	0	-0.508813	-0.860814	-0.0103926
-237	211.31	0	-0.242035	-0.933135	0.265854
-235	207.846	0	-0.486875	-0.865226	0.119735
-231	207.846	0	-0.217241	-0.899347	0.379448
-229	211.31	0	-0.232529	-0.747249	0.622534
-225	211.31	0	0.127366	-0.337119	0.932807
-223	207.846	0	0.0515039	-0.676375	0.734755
-219	207.846	0	0.0965434	-0.586647	0.804067
-217	211.31	0	-0.240651	-0.53618	0.809072
-213	211.31	0	0.283406	-0.487972	0.825569
-211	207.846	0	0.350842	-0.463215	0.813844
-207	207.846	0	0.274456	-0.00920269	0.961556
-205	211.31	0	0.152685	0.012789	0.988192
-201	211.31	0	0.27712	-0.128871	0.952154
-199	207.846	0	0.0926534	-0.389431	0.916384
-195	207.846	0	0.0406367	-0.276172	0.960249
-193	211.31	0	0.365663	-0.525826	0.767983
-189	211.31	0	0.256746	-0.486543	0.835079
-187	207.846	0	0.428111	-0.1294	0.894414
-183	207.846	0	0.570951	-0.146955	0.807725
-181	211.31	0	0.618139	-0.313921	0.720665
-177	211.31	0	0.640412	-0.315879	0.700067
-175	207.846	0	0.250942	-0.00495721	0.967989
-171	207.846	0	0.314771	0.0168327	0.949018
-169	211.31	0	0.347438	-0.556602	0.75464
-165	211.31	0	0.170506	-0.437615	0.882848
-163	207.846	0	0.241563	-0.305512	0.921037
-159	207.846	0	0.235481	-0.260622	0.936282
-157	211.31	0	0.0644815	-0.619082	0.782675
-153	211.31	0	-0.308473	-0.575629	0.757295
-151	207.846	0	-0.359323	-0.391136	0.84729
-147	207.846	0	-0.568254	-0.188039	0.80108
-145	211.31	0	-0.774298	-0.00234732	0.632817
-141	211.31	0	-0.844029	-0.106786	0.525558
-139	207.846	0	-0.927748	0.281781	0.244708
-135	207.846	0	-0.775856	0.445526	-0.446715
-133	211.31	0	-0.629879	0.49749	-0.596453
-129	211.31	0	-0.461242	0.472116	-0.751241
-127	207.846	0	-0.30502	0.263355	-0.915209
-123	207.846	0	-0.10234	-0.106572	-0.989024
-121	211.31	0	0.245843	-0.0546006	-0.967771
-117	211.31	0	0.288255	0.174575	-0.941505
-115	207.846	0	-0.18563	0.0608902	-0.980731
-111	207.846	0	0.0995863	0.00867586	-0.994991
-109	211.31	0	0.285255	0.129102	-0.949717
-105	211.31	0	0.248203	-0.132489	-0.959605
-103	207.846	0	0.459329	-0.15824	-0.874058
-99	207.846	0	0.101399	-0.184354	-0.977615
-97	211.31	0	0.178628	0.0637095	-0.981852
-93	211.31	0	0.150787	0.227135	-0.962119
-91	207.846	0	0.0644081	0.0247213	-0.997617
-87	207.846	0	0.279461	0.0891731	-0.956007
-85	211.31	0	0.41229	0.127081	-0.902146
-81	211.31	0	0.129259	0.501161	-0.855646
-79	207.846	0	0.321288	-0.0842727	-0.943224
-75	207.846	0	0.294523	0.0991885	-0.950483
-73	211.31	0	0.146123	0.246051	-0.958179
-69	211.31	0	0.0428999	0.541234	-0.839777
-67	207.846	0	-0.357379	0.472465	-0.80564
-63	207.846	0	-0.814018	0.406345	-0.41504
-61	211.31	0	-0.783702	0.598967	0.164469
-57	211.31	0	-0.875166	0.45648	0.160345
-55	207.846	0	-0.82684	0.240529	0.508411
-51	207.846	0	-0.28141	0.245352	0.927691
-49	211.31	0	-0.387872	0.149537	0.909502
-45	211.31	0	-0.253528	-0.0994883	0.962198
-43	207.846	0	-0.167511	-0.112067	0.97948
-39	207.846	0	-0.16146	-0.411121	0.897168
-37	211.31	0	-0.0532318	-0.587774	0.807272
-33	211.31	0	0.0329816	-0.260233	0.964982
-31	207.846	0	0.0130066	-0.361519	0.932274
-27	207.846	0	0.380696	-0.215763	0.899176
-25	211.31	0	0.376825	-0.164744	0.911517
-21	211.31	0	0.458316	-0.238985	0.856057
-19	207.846	0	0.607841	-0.529461	0.591777
-15	207.846	0	0.974702	-0.0103003	0.22327
-13	211.31	0	0.999177	0.0404653	-0.00268879
-9	211.31	0	0.911536	0.350534	-0.215007
-7	207.846	0	0.83606	0.127048	-0.533726
-3	207.846	0	0.548743	0.219699	-0.806606
-249	218.238	0	0.0808033	-0.94846	0.306422
-247	214.774	0	-0.423587	-0.902543	0.0773911
-243	214.774	0	-0.434628	-0.897695	-0.0724093
-241	218.238	0	-0.513936	-0.848817	0.12401
-237	218.238	0	-0.370781	-0.848704	0.377125
-235	214.774	0	-0.289554	-0.845881	0.447932
-231	214.774	0	-0.261107	-0.698028	0.666768
-229	218.238	0	-0.267658	-0.726012	0.633455
-225	218.238	0	0.138541	-0.546953	0.825621
-223	214.774	0	-0.131991	-0.24457	0.960606
-219	214.774	0	0.00179961	-0.351365	0.936237
-217	218.238	0	0.0964472	-0.142267	0.985118
-213	218.238	0	-0.020105	-0.288886	0.957152
-211	214.774	0	0.0349936	-0.368292	0.929051
-207	214.774	0	0.415033	0.0490046	0.908486
-205	218.238	0	0.447515	0.192505	0.873311
-201	218.238	0	0.632491	0.239949	0.736465
-199	214.774	0	0.565885	0.120518	0.815628
-195	214.774	0	0.435392	-0.455504	0.776499
-193	218.238	0	0.862253	-0.501692	-0.0694584
-189	218.238	0	0.945055	-0.324858	0.036599
-187	214.774	0	0.780848	-0.257447	0.569207
-183	214.774	0	0.708836	-0.39492	0.584457
-181	218.238	0	0.97764	-0.210036	-0.0102842
-177	218.238	0	0.867236	-0.438322	0.236169
-175	214.774	0	0.644107	-0.400616	0.651639
-171	214.774	0	0.248042	-0.512884	0.821843
-169	218.238	0	0.141962	-0.818913	0.556083
-165	218.238	0	-0.0829136	-0.729545	0.678888
-163	214.774	0	-0.0250574	-0.480439	0.87667
-159	214.774	0	-0.514319	-0.42476	0.74502
-157	218.238	0	-0.573247	-0.42377	0.701289
-153	218.238	0	-0.874584	-0.100775	0.474286
-151	214.774	0	-0.670447	-0.101192	0.735025
-147	214.774	0	-0.760532	-0.00703082	0.649262
-145	218.238	0	-0.909032	-0.0270162	0.415849
-141	218.238	0	-0.906143	0.365322	-0.213178
-139	214.774	0	-0.973799	0.214574	0.0753166
-135	214.774	0	-0.759852	0.349536	-0.548133
-133	218.238	0	-0.192411	0.258455	-0.946667
-129	218.238	0	0.0215406	0.520227	-0.853756
-127	214.774	0	-0.0279801	0.750899	-0.659825
-123	214.774	0	0.31117	0.603569	-0.734083
-121	218.238	0	0.176414	0.148538	-0.973044
-117	218.238	0	0.161818	0.160695	-0.973649
-115	214.774	0	0.267309	0.0429967	-0.962651
-111	214.774	0	0.13095	0.206813	-0.969578
-109	218.238	0	0.108198	0.116184	-0.987317
-105	218.238	0	0.0313937	-0.0182897	-0.99934
-103	214.774	0	0.248052	0.0362102	-0.96807
-99	214.774	0	0.227191	0.188654	-0.955403
-97	218.238	0	0.240104	-0.19701	-0.950546
-93	218.238	0	-0.124385	0.166956	-0.978087
-91	214.774	0	0.0673633	0.173047	-0.982607
-87	214.774	0	0.298983	0.0723576	-0.951511
-85	218.238	0	0.355046	-0.0328599	-0.934271
-81	218.238	0	0.348638	-0.128199	-0.928449
-79	214.774	0	0.322392	0.421641	-0.847515
-75	214.774	0	0.236722	0.0571824	-0.969893
-73	218.238	0	0.475729	0.193404	-0.858066
-69	218.238	0	0.551115	0.616106	-0.562748
-67	214.774	0	-0.0654226	0.525493	-0.848279
-63	214.774	0	-0.357596	0.858654	-0.367205
-61	218.238	0	-0.103754	0.988516	0.109869
-57	218.238	0	0.0551226	0.8259	0.561116
-55	214.774	0	-0.521944	0.592937	0.613189
-51	214.774	0	-0.620554	0.1612	0.767416
-49	218.238	0	-0.195483	-0.136286	0.971191
-45	218.238	0	-0.172081	-0.0601193	0.983247
-43	214.774	0	0.103186	-0.216171	0.970888
-39	214.774	0	-0.129285	-0.374509	0.918166
-37	218.238	0	-0.157277	-0.254038	0.954321
-33	218.238	0	0.0892626	-0.641964	0.761521
-31	214.774	0	-0.149721	-0.416482	0.896731
-27	214.774	0	0.0212641	-0.3961	0.917961
-25	218.238	0	0.263851	-0.368831	0.891261
-21	218.238	0	0.621547	-0.678359	0.391802
-19	214.774	0	0.723735	-0.439428	0.532082
-15	214.774	0	0.938125	-0.315743	-0.142223
-13	218.238	0	0.713839	-0.281283	-0.641338
-9	218.238	0	0.669781	-0.254894	-0.69744
-7	214.774	0	0.48718	-0.0532462	-0.871677
-3	214.774	0	0.318901	0.345575	-0.882542
-249	225.166	0	-0.553042	-0.829714	0.0756178
-247	221.702	0	-0.43764	-0.898392	-0.0369265
-243	221.702	0	-0.335046	-0.903324	0.267862
-241	225.166	0	-0.449433	-0.85722	0.251365
-237	225.166	0	-0.0484314	-0.955423	0.29124
-235	221.702	0	-0.129061	-0.847229	0.515311
-231	221.702	0	-0.0119516	-0.490172	0.871544
-229	225.166	0	0.406034	-0.159153	0.899892
-225	225.166	0	0.153048	-0.222679	0.962803
-223	221.702	0	0.18976	-0.320072	0.928195
-219	221.702	0	0.313694	-0.394045	0.863901
-217	225.166	0	0.375256	-0.138526	0.916511
-213	225.166	0	0.382748	0.0520371	0.922386
-211	221.702	0	0.253618	-0.102876	0.961818
-207	221.702	0	0.441752	0.113663	0.889908
-205	225.166	0	0.899893	-0.195635	0.389768
-201	225.166	0	0.994672	0.00110379	-0.103087
-199	221.702	0	0.983365	0.153341	0.0973594
-195	221.702	0	0.98806	-0.148939	0.0394319
-193	225.166	0	0.780014	-0.0963038	-0.618307
-189	225.166	0	0.830093	-0.140738	-0.539572
-187	221.702	0	0.824252	-0.378793	-0.420861
-183	221.702	0	0.724754	-0.547435	-0.418385
-181	225.166	0	0.686587	-0.539589	-0.48728
-177	225.166	0	0.641269	-0.427585	-0.637138
-175	221.702	0	0.851918	-0.438039	-0.28698
-171	221.702	0	0.453317	-0.868824	-0.199119
-169	225.166	0	-0.490076	-0.859791	-0.143476
-165	225.166	0	-0.762754	-0.645781	-0.0342479
-163	221.702	0	-0.363599	-0.821942	0.438415
-159	221.702	0	-0.69606	-0.398224	0.597426
-157	225.166	0	-0.859081	-0.239517	0.45234
-153	225.166	0	-0.925358	0.196444	0.324226
-151	221.702	0	-0.848262	-0.0688076	0.525088
-147	221.702	0	-0.866965	-0.0962292	0.48899
-145	225.166	0	-0.842361	0.341066	0.417255
-141	225.166	0	-0.690661	0.587601	-0.421559
-139	221.702	0	-0.882728	0.278339	-0.378575
-135	221.702	0	-0.508291	0.214989	-0.833918
-133	225.166	0	-0.174646	0.542608	-0.82163
-129	225.166	0	-0.251246	0.726644	-0.639425
-127	221.702	0	-0.0854529	0.344312	-0.934958
-123	221.702	0	0.145997	0.230198	-0.96213
-121	225.166	0	0.172335	0.188271	-0.966879
-117	225.166	0	0.499983	0.108871	-0.859165
-115	221.702	0	0.403867	0.225027	-0.88671
-111	221.702	0	-0.0162127	0.18448	-0.982702
-109	225.166	0	-0.0288196	-0.0135161	-0.999493
-105	225.166	0	-0.254821	0.0677816	-0.96461
-103	221.702	0	-0.162859	-0.0428301	-0.985719
-99	221.702	0	-0.048681	-0.0646662	-0.996719
-97	225.166	0	-0.0361807	-0.222348	-0.974296
-93	225.166	0	0.045776	-0.363897	-0.930314
-91	221.702	0	0.101226	-0.36508	-0.925457
-87	221.702	0	0.0705292	-0.396541	-0.915304
-85	225.166	0	0.38971	-0.557986	-0.732652
-81	225.166	0	0.332348	-0.613672	-0.716207
-79	221.702	0	0.582577	-0.209787	-0.785235
-75	221.702	0	0.749613	0.120325	-0.650847
-73	225.166	0	0.729351	-0.0179656	-0.683903
-69	225.166	0	0.699884	0.47493	-0.533482
-67	221.702	0	0.463148	0.852809	-0.241267
-63	221.702	0	0.417714	0.902398	0.105794
-61	225.166	0	0.746146	0.569623	0.344667
-57	225.166	0	0.263538	0.392973	0.880977
-55	221.702	0	-0.0600089	0.425473	0.902979
-51	221.702	0	-0.133856	0.307001	0.942249
-49	225.166	0	-0.0338013	0.540191	0.840864
-45	225.166	0	0.0791635	0.260358	0.962261
-43	221.702	0	-0.149414	-0.0585701	0.987038
-39	221.702	0	0.00734481	-0.147102	0.989094
-37	225.166	0	0.239144	-0.36305	0.900558
-33	225.166	0	0.264218	-0.555121	0.788688
-31	221.702	0	0.359989	-0.482331	0.798602
-27	221.702	0	0.556693	-0.480408	0.677718
-25	225.166	0	0.778494	-0.547368	0.307142
-21	225.166	0	0.71444	-0.690821	0.111093
-19	221.702	0	0.832641	-0.548856	-0.0739341
-15	221.702	0	0.682211	-0.428979	-0.592086
-13	225.166	0	0.209041	-0.366986	-0.906434
-9	225.166	0	0.139552	-0.00375696	-0.990208
-7	221.702	0	0.54455	-0.338009	-0.767604
-3	221.702	0	0.217798	0.0826806	-0.972485
-249	232.094	0	-0.231509	-0.292654	0.92777
-247	228.63	0	-0.367748	-0.518802	0.771755
-243	228.63	0	-0.0394929	-0.753613	0.656131
-241	232.094	0	0.00911042	-0.665308	0.746514
-237	232.094	0	-0.290253	-0.580587	0.760705
-235	228.63	0	0.0352564	-0.796802	0.603211
-231	228.63	0	0.126187	-0.442215	0.887988
-229	232.094	0	0.0982999	0.00183835	0.995155
-225	232.094	0	0.118941	-0.26187	0.957746
-223	228.63	0	0.351213	-0.274302	0.895214
-219	228.63	0	0.0828088	0.038217	0.995832
-217	232.094	0	0.0397382	0.0808833	0.995931
-213	232.094	0	0.529629	0.0682016	0.845483
-211	228.63	0	0.882275	-0.0343876	0.469477
-207	228.63	0	0.868247	-0.371074	0.32932
-205	232.094	0	0.995125	-0.0710682	0.0683842
-201	232.094	0	0.999843	-0.0154272	0.00872854
-199	228.63	0	0.99833	-0.0186535	-0.0546704
-195	228.63	0	0.700366	-0.0662116	-0.710707
-193	232.094	0	0.76022	-0.226496	-0.608905
-189	232.094	0	0.816067	-0.101574	-0.568961
-187	228.63	0	0.708334	-0.0473902	-0.704285
-183	228.63	0	0.317518	-0.548397	-0.773591
-181	232.094	0	0.0676578	-0.60013	-0.797036
-177	232.094	0	0.0216671	-0.604344	-0.796428
-175	228.63	0	0.144461	-0.71848	-0.680381
-171	228.63	0	0.0873419	-0.781772	-0.617417
-169	232.094	0	-0.0793968	-0.605052	-0.792217
-165	232.094	0	-0.613428	-0.324737	-0.719898
-163	228.63	0	-0.730566	-0.54891	-0.406167
-159	228.63	0	-0.990755	0.103397	-0.0878226
-157	232.094	0	-0.860965	0.434204	-0.264965
-153	232.094	0	-0.854362	0.519489	-0.0140577
-151	228.63	0	-0.902738	0.424175	0.0716969
-147	228.63	0	-0.727706	0.679058	0.0965614
-145	232.094	0	-0.710866	0.65781	-0.248909
-141	232.094	0	-0.368238	0.837785	-0.403134
-139	228.63	0	-0.287951	0.777027	-0.559744
-135	228.63	0	-0.36882	0.89363	-0.255727
-133	232.094	0	-0.270986	0.735817	-0.620597
-129	232.094	0	0.412656	0.334195	-0.847365
-127	228.63	0	0.373706	0.380395	-0.845957
-123	228.63	0	0.179386	0.377436	-0.908495
-121	232.094	0	-0.053179	0.0581112	-0.996893
-117	232.094	0	0.357369	-0.182979	-0.915864
-115	228.63	0	0.496677	-0.045108	-0.866762
-111	228.63	0	0.24426	-0.289336	-0.925539
-109	232.094	0	0.0161552	-0.335869	-0.94177
-105	232.094	0	-0.121073	-0.381567	-0.916378
-103	228.63	0	0.0215458	-0.0616777	-0.997864
-99	228.63	0	0.118219	-0.446376	-0.887002
-97	232.094	0	0.252776	-0.479268	-0.84048
-93	232.094	0	0.444872	-0.60155	-0.663496
-91	228.63	0	0.317575	-0.614662	-0.722036
-87	228.63	0	0.271075	-0.757184	-0.594299
-85	232.094	0	0.335466	-0.867193	-0.368019
-81	232.094	0	0.621917	-0.75174	-0.219332
-79	228.63	0	0.546857	-0.456855	-0.701592
-75	228.63	0	0.785106	-0.191906	-0.588881
-73	232.094	0	0.941609	-0.288312	-0.173923
-69	232.094	0	0.903495	0.27125	0.331845
-67	228.63	0	0.918432	0.395144	0.0185738
-63	228.63	0	0.727124	0.665361	0.169071
-61	232.094	0	0.564275	0.784977	0.255742
-57	232.094	0	0.335673	0.598036	0.727789
-55	228.63	0	0.293227	0.583761	0.757126
-51	228.63	0	0.299834	0.380295	0.874915
-49	232.094	0	0.217235	0.408647	0.886463
-45	232.094	0	0.226183	0.613974	0.756225
-43	228.63	0	0.105707	0.429324	0.896943
-39	228.63	0	0.620122	-0.168977	0.766091
-37	232.094	0	0.638686	0.0730558	0.765991
-33	232.094	0	0.652107	0.0537276	0.75622
-31	228.63	0	0.715913	0.0111414	0.698101
-27	228.63	0	0.665714	-0.45455	0.591785
-25	232.094	0	0.869335	-0.355123	0.343722
-21	232.094	0	0.578698	-0.781817	-0.232103
-19	228.63	0	0.657725	-0.629621	-0.413493
-15	228.63	0	0.414657	-0.573688	-0.706357
-13	232.094	0	-0.0310721	-0.156669	-0.987162
-9	232.094	0	-0.0630106	-0.0961888	-0.993367
-7	228.63	0	-0.286083	0.208505	-0.935244
-3	228.63	0	-0.241653	0.174373	-0.954567
-249	239.022	0	0.389821	-0.579629	0.715591
-247	235.558	0	0.182039	-0.604347	0.775646
-243	235.558	0	0.180351	-0.589619	0.787288
-241	239.022	0	0.565678	-0.460992	0.683735
-237	239.022	0	0.326692	-0.620089	0.713276
-235	235.558	0	-0.0334725	-0.736022	0.676129
-231	235.558	0	0.00082117	-0.512049	0.858956
-229	239.022	0	0.279682	-0.375108	0.883783
-225	239.022	0	0.164446	-0.416938	0.893935
-223	235.558	0	0.453016	-0.0747187	0.888366
-219	235.558	0	0.173162	0.127069	0.976662
-217	239.022	0	0.0184537	-0.150068	0.988504
-213	239.022	0	0.0184221	0.0338991	0.999255
-211	235.558	0	0.402701	-0.119394	0.907512
-207	235.558	0	0.90671	-0.308982	0.287067
-205	239.022	0	0.927835	-0.264426	0.26306
-201	239.022	0	0.919709	-0.123763	0.372583
-199	235.558	0	0.967595	-0.232869	-0.0976283
-195	235.558	0	0.609509	-0.0849577	-0.788214
-193	239.022	0	0.65942	0.11868	-0.742348
-189	239.022	0	0.706558	-0.34408	-0.618373
-187	235.558	0	0.683471	0.00239058	-0.729974
-183	235.558	0	0.143556	-0.287386	-0.946996
-181	239.022	0	0.10499	-0.13552	-0.985196
-177	239.022	0	-0.113969	0.102828	-0.988149
-175	235.558	0	-0.0583767	-0.109382	-0.992284
-171	235.558	0	-0.0357724	-0.271054	-0.961899
-169	239.022	0	-0.214686	0.269667	-0.938717
-165	239.022	0	-0.0810076	0.565852	-0.820518
-163	235.558	0	-0.513902	0.467503	-0.719267
-159	235.558	0	-0.666684	0.482692	-0.567926
-157	239.022	0	-0.484173	0.854054	-0.190178
-153	239.022	0	-0.500822	0.84838	-0.171548
-151	235.558	0	-0.655289	0.698261	-0.288145
-147	235.558	0	-0.595287	0.780276	-0.191843
-145	239.022	0	-0.323423	0.946135	0.0150494
-141	239.022	0	0.176296	0.90864	0.378542
-139	235.558	0	0.166548	0.985901	-0.016152
-135	235.558	0	-0.00113798	0.958437	-0.285302
-133	239.022	0	0.593005	0.792009	-0.145145
-129	239.022	0	0.519911	0.492348	-0.698059
-127	235.558	0	0.33748	0.105932	-0.935353
-123	235.558	0	0.438375	-0.091557	-0.894117
-121	239.022	0	0.514174	0.0934197	-0.852583
-117	239.022	0	0.691666	-0.0271978	-0.721706
-115	235.558	0	0.534094	-0.224075	-0.81519
-111	235.558	0	0.109941	-0.0136413	-0.993845
-109	239.022	0	-0.253695	-0.14678	-0.956083
-105	239.022	0	-0.304674	-0.0616281	-0.950461
-103	235.558	0	-0.388145	-0.464985	-0.795696
-99	235.558	0	0.0148934	-0.38567	-0.922516
-97	239.022	0	0.023943	-0.323366	-0.945971
-93	239.022	0	0.0572716	-0.403032	-0.913392
-91	235.558	0	0.0398679	-0.53421	-0.844411
-87	235.558	0	0.232486	-0.812046	-0.535286
-85	239.022	0	0.743414	-0.575096	-0.341469
-81	239.022	0	0.710037	-0.702627	-0.0465062
-79	235.558	0	0.813787	-0.56776	0.124093
-75	235.558	0	0.689057	-0.696564	0.199997
-73	239.022	0	0.644059	-0.52155	0.559619
-69	239.022	0	0.689093	0.233931	0.685877
-67	235.558	0	0.849548	0.398276	0.345895
-63	235.558	0	0.536152	0.61533	0.577849
-61	239.022	0	0.467795	0.58453	0.662942
-57	239.022	0	0.254714	0.338788	0.905728
-55	235.558	0	0.363041	0.718823	0.59287
-51	235.558	0	0.425684	0.695925	0.578343
-49	239.022	0	0.413799	0.417	0.809247
-45	239.022	0	0.476572	0.395571	0.785113
-43	235.558	0	0.376773	0.670087	0.639551
-39	235.558	0	0.492549	0.298695	0.817421
-37	239.022	0	0.643667	0.0876136	0.760274
-33	239.022	0	0.890584	0.0669024	0.449871
-31	235.558	0	0.672891	0.0303701	0.739118
-27	235.558	0	0.846688	-0.440136	0.298997
-25	239.022	0	0.922749	-0.346596	-0.168539
-21	239.022	0	0.883157	-0.251911	-0.395695
-19	235.558	0	0.37345	-0.785858	-0.492913
-15	235.558	0	0.32504	-0.333824	-0.884823
-13	239.022	0	-0.0878722	-0.466284	-0.88026
-9	239.022	0	-0.50758	-0.0576793	-0.859672
-7	235.558	0	-0.323048	-0.0719795	-0.943641
-3	235.558	0	-0.308636	0.332921	-0.891015
-249	245.952	0	0.590615	-0.397198	0.70243
-247	242.486	0	0.422171	-0.513904	0.746776
-243	242.486	0	0.332035	-0.581916	0.742379
-241	245.952	0	0.492828	-0.68806	0.53263
-237	245.952	0	0.275671	-0.857627	0.434144
-235	242.486	0	0.423917	-0.734459	0.529965
-231	242.486	0	0.22611	-0.813345	0.536045
-229	245.952	0	0.177454	-0.689309	0.702398
-225	245.952	0	0.20643	-0.453657	0.866939
-223	242.486	0	0.26018	-0.301759	0.917196
-219	242.486	0	0.169624	0.0863765	0.981716
-217	245.952	0	0.251979	-0.339016	0.906408
-213	245.952	0	0.350459	0.0327981	0.936004
-211	242.486	0	0.27904	-0.0242238	0.959974
-207	242.486	0	0.83026	-0.110034	0.546406
-205	245.952	0	0.933594	-0.350113	-0.0763103
-201	245.952	0	0.99472	0.0722603	-0.0728732
-199	242.486	0	0.992413	-0.00235734	-0.122924
-195	242.486	0	0.816094	-0.0491585	-0.575824
-193	245.952	0	0.792494	0.174538	-0.584371
-189	245.952	0	0.414826	0.377258	-0.828007
-187	242.486	0	0.526002	-0.104285	-0.844065
-183	242.486	0	0.471085	0.152328	-0.868835
-181	245.952	0	0.474252	0.112759	-0.873138
-177	245.952	0	-0.023516	0.0534627	-0.998293
-175	242.486	0	-0.189143	-0.241429	-0.951807
-171	242.486	0	-0.0812347	0.00432986	-0.996686
-169	245.952	0	-0.352203	0.0925877	-0.931333
-165	245.952	0	0.012376	0.732665	-0.680477
-163	242.486	0	-0.0988306	0.738824	-0.666612
-159	242.486	0	-0.577283	0.623793	-0.526902
-157	245.952	0	-0.765934	0.500577	-0.403444
-153	245.952	0	-0.761593	0.647012	-0.0367722
-151	242.486	0	-0.403745	0.836628	-0.370194
-147	242.486	0	-0.505651	0.85399	0.122551
-145	245.952	0	-0.279439	0.888031	0.365124
-141	245.952	0	0.144134	0.865724	0.47932
-139	242.486	0	0.276595	0.941513	0.192482
-135	242.486	0	0.682724	0.565616	0.462565
-133	245.952	0	0.656385	0.643168	0.394327
-129	245.952	0	0.824788	0.531697	-0.192416
-127	242.486	0	0.644601	0.501764	-0.576821
-123	242.486	0	0.40469	0.304607	-0.86223
-121	245.952	0	0.426565	0.0787241	-0.901024
-117	245.952	0	0.42462	-0.136204	-0.895068
-115	242.486	0	0.335669	-0.2532	-0.907313
-111	242.486	0	-0.129614	0.0620376	-0.989622
-109	245.952	0	0.312513	0.163458	-0.935744
-105	245.952	0	0.154058	0.174257	-0.972574
-103	242.486	0	-0.0117969	-0.212622	-0.977063
-99	242.486	0	-0.248572	-0.245962	-0.936864
-97	245.952	0	-0.0340316	-0.00343354	-0.999415
-93	245.952	0	0.215761	-0.435458	-0.87397
-91	242.486	0	0.318333	-0.481153	-0.816796
-87	242.486	0	0.732727	-0.445855	-0.514125
-85	245.952	0	0.609772	-0.576428	-0.543976
-81	245.952	0	0.584884	-0.811109	-0.00360901
-79	242.486	0	0.778088	-0.624691	0.0658846
-75	242.486	0	0.69298	-0.5392	0.478584
-73	245.952	0	0.543918	-0.287595	0.788316
-69	245.952	0	0.55335	-0.143926	0.82042
-67	242.486	0	0.493705	0.115447	0.861932
-63	242.486	0	0.433995	0.345129	0.832186
-61	245.952	0	-0.0019774	0.315712	0.948853
-57	245.952	0	0.353086	-0.0686269	0.933071
-55	242.486	0	0.420678	0.0381249	0.906408
-51	242.486	0	0.409527	0.0715331	0.909489
-49	245.952	0	0.455875	0.195967	0.868202
-45	245.952	0	0.716888	-0.114162	0.687778
-43	242.486	0	0.617718	0.0472006	0.784982
-39	242.486	0	0.750692	0.00103351	0.660652
-37	245.952	0	0.892082	-0.174883	0.416661
-33	245.952	0	0.938805	-0.33509	0.0797453
-31	242.486	0	0.94169	-0.297958	0.156338
-27	242.486	0	0.961061	0.0639496	-0.268836
-25	245.952	0	0.426607	-0.092672	-0.899677
-21	245.952	0	0.570436	-0.215804	-0.792484
-19	242.486	0	0.667491	-0.266749	-0.695198
-15	242.486	0	-0.0402711	-0.428553	-0.902619
-13	245.952	0	0.0850505	-0.428904	-0.899337
-9	245.952	0	-0.338972	-0.0306348	-0.940297
-7	242.486	0	-0.376238	0.287753	-0.880706
-3	242.486	0	-0.421679	0.16571	-0.891475
-247	249.416	0	0.547336	-0.672938	0.497571
-243	249.416	0	0.81528	-0.578487	-0.0259148
-235	249.416	0	0.537052	-0.453093	0.711535
-231	249.416	0	0.258288	-0.901191	0.348056
-223	249.416	0	0.260195	-0.523509	0.811318
-219	249.416	0	0.340831	-0.377342	0.861074
-211	249.416	0	0.601535	-0.00815199	0.798805
-207	249.416	0	0.989768	-0.13366	-0.0499433
-199	249.416	0	0.642	-0.0483926	-0.765176
-195	249.416	0	0.616108	0.0384477	-0.786722
-187	249.416	0	0.21271	0.270462	-0.938938
-183	249.416	0	0.0100638	0.0294409	-0.999516
-175	249.416	0	-0.264587	0.238203	-0.93448
-171	249.416	0	-0.208004	0.00679561	-0.978104
-163	249.416	0	-0.468659	0.57759	-0.668393
-159	249.416	0	-0.387461	0.706496	-0.592231
-151	249.416	0	-0.708274	0.515231	0.482581
-147	249.416	0	-0.649708	0.44442	0.616742
-139	249.416	0	-0.198193	0.874009	0.443652
-135	249.416	0	0.515302	0.747821	0.418602
-127	249.416	0	0.842799	0.218201	-0.492015
-123	249.416	0	0.558504	-0.129388	-0.819349
-115	249.416	0	0.420988	-0.0373725	-0.906296
-111	249.416	0	0.348095	0.211671	-0.91325
-103	249.416	0	0.185495	0.487613	-0.853127
-99	249.416	0	0.0790044	0.405224	-0.910797
-91	249.416	0	0.419203	-0.069383	-0.905238
-87	249.416	0	0.577443	-0.418575	-0.700967
-79	249.416	0	0.555088	-0.718404	0.419254
-75	249.416	0	0.241575	-0.617894	0.74823
-67	249.416	0	0.296672	-0.0158262	0.954848
-63	249.416	0	0.145517	0.104446	0.983827
-55	249.416	0	-0.0176858	-0.124882	0.992014
-51	249.416	0	0.310582	-0.111016	0.944041
-43	249.416	0	0.694081	-0.104659	0.712249
-39	249.416	0	0.533697	-0.298107	0.791391
-31	249.416	0	0.798527	-0.0516906	-0.599736
-27	249.416	0	0.67221	-0.0296856	-0.739765
-19	249.416	0	0.102104	-0.55814	-0.823441
-15	249.416	0	-0.185046	-0.242139	-0.952432
-7	249.416	0	-0.459706	0.263678	-0.848024
-3	249.416	0	-0.51662	0.297512	-0.802864
-249	128.171	0	-0.170958	0.0875248	0.981383
-241	128.171	0	-0.153662	-0.29958	0.941616
-237	128.171	0	-0.0282873	-0.550663	0.834248
-229	128.171	0	-0.192192	-0.668491	0.718458
-225	128.171	0	-0.0453388	-0.925837	0.375194
-217	128.171	0	-0.0708214	-0.975467	-0.208441
-213	128.171	0	0.29056	-0.907221	-0.30418
-205	128.171	0	0.21495	-0.852116	-0.477174
-201	128.171	0	0.0374228	-0.927302	-0.372439
-193	128.171	0	0.338986	-0.871085	-0.355386
-189	128.171	0	0.507568	-0.857951	-0.0793469
-181	128.171	0	0.525016	-0.842323	-0.121865
-177	128.171	0	0.926032	-0.360265	0.112582
-169	128.171	0	0.808846	-0.569557	0.146193
-165	128.171	0	0.784242	-0.561589	-0.263783
-157	128.171	0	0.46891	-0.657507	-0.589753
-153	128.171	0	0.492545	-0.742252	-0.45438
-145	128.171	0	0.536716	-0.398342	-0.743814
-141	128.171	0	0.590772	-0.364487	-0.719818
-133	128.171	0	0.628722	-0.736878	-0.248434
-129	128.171	0	0.482097	-0.803981	-0.348134
-121	128.171	0	0.644175	-0.694184	-0.321167
-117	128.171	0	0.785178	-0.595849	-0.168702
-109	128.171	0	0.494138	-0.820345	0.287858
-105	128.171	0	0.263291	-0.884377	0.385429
-97	128.171	0	0.415375	-0.677292	0.607239
-93	128.171	0	0.171178	-0.869078	0.464113
-85	128.171	0	0.176077	-0.981795	0.0712391
-81	128.171	0	-0.140309	-0.976335	-0.164571
-73	128.171	0	-0.10918	-0.792476	-0.600051
-69	128.171	0	-0.223825	-0.499605	-0.836838
-61	128.171	0	-0.428892	0.235961	-0.871994
-57	128.171	0	-0.364351	0.364504	-0.856963
-49	128.171	0	-0.424725	0.208799	-0.880915
-45	128.171	0	-0.584465	0.383519	-0.715062
-37	128.171	0	-0.189789	0.322312	-0.927413
-33	128.171	0	-0.582212	0.352139	-0.732822
-25	128.171	0	-0.492779	0.451597	-0.743794
-21	128.171	0	-0.499415	0.0197425	-0.866138
-13	128.171	0	-0.424072	0.852216	-0.306416
-9	128.171	0	-0.533907	0.740514	-0.408145
-1	128.171	0	-0.363195	0.454031	-0.8136
-1	135.099	0	-0.285982	0.524424	-0.801994
-1	142.027	0	-0.00322884	0.0863308	-0.996261
-1	148.957	0	-0.568844	0.100188	-0.816321
-1	155.885	0	-0.386325	-0.00518516	-0.922348
-1	162.812	0	-0.641787	-0.0845752	-0.762205
-1	169.74	0	-0.490514	0.174835	-0.853715
-1	176.668	0	-0.867291	-0.124529	-0.481974
-1	183.597	0	-0.778274	-0.0501354	-0.62592
-1	190.525	0	-0.422114	0.0426064	-0.905541
-1	197.454	0	0.307733	0.0502733	-0.950144
-1	204.382	0	0.514191	0.291338	-0.806678
-1	211.31	0	0.229107	0.225026	-0.947034
-1	218.238	0	0.449774	0.0225324	-0.892858
-1	225.166	0	-0.145673	0.0755799	-0.986442
-1	232.094	0	-0.303201	0.282913	-0.909961
-1	239.022	0	-0.425739	0.438589	-0.791446
-1	245.952	0	-0.485539	0.292706	-0.823757
5	-249.416	0	-0.288625	-0.957145	-0.0238704
9	-249.416	0	0.0518805	-0.75856	-0.649535
11	-245.951	0	0.442292	-0.75788	-0.479579
15	-245.951	0	0.312543	-0.828462	-0.464724
17	-249.416	0	0.351457	-0.873333	-0.337293
21	-249.416	0	0.508201	-0.782774	-0.35916
23	-245.951	0	0.0801867	-0.882394	-0.463629
27	-245.951	0	0.254934	-0.912512	-0.319891
29	-249.416	0	0.344915	-0.696653	-0.629053
33	-249.416	0	0.445379	-0.868031	-0.219451
35	-245.951	0	0.170457	-0.742769	-0.647486
39	-245.951	0	-0.0620343	-0.433223	-0.899149
41	-249.416	0	0.0229472	-0.144435	-0.989248
45	-249.416	0	0.140982	-0.115053	-0.983304
47	-245.951	0	0.189457	-0.341268	-0.920675
51	-245.951	0	0.291087	-0.0652649	-0.954468
53	-249.416	0	-0.0582018	0.0142698	-0.998203
57	-249.416	0	-0.140742	0.121396	-0.982576
59	-245.951	0	0.502636	0.115685	-0.856723
63	-245.951	0	0.842574	0.270279	-0.465852
65	-249.416	0	0.904088	0.113593	-0.411973
69	-249.416	0	0.676687	0.048698	-0.734659
71	-245.951	0	0.506324	-0.130992	-0.852336
75	-245.951	0	0.600432	-0.137319	-0.787797
77	-249.416	0	0.639897	-0.0730049	-0.764985
81	-249.416	0	0.863452	0.274572	-0.423155
83	-245.951	0	0.596136	0.511359	-0.618978
87	-245.951	0	0.495031	0.631689	-0.596585
89	-249.416	0	0.587105	0.30395	-0.750282
93	-249.416	0	0.49562	0.369143	-0.78619
95	-245.951	0	0.392462	0.508075	-0.766703
99	-245.951	0	0.159885	0.849553	-0.50269
101	-249.416	0	0.459158	0.686953	-0.563267
105	-249.416	0	0.624753	0.771372	-0.121114
107	-245.951	0	0.812942	0.580972	0.0399688
111	-245.951	0	0.581239	0.783695	-0.219049
113	-249.416	0	0.574329	0.805219	-0.147541
117	-249.416	0	0.344496	0.931278	0.118505
119	-245.951	0	-0.0120081	0.86481	0.501956
123	-245.951	0	-0.225496	0.418562	0.879749
125	-249.416	0	-0.241369	0.34462	0.907182
129	-249.416	0	-0.348376	0.416918	0.839532
131	-245.951	0	-0.491638	0.5813	0.648368
135	-245.951	0	-0.83871	0.253563	0.481946
137	-249.416	0	-0.924818	0.266446	0.271511
141	-249.416	0	-0.999511	0.0285172	0.0128288
143	-245.951	0	-0.993391	-0.114766	0.00200243
147	-245.951	0	-0.868419	-0.243849	-0.431724
149	-249.416	0	-0.884977	-0.36454	-0.289701
153	-249.416	0	-0.682695	-0.517591	-0.515778
155	-245.951	0	-0.342092	-0.722465	-0.600847
159	-245.951	0	-0.20014	-0.676192	-0.709019
161	-249.416	0	-0.226007	-0.599182	-0.76805
165	-249.416	0	-0.276476	-0.67934	-0.679749
167	-245.951	0	0.318188	-0.671368	-0.669344
171	-245.951	0	0.258455	-0.441383	-0.859292
173	-249.416	0	0.446366	-0.282729	-0.849012
177	-249.416	0	0.449074	-0.176064	-0.875976
179	-245.951	0	0.853247	-0.270043	-0.446147
183	-245.951	0	0.48528	-0.748935	-0.45122
185	-249.416	0	0.770604	-0.451132	-0.450166
189	-249.416	0	0.41914	-0.722328	-0.550058
191	-245.951	0	-0.00868571	-0.854398	-0.519547
195	-245.951	0	0.219217	-0.889511	-0.400891
197	-249.416	0	0.162893	-0.765751	-0.622167
201	-249.416	0	0.383251	-0.659068	-0.647108
203	-245.951	0	-0.203605	-0.850165	-0.485555
207	-245.951	0	-0.731493	-0.527309	-0.432276
209	-249.416	0	-0.844236	-0.290686	-0.450297
213	-249.416	0	-0.969185	-0.177	-0.171325
215	-245.951	0	-0.843342	-0.513716	0.157702
219	-245.951	0	-0.770332	-0.593134	-0.234053
221	-249.416	0	-0.884944	0.187776	0.426163
225	-249.416	0	-0.886524	-0.0567211	0.459193
227	-245.951	0	-0.584608	-0.650592	0.48473
231	-245.951	0	-0.0966547	-0.566745	0.818204
233	-249.416	0	-0.284655	-0.643834	0.710245
237	-249.416	0	-0.225173	-0.450773	0.863771
239	-245.951	0	-0.172381	-0.238431	0.955738
243	-245.951	0	0.000737662	-0.304936	0.952372
245	-249.416	0	-0.20604	-0.0282496	0.978136
249	-249.416	0	-0.00977539	-0.233942	0.972202
5	-242.487	0	0.425661	-0.84696	-0.318548
9	-242.487	0	0.44681	-0.794272	-0.411696
11	-239.023	0	0.491899	-0.83387	-0.250391
15	-239.023	0	0.463334	-0.85063	-0.248496
17	-242.487	0	0.115486	-0.865349	-0.487682
21	-242.487	0	-0.142996	-0.962438	-0.230791
23	-239.023	0	0.522017	-0.849628	-0.0750414
27	-239.023	0	0.444372	-0.881898	0.157448
29	-242.487	0	0.598005	-0.780878	-0.18061
33	-242.487	0	0.226526	-0.884566	-0.407712
35	-239.023	0	0.352493	-0.780683	-0.516025
39	-239.023	0	0.270197	-0.58051	-0.768116
41	-242.487	0	0.277106	-0.591254	-0.757384
45	-242.487	0	0.227812	-0.431323	-0.872962
47	-239.023	0	0.192405	-0.426094	-0.883982
51	-239.023	0	0.0209765	-0.322319	-0.946399
53	-242.487	0	0.314497	-0.151175	-0.937143
57	-242.487	0	0.517261	0.352686	-0.779778
59	-239.023	0	0.324559	0.358846	-0.875152
63	-239.023	0	0.655095	0.532675	-0.535825
65	-242.487	0	0.829881	0.161726	-0.533986
69	-242.487	0	0.800174	0.23323	-0.552563
71	-239.023	0	0.922955	0.242492	-0.298917
75	-239.023	0	0.952753	0.221535	-0.20781
77	-242.487	0	0.73395	0.0627682	-0.676297
81	-242.487	0	0.632541	0.559781	-0.535291
83	-239.023	0	0.527655	0.571314	-0.628633
87	-239.023	0	0.368001	0.472847	-0.800619
89	-242.487	0	0.382702	0.43665	-0.814172
93	-242.487	0	0.458604	0.519738	-0.720801
95	-239.023	0	0.284782	0.810507	-0.511837
99	-239.023	0	0.0530869	0.967761	-0.246212
101	-242.487	0	0.377897	0.798301	-0.468944
105	-242.487	0	0.68731	0.669453	-0.281847
107	-239.023	0	0.306156	0.944111	-0.122158
111	-239.023	0	0.145042	0.971818	-0.185828
113	-242.487	0	0.122898	0.960276	-0.250531
117	-242.487	0	0.0885041	0.906891	0.411966
119	-239.023	0	-0.091492	0.752065	0.652708
123	-239.023	0	-0.00227653	0.677673	0.73536
125	-242.487	0	-0.189473	0.715694	0.672222
129	-242.487	0	-0.56655	0.414442	0.712221
131	-239.023	0	-0.547402	0.614678	0.56791
135	-239.023	0	-0.674306	0.418049	0.608726
137	-242.487	0	-0.620259	0.246406	0.74469
141	-242.487	0	-0.937289	0.0724997	0.340928
143	-239.023	0	-0.978686	-0.0928392	0.183179
147	-239.023	0	-0.970792	-0.164148	-0.174981
149	-242.487	0	-0.900231	-0.407302	-0.153914
153	-242.487	0	-0.648993	-0.602793	-0.464165
155	-239.023	0	-0.408711	-0.774773	-0.482371
159	-239.023	0	-0.15249	-0.825385	-0.543586
161	-242.487	0	-0.149038	-0.899983	-0.409656
165	-242.487	0	0.345222	-0.873905	-0.342217
167	-239.023	0	0.323028	-0.878727	-0.351414
171	-239.023	0	0.472099	-0.88081	0.0360087
173	-242.487	0	0.326171	-0.805937	-0.494043
177	-242.487	0	0.624257	-0.597055	-0.503814
179	-239.023	0	0.67056	-0.577442	-0.465736
183	-239.023	0	0.548838	-0.68242	-0.482784
185	-242.487	0	0.379194	-0.773899	-0.50724
189	-242.487	0	-0.0947809	-0.820164	-0.564223
191	-239.023	0	0.0982697	-0.778657	-0.619707
195	-239.023	0	-0.207823	-0.843149	-0.495892
197	-242.487	0	0.108546	-0.788008	-0.606021
201	-242.487	0	-0.23959	-0.914826	-0.325101
203	-239.023	0	-0.283312	-0.792297	-0.54037
207	-239.023	0	-0.708414	-0.681592	-0.183254
209	-242.487	0	-0.772736	-0.477217	-0.4185
213	-242.487	0	-0.712334	-0.580868	-0.39392
215	-239.023	0	-0.8532	-0.456786	0.251787
219	-239.023	0	-0.639004	-0.689345	0.341288
221	-242.487	0	-0.840128	-0.528592	0.121553
225	-242.487	0	-0.82072	-0.567888	0.0626258
227	-239.023	0	-0.550268	-0.823363	0.138845
231	-239.023	0	-0.327163	-0.813823	0.480267
233	-242.487	0	-0.0481798	-0.524842	0.849835
237	-242.487	0	0.0525999	-0.348336	0.935893
239	-239.023	0	-0.243196	-0.713345	0.657263
243	-239.023	0	-0.328999	-0.665387	0.670089
245	-242.487	0	-0.497206	-0.516023	0.6975
249	-242.487	0	-0.286407	-0.376707	0.880944
5	-235.559	0	0.19209	-0.901717	0.387308
9	-235.559	0	0.243489	-0.958692	0.147049
11	-232.095	0	-0.00684673	-0.928418	0.371473
15	-232.095	0	0.0420529	-0.998184	0.0431391
17	-235.559	0	0.259109	-0.94522	-0.198551
21	-235.559	0	0.348407	-0.927406	-0.136129
23	-232.095	0	0.387522	-0.917174	-0.0928334
27	-232.095	0	-0.224949	-0.807966	-0.5446
29	-235.559	0	0.201096	-0.969124	-0.142686
33	-235.559	0	0.344021	-0.80078	-0.490307
35	-232.095	0	0.432371	-0.637786	-0.637405
39	-232.095	0	0.511912	-0.66907	-0.538787
41	-235.559	0	0.457553	-0.780556	-0.425884
45	-235.559	0	0.468601	-0.786605	-0.402077
47	-232.095	0	0.377992	-0.831561	-0.406975
51	-232.095	0	0.337941	-0.602941	-0.722674
53	-235.559	0	0.369129	-0.227233	-0.901171
57	-235.559	0	0.793514	0.218041	-0.56815
59	-232.095	0	0.974495	0.200908	0.09998
63	-232.095	0	0.997357	0.0699363	0.0196796
65	-235.559	0	0.973369	0.224366	-0.047035
69	-235.559	0	0.890031	0.359794	0.279988
71	-232.095	0	0.723182	0.259379	0.640101
75	-232.095	0	0.663896	0.670587	0.33099
77	-235.559	0	0.895367	0.445284	0.00640852
81	-235.559	0	0.497215	0.845214	-0.195933
83	-232.095	0	0.395924	0.916753	-0.0529994
87	-232.095	0	0.332134	0.942935	-0.0236654
89	-235.559	0	0.461056	0.729113	-0.505787
93	-235.559	0	0.0864159	0.917061	-0.389271
95	-232.095	0	0.260921	0.957386	-0.12382
99	-232.095	0	0.015549	0.960788	-0.276849
101	-235.559	0	0.00767462	0.860663	-0.509118
105	-235.559	0	0.0443405	0.992541	-0.113562
107	-232.095	0	-0.355134	0.932736	-0.0623101
111	-232.095	0	-0.249679	0.899883	0.357591
113	-235.559	0	-0.141775	0.936859	0.319681
117	-235.559	0	0.0350334	0.787077	0.615859
119	-232.095	0	-0.528137	0.712771	0.461551
123	-232.095	0	-0.440744	0.69249	0.571141
125	-235.559	0	-0.624743	0.598213	0.501834
129	-235.559	0	-0.580235	0.690112	0.43252
131	-232.095	0	-0.518925	0.686153	0.509815
135	-232.095	0	-0.622081	0.559726	0.547469
137	-235.559	0	-0.78258	0.263037	0.564252
141	-235.559	0	-0.827153	0.020117	0.561616
143	-232.095	0	-0.397122	-0.0760167	0.914612
147	-232.095	0	-0.52215	-0.419306	0.742658
149	-235.559	0	-0.888209	-0.438488	0.137163
153	-235.559	0	-0.76652	-0.637251	-0.0797451
155	-232.095	0	-0.63692	-0.761247	-0.121803
159	-232.095	0	-0.52135	-0.810088	-0.268238
161	-235.559	0	-0.390289	-0.83003	-0.398402
165	-235.559	0	-0.0273434	-0.986002	-0.164479
167	-232.095	0	0.476015	-0.857307	-0.196049
171	-232.095	0	0.40104	-0.903668	-0.150168
173	-235.559	0	0.614444	-0.76666	-0.186258
177	-235.559	0	0.753578	-0.629348	-0.189845
179	-232.095	0	0.11255	-0.983552	-0.141273
183	-232.095	0	0.173112	-0.873478	-0.455048
185	-235.559	0	0.103038	-0.914416	-0.39144
189	-235.559	0	-0.0717001	-0.941135	-0.330338
191	-232.095	0	-0.166239	-0.931806	-0.322649
195	-232.095	0	-0.356154	-0.896862	-0.262282
197	-235.559	0	-0.463147	-0.684534	-0.562947
201	-235.559	0	-0.460133	-0.868159	-0.185951
203	-232.095	0	-0.58676	-0.784375	0.20117
207	-232.095	0	-0.706647	-0.668903	-0.23069
209	-235.559	0	-0.866775	-0.467649	-0.173222
213	-235.559	0	-0.824047	-0.502076	0.262424
215	-232.095	0	-0.929247	-0.367292	0.0399525
219	-232.095	0	-0.724786	-0.68879	0.0159253
221	-235.559	0	-0.485226	-0.707691	0.513546
225	-235.559	0	-0.430969	-0.761145	0.48469
227	-232.095	0	-0.174057	-0.788997	0.589226
231	-232.095	0	-0.229543	-0.726488	0.647707
233	-235.559	0	-0.309002	-0.655597	0.688992
237	-235.559	0	-0.313364	-0.657455	0.685242
239	-232.095	0	-0.297456	-0.796127	0.526975
243	-232.095	0	-0.539843	-0.642481	0.543864
245	-235.559	0	-0.598642	-0.615622	0.512482
249	-235.559	0	-0.252565	-0.574567	0.778514
5	-228.631	0	0.414074	-0.894784	-0.167046
9	-228.631	0	0.533127	-0.792095	-0.297255
11	-225.167	0	0.223492	-0.973482	-0.048835
15	-225.167	0	0.0961606	-0.970871	0.219461
17	-228.631	0	0.502125	-0.862299	-0.0656547
21	-228.631	0	0.330713	-0.86903	0.367988
23	-225.167	0	0.0784131	-0.849124	0.522341
27	-225.167	0	0.158291	-0.980921	0.112861
29	-228.631	0	0.0408028	-0.914953	-0.401492
33	-228.631	0	0.239353	-0.652155	-0.719308
35	-225.167	0	0.277861	-0.828216	-0.486673
39	-225.167	0	0.398716	-0.810255	-0.429549
41	-228.631	0	0.475459	-0.694468	-0.540049
45	-228.631	0	0.371078	-0.87374	-0.314451
47	-225.167	0	0.193449	-0.979535	-0.0555747
51	-225.167	0	0.589028	-0.782388	-0.202273
53	-228.631	0	0.7105	-0.695443	-0.107467
57	-228.631	0	0.850073	-0.291006	0.438966
59	-225.167	0	0.570008	-0.534927	0.623654
63	-225.167	0	0.597601	-0.412035	0.687823
65	-228.631	0	0.732606	0.0495264	0.678849
69	-228.631	0	0.634186	0.359527	0.684506
71	-225.167	0	0.337949	0.22242	0.914505
75	-225.167	0	0.131979	0.567857	0.812478
77	-228.631	0	0.453252	0.744707	0.489872
81	-228.631	0	0.134448	0.96478	0.226106
83	-225.167	0	-0.0722129	0.903039	0.423445
87	-225.167	0	-0.131091	0.934716	0.330334
89	-228.631	0	0.274145	0.943216	0.187584
93	-228.631	0	0.105483	0.97754	0.182452
95	-225.167	0	-0.025716	0.979587	0.199368
99	-225.167	0	-0.508818	0.772878	0.379162
101	-228.631	0	-0.515462	0.796185	0.316843
105	-228.631	0	-0.74239	0.522098	0.419847
107	-225.167	0	-0.891967	0.449058	0.0523621
111	-225.167	0	-0.674442	0.669632	0.311
113	-228.631	0	-0.406362	0.788373	0.461884
117	-228.631	0	-0.528142	0.547135	0.649391
119	-225.167	0	-0.823632	0.191237	0.533909
123	-225.167	0	-0.888139	0.220887	0.40301
125	-228.631	0	-0.654455	0.483986	0.580902
129	-228.631	0	-0.348322	0.756061	0.554114
131	-225.167	0	-0.327905	0.755496	0.56719
135	-225.167	0	-0.372541	0.652755	0.659639
137	-228.631	0	-0.324164	0.566753	0.757435
141	-228.631	0	-0.348518	0.180719	0.919715
143	-225.167	0	0.00680528	0.496111	0.868232
147	-225.167	0	-0.0182196	0.195615	0.980512
149	-228.631	0	0.102923	-0.322204	0.941059
153	-228.631	0	-0.209177	-0.612125	0.762593
155	-225.167	0	-0.149194	-0.705231	0.693102
159	-225.167	0	-0.0152502	-0.845304	0.534068
161	-228.631	0	0.235905	-0.967393	0.092189
165	-228.631	0	0.591998	-0.805891	-0.00886293
167	-225.167	0	0.470814	-0.743544	0.474844
171	-225.167	0	0.182834	-0.862484	0.471903
173	-228.631	0	0.239934	-0.962182	-0.128984
177	-228.631	0	-0.00598175	-0.961062	-0.276267
179	-225.167	0	0.539316	-0.840949	-0.0440902
183	-225.167	0	0.0928068	-0.992505	0.0794987
185	-228.631	0	0.0576632	-0.957963	-0.281037
189	-228.631	0	-0.119424	-0.982367	-0.14385
191	-225.167	0	-0.0352677	-0.999283	-0.0137371
195	-225.167	0	-0.509934	-0.854509	-0.098906
197	-228.631	0	-0.505569	-0.84264	-0.185357
201	-228.631	0	-0.739543	-0.671034	0.0528245
203	-225.167	0	-0.834996	-0.455386	-0.308878
207	-225.167	0	-0.591841	-0.589904	-0.549306
209	-228.631	0	-0.76433	-0.644741	0.0104105
213	-228.631	0	-0.795661	-0.586769	0.15042
215	-225.167	0	-0.754504	-0.656282	0.00417511
219	-225.167	0	-0.686604	-0.714872	0.132413
221	-228.631	0	-0.450351	-0.869064	0.204723
225	-228.631	0	-0.368522	-0.868759	0.330831
227	-225.167	0	-0.0371511	-0.899431	0.435481
231	-225.167	0	-0.358294	-0.688841	0.630177
233	-228.631	0	-0.430916	-0.72743	0.534
237	-228.631	0	-0.454131	-0.780144	0.430279
239	-225.167	0	-0.264261	-0.944612	0.194612
243	-225.167	0	-0.318571	-0.850024	0.41949
245	-228.631	0	-0.642528	-0.592858	0.485466
249	-228.631	0	-0.512311	-0.693772	0.506179
5	-221.703	0	-0.147095	-0.979014	0.14105
9	-221.703	0	0.0349028	-0.99527	0.0906655
11	-218.239	0	-0.0699897	-0.987241	0.143025
15	-218.239	0	0.164321	-0.964323	0.207556
17	-221.703	0	0.19784	-0.903845	0.379371
21	-221.703	0	0.0672739	-0.87947	0.471175
23	-218.239	0	-0.145278	-0.956881	0.251541
27	-218.239	0	-0.217475	-0.898165	0.382106
29	-221.703	0	0.0344604	-0.967575	0.25022
33	-221.703	0	0.412377	-0.89926	-0.145864
35	-218.239	0	0.183266	-0.948843	-0.257121
39	-218.239	0	0.220208	-0.956341	-0.192147
41	-221.703	0	0.0813388	-0.958404	-0.273581
45	-221.703	0	0.0122588	-0.97378	0.22716
47	-218.239	0	0.372581	-0.925922	0.0620671
51	-218.239	0	0.49103	-0.788082	0.371235
53	-221.703	0	0.685367	-0.700032	0.200567
57	-221.703	0	0.60877	-0.405114	0.682116
59	-218.239	0	0.488864	-0.453793	0.74504
63	-218.239	0	0.146265	-0.626556	0.765529
65	-221.703	0	0.370411	-0.389334	0.843335
69	-221.703	0	0.120259	-0.261832	0.957592
71	-218.239	0	-0.306737	-0.0962352	0.946917
75	-218.239	0	-0.385682	0.504606	0.772413
77	-221.703	0	-0.261679	0.6687	0.695963
81	-221.703	0	-0.194629	0.496318	0.846043
83	-218.239	0	-0.167017	0.315	0.93428
87	-218.239	0	-0.284074	0.455811	0.843527
89	-221.703	0	0.0154769	0.563199	0.826176
93	-221.703	0	-0.0932209	0.532223	0.841456
95	-218.239	0	-0.163313	0.445706	0.880156
99	-218.239	0	-0.269754	0.735897	0.621038
101	-221.703	0	-0.783384	0.528136	0.327692
105	-221.703	0	-0.910755	0.352123	0.21572
107	-218.239	0	-0.563691	0.654075	0.50442
111	-218.239	0	-0.854547	0.397012	0.334859
113	-221.703	0	-0.94484	0.245967	0.216281
117	-221.703	0	-0.938728	0.343371	0.0297607
119	-218.239	0	-0.830157	0.543556	0.124042
123	-218.239	0	-0.807584	0.571977	0.143703
125	-221.703	0	-0.796119	0.440286	0.415141
129	-221.703	0	-0.53623	0.694663	0.479481
131	-218.239	0	-0.616974	0.526609	0.58483
135	-218.239	0	-0.347976	0.798282	0.491588
137	-221.703	0	0.0355571	0.748315	0.66239
141	-221.703	0	0.0869008	0.528845	0.844258
143	-218.239	0	0.34013	0.398231	0.851894
147	-218.239	0	0.530344	0.33301	0.779641
149	-221.703	0	0.191218	0.145429	0.970714
153	-221.703	0	0.0454179	-0.293939	0.954744
155	-218.239	0	0.573418	-0.449496	0.684942
159	-218.239	0	0.493927	-0.537339	0.683596
161	-221.703	0	0.306462	-0.846532	0.435276
165	-221.703	0	0.321534	-0.723326	0.611077
167	-218.239	0	0.416891	-0.564531	0.712395
171	-218.239	0	0.0908269	-0.655877	0.749384
173	-221.703	0	0.437864	-0.703028	0.560381
177	-221.703	0	0.573099	-0.7923	0.209327
179	-218.239	0	0.642018	-0.513177	0.569616
183	-218.239	0	0.0375221	-0.500103	0.865152
185	-221.703	0	-0.317541	-0.938707	0.13415
189	-221.703	0	0.135345	-0.934277	0.32986
191	-218.239	0	-0.23309	-0.678505	0.696635
195	-218.239	0	-0.718965	-0.680419	0.141844
197	-221.703	0	-0.60778	-0.789447	-0.0858892
201	-221.703	0	-0.875782	-0.397687	0.273589
203	-218.239	0	-0.913858	-0.373539	0.159159
207	-218.239	0	-0.801812	-0.597571	0.00258803
209	-221.703	0	-0.596653	-0.735404	-0.321226
213	-221.703	0	-0.647955	-0.687261	-0.328369
215	-218.239	0	-0.788643	-0.607797	-0.0928698
219	-218.239	0	-0.752143	-0.618851	0.226502
221	-221.703	0	-0.512405	-0.684297	0.518824
225	-221.703	0	-0.379453	-0.737265	0.558978
227	-218.239	0	-0.226117	-0.910538	0.34611
231	-218.239	0	-0.514679	-0.695512	0.501366
233	-221.703	0	-0.39437	-0.727862	0.560971
237	-221.703	0	-0.129359	-0.772133	0.622155
239	-218.239	0	-0.390075	-0.798855	0.457899
243	-218.239	0	-0.394852	-0.70113	0.593725
245	-221.703	0	-0.247945	-0.754444	0.607732
249	-221.703	0	-0.45721	-0.833906	0.309129
5	-214.775	0	-0.466719	-0.809239	0.356798
9	-214.775	0	-0.156814	-0.89854	0.409922
11	-211.31	0	-0.538928	-0.787191	0.29981
15	-211.31	0	-0.262859	-0.952497	0.153801
17	-214.775	0	-0.191479	-0.930112	0.313413
21	-214.775	0	0.064671	-0.997013	0.0422247
23	-211.31	0	-0.232483	-0.962462	0.140066
27	-211.31	0	0.0605346	-0.963775	0.259755
29	-214.775	0	-0.114774	-0.98934	0.0896302
33	-214.775	0	0.134922	-0.989615	0.0495859
35	-211.31	0	0.236997	-0.971355	-0.0173613
39	-211.31	0	0.103444	-0.987931	0.115293
41	-214.775	0	0.163792	-0.983755	-0.0734714
45	-214.775	0	-0.112992	-0.976718	0.18236
47	-211.31	0	0.232297	-0.959981	0.156442
51	-211.31	0	0.544569	-0.647746	0.532793
53	-214.775	0	0.524304	-0.659673	0.538458
57	-214.775	0	0.202521	-0.542267	0.815434
59	-211.31	0	0.101016	-0.45968	0.882321
63	-211.31	0	-0.221486	-0.249249	0.942772
65	-214.775	0	-0.0245687	-0.371066	0.928282
69	-214.775	0	-0.563413	-0.200907	0.801375
71	-211.31	0	-0.256391	-0.305086	0.917162
75	-211.31	0	-0.148407	-0.0110286	0.988865
77	-214.775	0	-0.21639	0.32988	0.918888
81	-214.775	0	-0.417979	0.253657	0.872326
83	-211.31	0	0.374784	0.277916	0.884477
87	-211.31	0	0.147773	0.222769	0.963606
89	-214.775	0	0.158431	0.617335	0.770582
93	-214.775	0	0.00397242	0.368341	0.929682
95	-211.31	0	-0.141823	0.258144	0.95564
99	-211.31	0	-0.244756	0.309797	0.91876
101	-214.775	0	-0.0734547	0.709067	0.701304
105	-214.775	0	-0.571786	0.726003	0.382073
107	-211.31	0	-0.77507	0.165333	0.609862
111	-211.31	0	-0.69901	0.556232	0.449434
113	-214.775	0	-0.6948	0.274867	0.664606
117	-214.775	0	-0.807329	0.498602	0.315619
119	-211.31	0	-0.682974	0.399269	0.611663
123	-211.31	0	-0.620043	0.415878	0.665276
125	-214.775	0	-0.747792	0.4772	0.461615
129	-214.775	0	-0.713227	0.592126	0.375092
131	-211.31	0	-0.651817	0.609789	0.45088
135	-211.31	0	-0.739748	0.654714	0.155316
137	-214.775	0	-0.442287	0.866783	0.23037
141	-214.775	0	0.118601	0.914585	0.386611
143	-211.31	0	-0.0818246	0.725296	0.683557
147	-211.31	0	0.0544982	0.591763	0.804268
149	-214.775	0	0.220348	0.355005	0.908526
153	-214.775	0	0.626165	0.149576	0.765209
155	-211.31	0	0.789773	0.0172008	0.613157
159	-211.31	0	0.634992	0.104003	0.765486
161	-214.775	0	0.703893	-0.113497	0.701179
165	-214.775	0	0.565677	-0.317566	0.761026
167	-211.31	0	0.501005	-0.35919	0.787386
171	-211.31	0	0.606564	-0.471763	0.639937
173	-214.775	0	0.537519	-0.57417	0.617577
177	-214.775	0	0.666044	-0.536588	0.51813
179	-211.31	0	0.476883	-0.445449	0.757732
183	-211.31	0	0.118671	-0.391584	0.912458
185	-214.775	0	-0.142665	-0.54875	0.823723
189	-214.775	0	-0.151487	-0.363968	0.91901
191	-211.31	0	-0.389796	-0.133093	0.911233
195	-211.31	0	-0.633758	-0.153415	0.758165
197	-214.775	0	-0.698127	-0.457595	0.550659
201	-214.775	0	-0.891047	-0.259505	0.372413
203	-211.31	0	-0.855998	-0.302411	-0.419303
207	-211.31	0	-0.812044	-0.0327563	-0.582676
209	-214.775	0	-0.922809	-0.257379	-0.28667
213	-214.775	0	-0.935079	-0.352852	-0.0335097
215	-211.31	0	-0.665341	-0.56715	-0.485451
219	-211.31	0	-0.550476	-0.719409	-0.423588
221	-214.775	0	-0.676086	-0.736407	-0.0247269
225	-214.775	0	-0.188628	-0.981908	-0.0165947
227	-211.31	0	-0.33122	-0.903534	-0.271881
231	-211.31	0	-0.511614	-0.843279	0.164718
233	-214.775	0	-0.711976	-0.643643	0.280736
237	-214.775	0	-0.606432	-0.687131	0.400113
239	-211.31	0	-0.457539	-0.833364	0.310102
243	-211.31	0	0.00298956	-0.707644	0.706563
245	-214.775	0	-0.126576	-0.703676	0.699156
249	-214.775	0	-0.0419381	-0.651442	0.757539
5	-207.846	0	-0.325483	-0.709759	0.624742
9	-207.846	0	-0.196166	-0.733878	0.65034
11	-204.382	0	-0.408072	-0.646499	0.644606
15	-204.382	0	-0.514915	-0.733808	0.443157
17	-207.846	0	-0.364484	-0.922655	0.125931
21	-207.846	0	-0.535925	-0.83215	0.142513
23	-204.382	0	-0.416035	-0.828353	0.375161
27	-204.382	0	-0.27622	-0.955558	0.103013
29	-207.846	0	-0.174783	-0.962635	0.206846
33	-207.846	0	0.0645901	-0.972021	0.225839
35	-204.382	0	0.124538	-0.992193	0.0066562
39	-204.382	0	0.171396	-0.934796	0.311095
41	-207.846	0	0.116505	-0.894687	0.431232
45	-207.846	0	0.155771	-0.79755	0.582794
47	-204.382	0	-0.133444	-0.586886	0.798597
51	-204.382	0	0.121727	-0.51434	0.848903
53	-207.846	0	0.179482	-0.675798	0.714901
57	-207.846	0	0.222383	-0.643117	0.732766
59	-204.382	0	0.398173	-0.665697	0.631114
63	-204.382	0	0.132292	-0.434334	0.890984
65	-207.846	0	-0.255842	-0.503723	0.825111
69	-207.846	0	-0.221022	-0.196723	0.955222
71	-204.382	0	0.100916	-0.0199334	0.994695
75	-204.382	0	-0.0915434	-0.1884	0.977816
77	-207.846	0	-0.112516	-0.285959	0.951613
81	-207.846	0	0.158609	0.26849	0.950135
83	-204.382	0	0.0920599	0.0563747	0.994156
87	-204.382	0	0.0900619	0.250047	0.964036
89	-207.846	0	0.0116178	0.363209	0.931635
93	-207.846	0	-0.328966	0.36259	0.871958
95	-204.382	0	-0.48396	0.377176	0.789634
99	-204.382	0	-0.258961	0.447706	0.855861
101	-207.846	0	-0.223281	0.582697	0.781415
105	-207.846	0	-0.584458	0.253356	0.770857
107	-204.382	0	-0.473165	0.44602	0.759725
111	-204.382	0	-0.329239	0.586546	0.739977
113	-207.846	0	-0.62273	0.451871	0.638765
117	-207.846	0	-0.509218	0.0401446	0.859701
119	-204.382	0	-0.0824171	0.00944714	0.996553
123	-204.382	0	-0.222837	-0.0401611	0.974028
125	-207.846	0	-0.308772	0.207691	0.928183
129	-207.846	0	-0.356551	0.519707	0.776387
131	-204.382	0	-0.52699	0.572698	0.627932
135	-204.382	0	-0.792957	0.463831	0.39507
137	-207.846	0	-0.475554	0.626649	0.617382
141	-207.846	0	-0.0990281	0.90959	0.403533
143	-204.382	0	0.0899513	0.642685	0.760831
147	-204.382	0	0.061558	0.632632	0.772002
149	-207.846	0	-0.122965	0.581368	0.804296
153	-207.846	0	0.410457	0.625089	0.663919
155	-204.382	0	0.340718	0.584559	0.736344
159	-204.382	0	0.475481	0.49051	0.730286
161	-207.846	0	0.723038	0.126245	0.679175
165	-207.846	0	0.534089	-0.211076	0.818655
167	-204.382	0	0.608418	-0.307547	0.731603
171	-204.382	0	0.727782	0.0127584	0.68569
173	-207.846	0	0.647203	-0.309965	0.696455
177	-207.846	0	0.552699	-0.277019	0.785993
179	-204.382	0	0.357924	-0.382715	0.851715
183	-204.382	0	0.399919	-0.229339	0.887394
185	-207.846	0	-0.0467384	-0.236713	0.970455
189	-207.846	0	-0.197713	-0.0210985	0.980033
191	-204.382	0	0.0980247	-0.0234302	0.994908
195	-204.382	0	-0.110202	0.402356	0.908826
197	-207.846	0	-0.807152	0.292973	0.512515
201	-207.846	0	-0.777516	0.547514	0.30935
203	-204.382	0	-0.73007	0.619662	-0.288127
207	-204.382	0	-0.66361	0.09054	-0.742579
209	-207.846	0	-0.669384	-0.15454	-0.726665
213	-207.846	0	-0.535963	-0.374146	-0.756808
215	-204.382	0	-0.0726419	-0.16079	-0.984312
219	-204.382	0	-0.313819	-0.222133	-0.923133
221	-207.846	0	-0.536974	-0.331139	-0.77589
225	-207.846	0	-0.486058	-0.457083	-0.744864
227	-204.382	0	-0.276233	-0.454281	-0.84695
231	-204.382	0	-0.0459799	-0.838004	-0.543723
233	-207.846	0	-0.370785	-0.920641	-0.122227
237	-207.846	0	-0.573139	-0.819345	-0.0135988
239	-204.382	0	-0.824017	-0.564267	-0.0509801
243	-204.382	0	-0.803804	-0.466435	0.36924
245	-207.846	0	-0.523556	-0.236404	0.818536
249	-207.846	0	-0.476433	-0.76985	0.424667
5	-200.918	0	-0.347777	-0.574802	0.740712
9	-200.918	0	-0.183382	-0.585739	0.789481
11	-197.454	0	-0.322997	-0.771229	0.548524
15	-197.454	0	-0.597405	-0.715493	0.362184
17	-200.918	0	-0.42231	-0.568033	0.706394
21	-200.918	0	-0.463451	-0.668196	0.582003
23	-197.454	0	-0.416603	-0.584609	0.696185
27	-197.454	0	-0.447811	-0.819578	0.357432
29	-200.918	0	-0.0775846	-0.94602	0.314686
33	-200.918	0	0.279211	-0.951772	0.127164
35	-197.454	0	-0.0264214	-0.984792	0.171718
39	-197.454	0	-0.0320537	-0.983989	0.175326
41	-200.918	0	0.144667	-0.889411	0.433612
45	-200.918	0	0.224284	-0.666094	0.711348
47	-197.454	0	-0.152433	-0.441243	0.884347
51	-197.454	0	0.118105	-0.20809	0.970953
53	-200.918	0	-0.159926	-0.383447	0.909611
57	-200.918	0	-0.0308703	-0.353262	0.935015
59	-197.454	0	0.169479	-0.471354	0.865507
63	-197.454	0	0.138964	-0.290871	0.946616
65	-200.918	0	-0.0910237	-0.357396	0.929507
69	-200.918	0	0.277416	0.121383	0.953051
71	-197.454	0	0.221184	0.118775	0.967972
75	-197.454	0	-0.0601464	0.219133	0.973839
77	-200.918	0	0.157097	0.106596	0.981814
81	-200.918	0	0.260485	0.284844	0.922503
83	-197.454	0	0.346408	0.393691	0.851475
87	-197.454	0	0.295251	0.436755	0.849748
89	-200.918	0	0.165573	0.185799	0.968537
93	-200.918	0	-0.528921	0.150806	0.835164
95	-197.454	0	0.0316887	-0.0304984	0.999032
99	-197.454	0	0.179569	0.170351	0.968884
101	-200.918	0	-0.16391	0.498273	0.851386
105	-200.918	0	-0.0126861	0.575457	0.817734
107	-197.454	0	0.00526741	0.326147	0.945304
111	-197.454	0	0.107643	0.563945	0.818766
113	-200.918	0	-0.349666	0.367634	0.86173
117	-200.918	0	-0.534478	0.288307	0.794489
119	-197.454	0	-0.280207	0.549051	0.787418
123	-197.454	0	-0.472419	0.31201	0.8243
125	-200.918	0	-0.219154	0.644961	0.732119
129	-200.918	0	-0.343545	0.763573	0.546747
131	-197.454	0	-0.344414	0.820587	0.456087
135	-197.454	0	-0.0852262	0.811394	0.578252
137	-200.918	0	-0.626551	0.518231	0.582126
141	-200.918	0	-0.295374	0.861286	0.413451
143	-197.454	0	-0.184623	0.938352	0.29225
147	-197.454	0	0.343765	0.829861	0.439495
149	-200.918	0	0.192581	0.682158	0.705388
153	-200.918	0	0.107561	0.65646	0.746653
155	-197.454	0	0.407964	0.344508	0.845506
159	-197.454	0	0.538724	0.240333	0.807475
161	-200.918	0	0.570858	0.515404	0.639124
165	-200.918	0	0.572896	-0.0257231	0.819224
167	-197.454	0	0.34994	-0.0686276	0.934255
171	-197.454	0	0.536817	0.310517	0.784478
173	-200.918	0	0.666729	0.142494	0.731552
177	-200.918	0	0.581026	-0.169121	0.79612
179	-197.454	0	0.488126	0.133289	0.862535
183	-197.454	0	0.290722	-0.151678	0.944709
185	-200.918	0	0.470998	-0.0684679	0.879473
189	-200.918	0	0.177291	0.0731742	0.981434
191	-197.454	0	0.69287	0.164089	0.702143
195	-197.454	0	0.568632	0.719601	0.398537
197	-200.918	0	0.0878063	0.863207	0.497155
201	-200.918	0	-0.00588105	0.841727	-0.539871
203	-197.454	0	0.229014	0.518966	-0.823546
207	-197.454	0	-0.1308	0.125957	-0.983375
209	-200.918	0	-0.482833	-0.0794015	-0.872106
213	-200.918	0	-0.111099	-0.273475	-0.955442
215	-197.454	0	0.129421	-0.394863	-0.909579
219	-197.454	0	0.431546	-0.376533	-0.81975
221	-200.918	0	-0.130327	-0.276286	-0.952198
225	-200.918	0	-0.0954571	-0.422171	-0.901476
227	-197.454	0	-0.100942	-0.286031	-0.952889
231	-197.454	0	-0.0576794	-0.555487	-0.829522
233	-200.918	0	-0.151718	-0.779924	-0.607207
237	-200.918	0	-0.723514	-0.65136	-0.228599
239	-197.454	0	-0.440459	-0.829954	-0.342305
243	-197.454	0	-0.491517	-0.870853	-0.00507017
245	-200.918	0	-0.498823	-0.816903	0.289559
249	-200.918	0	-0.54187	-0.785436	0.299112
5	-193.99	0	-0.172257	-0.550733	0.816713
9	-193.99	0	-0.31109	-0.820241	0.480029
11	-190.526	0	-0.394032	-0.685255	0.612506
15	-190.526	0	-0.217986	-0.65006	0.727945
17	-193.99	0	-0.449933	-0.638737	0.62416
21	-193.99	0	-0.316073	-0.535333	0.783273
23	-190.526	0	-0.556554	-0.599587	0.575103
27	-190.526	0	-0.598184	-0.398624	0.69518
29	-193.99	0	-0.455384	-0.857447	0.239603
33	-193.99	0	-0.630308	-0.593392	0.500598
35	-190.526	0	-0.262689	-0.861751	0.434027
39	-190.526	0	-0.458979	-0.795334	0.395957
41	-193.99	0	-0.181545	-0.949043	0.257604
45	-193.99	0	-0.164935	-0.830444	0.532127
47	-190.526	0	-0.476959	-0.557583	0.67942
51	-190.526	0	-0.240525	-0.618198	0.748318
53	-193.99	0	-0.197103	-0.218028	0.955832
57	-193.99	0	0.0184471	-0.303861	0.952538
59	-190.526	0	0.238259	-0.227854	0.944095
63	-190.526	0	0.697412	0.0982925	0.709898
65	-193.99	0	0.0440581	-0.126693	0.990963
69	-193.99	0	0.374761	0.349134	0.858871
71	-190.526	0	0.228199	0.0591735	0.971815
75	-190.526	0	0.346688	0.0977258	0.932876
77	-193.99	0	0.000121627	0.238145	0.97123
81	-193.99	0	0.350166	0.425981	0.834221
83	-190.526	0	0.370354	0.377846	0.84857
87	-190.526	0	0.507062	0.414426	0.755738
89	-193.99	0	0.379532	0.285772	0.879937
93	-193.99	0	0.0906919	0.17442	0.980486
95	-190.526	0	0.174189	-0.0343008	0.984115
99	-190.526	0	0.227097	0.0490483	0.972636
101	-193.99	0	0.0678542	0.284938	0.956141
105	-193.99	0	-0.0248318	0.513366	0.85781
107	-190.526	0	0.506139	0.156585	0.848118
111	-190.526	0	-0.0222449	0.37269	0.927689
113	-193.99	0	0.122859	0.126006	0.984392
117	-193.99	0	-0.298973	0.152071	0.942066
119	-190.526	0	-0.294512	0.448001	0.844131
123	-190.526	0	-0.23369	0.527566	0.816739
125	-193.99	0	-0.0202341	0.470308	0.88227
129	-193.99	0	-0.18877	0.696824	0.691955
131	-190.526	0	-0.335918	0.777779	0.531243
135	-190.526	0	-0.266971	0.844296	0.464641
137	-193.99	0	-0.188961	0.763335	0.617748
141	-193.99	0	-0.0328231	0.986679	0.159334
143	-190.526	0	-0.166255	0.984571	-0.0545787
147	-190.526	0	0.201253	0.824411	0.529003
149	-193.99	0	0.31273	0.811341	0.493888
153	-193.99	0	0.547377	0.575801	0.607315
155	-190.526	0	0.18151	0.313078	0.932221
159	-190.526	0	0.60334	0.0803159	0.793429
161	-193.99	0	0.670914	0.101115	0.734609
165	-193.99	0	0.514287	-0.268968	0.814349
167	-190.526	0	0.540619	-0.238072	0.806878
171	-190.526	0	0.549387	-0.32485	0.769835
173	-193.99	0	0.475409	0.224107	0.850742
177	-193.99	0	0.431536	0.2586	0.864235
179	-190.526	0	0.513277	-0.0750077	0.854939
183	-190.526	0	0.519146	-0.000787296	0.854685
185	-193.99	0	0.328992	0.0031508	0.944327
189	-193.99	0	0.456641	0.569362	0.683597
191	-190.526	0	0.548924	0.716498	0.43048
195	-190.526	0	0.369765	0.928394	-0.0368576
197	-193.99	0	0.150514	0.807175	-0.570801
201	-193.99	0	0.214629	0.638113	-0.739423
203	-190.526	0	0.161032	0.500821	-0.850439
207	-190.526	0	-0.00128944	0.376379	-0.926465
209	-193.99	0	0.121825	0.0217284	-0.992314
213	-193.99	0	-0.0908607	-0.348789	-0.932786
215	-190.526	0	-0.252184	-0.301725	-0.919437
219	-190.526	0	-0.0337757	-0.44955	-0.892617
221	-193.99	0	0.185981	-0.3109	-0.932069
225	-193.99	0	-0.0801891	-0.363814	-0.928014
227	-190.526	0	-0.0626531	0.00310869	-0.998031
231	-190.526	0	-0.269614	-0.325567	-0.906264
233	-193.99	0	-0.0245992	-0.484252	-0.874583
237	-193.99	0	-0.425299	-0.3364	-0.840212
239	-190.526	0	-0.875398	-0.39338	-0.280945
243	-190.526	0	-0.741291	-0.629037	-0.234096
245	-193.99	0	-0.638337	-0.760818	-0.116972
249	-193.99	0	-0.765251	-0.591252	0.254582
5	-187.062	0	0.0911284	-0.215167	0.972316
9	-187.062	0	-0.143211	-0.503001	0.852338
11	-183.598	0	-0.268104	0.197027	0.943027
15	-183.598	0	-0.472138	-0.47299	0.743885
17	-187.062	0	-0.465505	-0.447306	0.76369
21	-187.062	0	-0.545059	-0.240661	0.803115
23	-183.598	0	-0.517349	-0.581782	0.627599
27	-183.598	0	-0.509511	-0.663493	0.547883
29	-187.062	0	-0.463377	-0.482265	0.743439
33	-187.062	0	-0.472139	-0.659716	0.584687
35	-183.598	0	-0.627499	-0.622136	0.468179
39	-183.598	0	-0.576159	-0.633071	0.516973
41	-187.062	0	-0.133023	-0.65463	0.744153
45	-187.062	0	-0.167429	-0.740337	0.651051
47	-183.598	0	-0.430924	-0.59368	0.679595
51	-183.598	0	-0.461624	-0.533533	0.708693
53	-187.062	0	-0.13416	-0.522691	0.8419
57	-187.062	0	0.607945	-0.248266	0.754166
59	-183.598	0	0.443948	-0.0324292	0.895465
63	-183.598	0	0.541309	0.0501741	0.839326
65	-187.062	0	0.752374	0.12251	0.647244
69	-187.062	0	0.286465	0.0755697	0.955106
71	-183.598	0	0.271165	0.0172825	0.962378
75	-183.598	0	0.329946	0.0203338	0.943781
77	-187.062	0	0.514758	-0.0184055	0.857138
81	-187.062	0	0.539382	0.330721	0.774397
83	-183.598	0	0.604339	0.388779	0.695432
87	-183.598	0	0.654222	0.209671	0.726658
89	-187.062	0	0.6076	0.0176756	0.794046
93	-187.062	0	0.398909	0.220691	0.890038
95	-183.598	0	0.245775	0.282075	0.927377
99	-183.598	0	0.355955	0.15103	0.922218
101	-187.062	0	0.168636	0.450715	0.876595
105	-187.062	0	0.306647	0.211443	0.928041
107	-183.598	0	0.384671	0.0488676	0.921759
111	-183.598	0	0.123809	0.15983	0.97935
113	-187.062	0	-0.217477	0.109015	0.969959
117	-187.062	0	-0.0897981	0.120088	0.988694
119	-183.598	0	-0.0353634	0.616443	0.786605
123	-183.598	0	0.258194	0.70813	0.657182
125	-187.062	0	0.0991726	0.691392	0.715641
129	-187.062	0	-0.123184	0.950988	0.283633
131	-183.598	0	-0.230805	0.802239	0.550583
135	-183.598	0	-0.363598	0.674989	0.642018
137	-187.062	0	-0.421004	0.828759	0.368665
141	-187.062	0	-0.0443227	0.949492	0.310646
143	-183.598	0	-0.116723	0.702847	0.701699
147	-183.598	0	0.166509	0.637351	0.752368
149	-187.062	0	0.149644	0.673309	0.724059
153	-187.062	0	0.110226	0.280388	0.953537
155	-183.598	0	0.270434	0.0571602	0.96104
159	-183.598	0	0.569671	0.16388	0.805369
161	-187.062	0	0.65115	0.167847	0.740156
165	-187.062	0	0.66496	-0.323807	0.673036
167	-183.598	0	0.393217	-0.69961	0.596595
171	-183.598	0	-0.0803148	-0.611966	0.786795
173	-187.062	0	0.233699	-0.50554	0.830551
177	-187.062	0	0.0431305	-0.296574	0.954036
179	-183.598	0	0.164981	0.0475339	0.985151
183	-183.598	0	0.304761	0.28573	0.908559
185	-187.062	0	0.49212	0.160455	0.855612
189	-187.062	0	0.610208	0.596015	0.521931
191	-183.598	0	0.510585	0.849965	-0.129857
195	-183.598	0	0.135008	0.879622	-0.456111
197	-187.062	0	0.376951	0.689756	-0.618178
201	-187.062	0	0.0193306	0.672133	-0.740178
203	-183.598	0	-0.085917	0.364347	-0.927291
207	-183.598	0	-0.142069	0.0165864	-0.989718
209	-187.062	0	-0.310601	0.118997	-0.943062
213	-187.062	0	-0.190131	-0.281128	-0.940647
215	-183.598	0	-0.248034	-0.435737	-0.865224
219	-183.598	0	0.154687	-0.429399	-0.889769
221	-187.062	0	-0.00946209	-0.329635	-0.944061
225	-187.062	0	0.0849678	0.0593401	-0.994615
227	-183.598	0	0.0619546	0.105901	-0.992445
231	-183.598	0	-0.101681	-0.329039	-0.938826
233	-187.062	0	-0.241386	-0.449258	-0.860174
237	-187.062	0	-0.544907	-0.421048	-0.725117
239	-183.598	0	-0.568999	-0.219686	-0.792451
243	-183.598	0	-0.599636	-0.431092	-0.674238
245	-187.062	0	-0.611054	-0.600906	-0.515291
249	-187.062	0	-0.877359	-0.430149	-0.212632
5	-180.134	0	-0.124458	-0.138926	0.982451
9	-180.134	0	-0.394386	-0.0966251	0.913851
11	-176.669	0	-0.328518	0.0645089	0.942292
15	-176.669	0	-0.551044	0.0530118	0.832791
17	-180.134	0	-0.431264	-0.567015	0.701787
21	-180.134	0	-0.669588	-0.152185	0.726974
23	-176.669	0	-0.833192	-0.265393	0.485137
27	-176.669	0	-0.968773	-0.177656	0.172966
29	-180.134	0	-0.747246	-0.304781	0.590535
33	-180.134	0	-0.773236	-0.551765	0.312507
35	-176.669	0	-0.761776	-0.603961	0.234369
39	-176.669	0	-0.842693	-0.434968	0.317289
41	-180.134	0	-0.591698	-0.586586	0.553001
45	-180.134	0	-0.556601	-0.390751	0.73315
47	-176.669	0	-0.299642	-0.713412	0.633449
51	-176.669	0	-0.353586	-0.785656	0.507663
53	-180.134	0	0.0495322	-0.775312	0.629633
57	-180.134	0	0.222981	-0.417009	0.881126
59	-176.669	0	0.368667	-0.40295	0.837685
63	-176.669	0	0.382985	-0.0595401	0.921834
65	-180.134	0	0.405121	-0.157386	0.900614
69	-180.134	0	0.353956	-0.0717318	0.932507
71	-176.669	0	0.522183	-0.109863	0.845727
75	-176.669	0	0.327632	-0.196478	0.92415
77	-180.134	0	0.636074	-0.115623	0.762916
81	-180.134	0	0.64878	-0.00931061	0.760919
83	-176.669	0	0.431021	-0.0267394	0.901946
87	-176.669	0	0.504401	-0.160842	0.848357
89	-180.134	0	0.455385	0.246265	0.855557
93	-180.134	0	0.472436	0.228791	0.851151
95	-176.669	0	0.529372	-0.0454098	0.847174
99	-176.669	0	0.385419	0.28744	0.87683
101	-180.134	0	0.413824	0.0311016	0.909825
105	-180.134	0	0.439199	0.0566979	0.896599
107	-176.669	0	0.465212	0.351094	0.812595
111	-176.669	0	0.455859	0.46936	0.756236
113	-180.134	0	-0.0786127	0.374339	0.923954
117	-180.134	0	0.266857	0.238896	0.933657
119	-176.669	0	0.10837	0.613463	0.782252
123	-176.669	0	-0.19519	0.676848	0.709773
125	-180.134	0	0.180025	0.743916	0.643568
129	-180.134	0	-0.1403	0.824495	0.5482
131	-176.669	0	-0.471905	0.754481	0.45614
135	-176.669	0	-0.346855	0.816057	0.462323
137	-180.134	0	-0.177183	0.484489	0.856666
141	-180.134	0	0.0642401	0.298915	0.952115
143	-176.669	0	-0.0487085	0.256791	0.965239
147	-176.669	0	-0.16951	0.0903799	0.981375
149	-180.134	0	0.0956612	0.323028	0.941542
153	-180.134	0	0.0627788	0.305261	0.950197
155	-176.669	0	-0.0403434	-0.115412	0.992498
159	-176.669	0	-0.0284014	-0.782796	0.62163
161	-180.134	0	0.0751265	-0.677134	0.732015
165	-180.134	0	-0.173986	-0.774873	0.607701
167	-176.669	0	-0.323969	-0.656633	0.681086
171	-176.669	0	-0.540978	-0.243895	0.804897
173	-180.134	0	0.0183043	-0.283529	0.958789
177	-180.134	0	0.151929	0.267033	0.951636
179	-176.669	0	-0.284573	0.723212	0.629271
183	-176.669	0	0.0900263	0.981714	0.167727
185	-180.134	0	0.0638978	0.974519	0.215011
189	-180.134	0	0.38364	0.92222	-0.0482807
191	-176.669	0	0.25877	0.588096	-0.766277
195	-176.669	0	0.0731697	0.196719	-0.977726
197	-180.134	0	0.292426	0.259006	-0.920545
201	-180.134	0	0.366386	0.0550469	-0.928833
203	-176.669	0	-0.0712077	-0.0631721	-0.995459
207	-176.669	0	0.028351	-0.0787167	-0.996494
209	-180.134	0	0.0537284	-0.335688	-0.94044
213	-180.134	0	-0.0218444	-0.200967	-0.979354
215	-176.669	0	-0.374242	-0.0778555	-0.924057
219	-176.669	0	-0.168781	-0.143875	-0.975096
221	-180.134	0	-0.0716793	0.000706909	-0.997427
225	-180.134	0	0.0477002	-0.163588	-0.985375
227	-176.669	0	-0.0457767	-0.241316	-0.969366
231	-176.669	0	-0.146399	-0.0129336	-0.989141
233	-180.134	0	-0.236307	0.158312	-0.958695
237	-180.134	0	-0.231168	-0.0540618	-0.971411
239	-176.669	0	-0.393512	0.242274	-0.886821
243	-176.669	0	-0.620283	-0.106528	-0.77711
245	-180.134	0	-0.821664	-0.166112	-0.545229
249	-180.134	0	-0.922779	-0.221543	-0.315273
5	-173.205	0	-0.120434	0.193624	0.973656
9	-173.205	0	-0.3575	0.136963	0.923815
11	-169.741	0	-0.873859	0.0540256	0.483168
15	-169.741	0	-0.847657	0.435528	0.302973
17	-173.205	0	-0.76003	0.410552	0.503788
21	-173.205	0	-0.890584	0.0731109	0.448904
23	-169.741	0	-0.979536	0.0321436	0.198687
27	-169.741	0	-0.860425	-0.28042	-0.425479
29	-173.205	0	-0.980949	-0.0757992	-0.178866
33	-173.205	0	-0.790902	-0.46391	-0.399075
35	-169.741	0	-0.561437	-0.228703	-0.795289
39	-169.741	0	-0.574071	-0.334441	-0.74739
41	-173.205	0	-0.629739	-0.715508	0.30245
45	-173.205	0	0.0217829	-0.704243	0.709624
47	-169.741	0	-0.0655313	-0.91756	0.392159
51	-169.741	0	0.487302	-0.83281	0.262609
53	-173.205	0	0.0240102	-0.959722	0.279924
57	-173.205	0	0.357473	-0.662226	0.658535
59	-169.741	0	0.0992587	-0.893465	0.438026
63	-169.741	0	0.303717	-0.639076	0.706639
65	-173.205	0	0.580492	-0.1564	0.799104
69	-173.205	0	0.447105	0.00480749	0.894469
71	-169.741	0	-0.066022	-0.188633	0.979826
75	-169.741	0	0.0942909	-0.0601171	0.993728
77	-173.205	0	0.147481	-0.274152	0.950311
81	-173.205	0	0.385384	0.0104289	0.922698
83	-169.741	0	0.38116	0.0010805	0.924509
87	-169.741	0	0.41023	0.109463	0.905389
89	-173.205	0	0.398999	-0.0568389	0.915188
93	-173.205	0	0.564636	-0.0774024	0.821703
95	-169.741	0	0.55678	0.000753454	0.83066
99	-169.741	0	0.539835	0.392423	0.744703
101	-173.205	0	0.4771	0.40304	0.780983
105	-173.205	0	0.458475	0.38475	0.801105
107	-169.741	0	0.789529	0.427251	0.440569
111	-169.741	0	0.760988	0.55536	0.33537
113	-173.205	0	0.555538	0.657786	0.508621
117	-173.205	0	0.431472	0.822511	0.370551
119	-169.741	0	0.203986	0.970091	0.131583
123	-169.741	0	-0.17943	0.960203	0.214044
125	-173.205	0	-0.270611	0.952343	0.140756
129	-173.205	0	-0.722488	0.687314	0.0749067
131	-169.741	0	-0.81534	0.578049	0.0328487
135	-169.741	0	-0.750207	0.513319	0.416765
137	-173.205	0	-0.398382	0.573683	0.715667
141	-173.205	0	-0.386359	0.0694162	0.919733
143	-169.741	0	-0.709128	0.242084	0.662219
147	-169.741	0	-0.657337	-0.168225	0.734581
149	-173.205	0	-0.345793	0.128679	0.929445
153	-173.205	0	-0.0941152	-0.471296	0.876939
155	-169.741	0	-0.00763452	-0.979179	0.202856
159	-169.741	0	-0.239901	-0.879376	-0.411272
161	-173.205	0	-0.266915	-0.961352	-0.0675203
165	-173.205	0	-0.615212	-0.783724	0.0853832
167	-169.741	0	-0.578115	-0.0236306	-0.815613
171	-169.741	0	-0.654484	0.107952	-0.74833
173	-173.205	0	-0.993704	0.101878	0.0466237
177	-173.205	0	-0.770095	0.598918	-0.219661
179	-169.741	0	-0.457399	0.646352	-0.610749
183	-169.741	0	-0.335295	0.453635	-0.825707
185	-173.205	0	0.0541533	0.963809	-0.261036
189	-173.205	0	-0.199571	0.683716	-0.701929
191	-169.741	0	-0.232811	0.459656	-0.857039
195	-169.741	0	-0.111545	0.233411	-0.965959
197	-173.205	0	-0.27755	-0.0238582	-0.960415
201	-173.205	0	-0.344442	-0.420814	-0.839211
203	-169.741	0	-0.0165566	-0.0881079	-0.995973
207	-169.741	0	0.151047	-0.14997	-0.977084
209	-173.205	0	-0.132499	0.0575353	-0.989512
213	-173.205	0	-0.161016	0.0464019	-0.98586
215	-169.741	0	0.232977	-0.559496	-0.795415
219	-169.741	0	0.151418	-0.657933	-0.737697
221	-173.205	0	-0.231585	-0.417978	-0.878443
225	-173.205	0	0.0648656	-0.148633	-0.986763
227	-169.741	0	0.0375256	-0.2351	-0.971247
231	-169.741	0	-0.0331112	-0.272446	-0.961601
233	-173.205	0	0.0236516	-0.0480958	-0.998563
237	-173.205	0	-0.146523	0.165453	-0.975272
239	-169.741	0	-0.176464	-0.189476	-0.965898
243	-169.741	0	-0.363398	0.0333063	-0.931038
245	-173.205	0	-0.513741	-0.0179323	-0.857758
249	-173.205	0	-0.819169	0.169907	-0.547809
5	-166.277	0	-0.586776	0.670191	0.454464
9	-166.277	0	-0.795134	0.520177	0.311732
11	-162.813	0	-0.66992	0.596205	-0.442432
15	-162.813	0	-0.762272	0.534358	-0.365243
17	-166.277	0	-0.749372	0.642079	-0.161793
21	-166.277	0	-0.720776	0.679043	-0.139222
23	-162.813	0	-0.37705	0.303981	-0.874888
27	-162.813	0	-0.305558	0.201151	-0.930684
29	-166.277	0	-0.740177	-0.0827821	-0.667297
33	-166.277	0	-0.553213	-0.0427596	-0.831941
35	-162.813	0	-0.309015	-0.286335	-0.90693
39	-162.813	0	-0.318437	-0.39732	-0.860659
41	-166.277	0	-0.0773747	-0.448591	-0.890381
45	-166.277	0	0.302464	-0.746034	-0.593253
47	-162.813	0	0.0176127	-0.759757	-0.649968
51	-162.813	0	0.138264	-0.943189	-0.302121
53	-166.277	0	0.145829	-0.989066	0.021984
57	-166.277	0	0.256819	-0.901506	0.348326
59	-162.813	0	-0.182986	-0.670314	0.719163
63	-162.813	0	-0.0696042	-0.373437	0.92504
65	-166.277	0	0.172613	-0.266579	0.94823
69	-166.277	0	0.101208	-0.132272	0.986033
71	-162.813	0	0.319118	-0.0223589	0.947451
75	-162.813	0	0.295085	0.320088	0.90026
77	-166.277	0	0.104498	-0.120905	0.987148
81	-166.277	0	0.447272	0.0701502	0.891643
83	-162.813	0	0.3266	0.218872	0.919471
87	-162.813	0	0.191509	0.303998	0.933225
89	-166.277	0	0.290813	0.19905	0.935845
93	-166.277	0	0.640446	-0.0593049	0.76571
95	-162.813	0	0.815774	-0.0980306	0.570002
99	-162.813	0	0.888412	0.0317398	0.457948
101	-166.277	0	0.778187	0.212361	0.59104
105	-166.277	0	0.867665	0.288177	0.405107
107	-162.813	0	0.948814	0.312067	-0.0486482
111	-162.813	0	0.875467	0.378537	-0.300444
113	-166.277	0	0.661186	0.731825	-0.165121
117	-166.277	0	0.622655	0.709243	-0.330566
119	-162.813	0	0.121485	0.73293	-0.669369
123	-162.813	0	-0.162441	0.778679	-0.60603
125	-166.277	0	-0.167987	0.962774	-0.211772
129	-166.277	0	-0.651851	0.709176	-0.268625
131	-162.813	0	-0.566044	0.376102	-0.733581
135	-162.813	0	-0.56924	0.594022	-0.568422
137	-166.277	0	-0.92983	0.35317	-0.103373
141	-166.277	0	-0.958794	-0.162219	0.233234
143	-162.813	0	-0.982972	-0.18115	0.030831
147	-162.813	0	-0.980746	-0.162163	-0.108819
149	-166.277	0	-0.851344	-0.507677	0.132203
153	-166.277	0	-0.339793	-0.938744	0.0574547
155	-162.813	0	-0.366007	-0.444387	-0.817655
159	-162.813	0	-0.521652	0.0945952	-0.847898
161	-166.277	0	-0.207669	0.0179187	-0.978035
165	-166.277	0	-0.0943832	0.150228	-0.984136
167	-162.813	0	-0.376639	0.521926	-0.765334
171	-162.813	0	-0.613438	0.690766	-0.3828
173	-166.277	0	-0.699698	0.513974	-0.49624
177	-166.277	0	-0.495536	0.501154	-0.709429
179	-162.813	0	-0.362285	0.378253	-0.851865
183	-162.813	0	-0.474671	0.263511	-0.839791
185	-166.277	0	-0.253888	0.21076	-0.943992
189	-166.277	0	-0.126558	0.398772	-0.908275
191	-162.813	0	-0.0149067	0.155634	-0.987702
195	-162.813	0	-0.0426872	-0.203219	-0.978202
197	-166.277	0	0.0525284	0.0741396	-0.995863
201	-166.277	0	-0.0295874	-0.237699	-0.970888
203	-162.813	0	-0.101549	-0.244989	-0.964193
207	-162.813	0	-0.0950987	-0.363512	-0.926723
209	-166.277	0	0.345454	-0.2059	-0.915569
213	-166.277	0	0.0633026	-0.538528	-0.840227
215	-162.813	0	0.0507345	-0.676769	-0.734445
219	-162.813	0	-0.185345	-0.509933	-0.840009
221	-166.277	0	-0.160932	-0.659754	-0.734048
225	-166.277	0	0.102462	-0.287159	-0.952387
227	-162.813	0	-0.00745386	-0.17076	-0.985284
231	-162.813	0	0.173365	-0.526505	-0.832308
233	-166.277	0	-0.0234646	-0.452234	-0.89159
237	-166.277	0	-0.301525	-0.493676	-0.8157
239	-162.813	0	-0.271046	-0.687482	-0.673723
243	-162.813	0	-0.00860942	-0.829143	-0.55897
245	-166.277	0	0.00630996	-0.326445	-0.945195
249	-166.277	0	0.0384591	-0.431973	-0.901066
5	-159.349	0	-0.82869	0.557725	-0.0470758
9	-159.349	0	-0.641124	0.708936	-0.293887
11	-155.885	0	-0.502016	0.57775	-0.643572
15	-155.885	0	-0.412975	0.519452	-0.748078
17	-159.349	0	-0.0447992	0.795564	-0.604211
21	-159.349	0	-0.0208132	0.257679	-0.966006
23	-155.885	0	0.280574	0.245368	-0.92794
27	-155.885	0	0.281758	0.407523	-0.868641
29	-159.349	0	0.296268	0.21971	-0.929491
33	-159.349	0	0.0933879	-0.068239	-0.993289
35	-155.885	0	0.063002	-0.253967	-0.965159
39	-155.885	0	-0.313784	-0.337788	-0.887378
41	-159.349	0	-0.0149978	-0.627827	-0.778208
45	-159.349	0	-0.239153	-0.653332	-0.718306
47	-155.885	0	-0.0232261	-0.693798	-0.719795
51	-155.885	0	-0.15666	-0.986804	-0.0409263
53	-159.349	0	0.0428726	-0.976783	0.209899
57	-159.349	0	-0.0741942	-0.77511	0.627455
59	-155.885	0	0.0752829	-0.855813	0.511778
63	-155.885	0	0.0695828	-0.492814	0.867348
65	-159.349	0	-0.00122343	-0.100626	0.994924
69	-159.349	0	-0.0614693	0.0641567	0.996045
71	-155.885	0	-0.0112949	-0.0136758	0.999843
75	-155.885	0	0.0952271	0.278469	0.955713
77	-159.349	0	0.195648	0.398088	0.896241
81	-159.349	0	0.316097	0.242474	0.917218
83	-155.885	0	0.518055	0.145529	0.842876
87	-155.885	0	0.368577	0.024548	0.929273
89	-159.349	0	0.503388	-0.160036	0.849111
93	-159.349	0	0.579195	-0.401073	0.7097
95	-155.885	0	0.674695	-0.396088	0.622817
99	-155.885	0	0.91138	-0.232943	0.339299
101	-159.349	0	0.930886	-0.048369	0.362094
105	-159.349	0	0.997417	-0.0706028	-0.013209
107	-155.885	0	0.911628	-0.243176	-0.331359
111	-155.885	0	0.759912	0.0387509	-0.64887
113	-159.349	0	0.705777	0.344533	-0.619012
117	-159.349	0	0.432825	0.418017	-0.798702
119	-155.885	0	0.253687	0.129927	-0.958521
123	-155.885	0	-0.105254	0.365801	-0.924722
125	-159.349	0	-0.467412	0.60423	-0.645315
129	-159.349	0	-0.42224	0.303547	-0.85415
131	-155.885	0	-0.324055	-0.010853	-0.945976
135	-155.885	0	-0.43305	-0.0613289	-0.899281
137	-159.349	0	-0.51717	0.0537507	-0.854193
141	-159.349	0	-0.696654	-0.400172	-0.595428
143	-155.885	0	-0.47946	-0.102479	-0.87156
147	-155.885	0	-0.486514	-0.190725	-0.852601
149	-159.349	0	-0.793833	-0.217082	-0.568071
153	-159.349	0	-0.401841	-0.14788	-0.90369
155	-155.885	0	-0.493951	0.279625	-0.8233
159	-155.885	0	-0.376064	0.334812	-0.863989
161	-159.349	0	-0.285886	0.230379	-0.930158
165	-159.349	0	-0.327027	0.744436	-0.582124
167	-155.885	0	-0.154377	0.561445	-0.812987
171	-155.885	0	-0.263028	0.669202	-0.694972
173	-159.349	0	-0.419547	0.537608	-0.731408
177	-159.349	0	-0.267134	0.379139	-0.885942
179	-155.885	0	-0.234966	0.706564	-0.667502
183	-155.885	0	-0.151182	0.404365	-0.902016
185	-159.349	0	-0.166931	0.0335794	-0.985397
189	-159.349	0	-0.225762	-0.0241626	-0.973883
191	-155.885	0	-0.117512	0.205651	-0.971544
195	-155.885	0	0.126165	0.25756	-0.95799
197	-159.349	0	0.0127779	-0.200557	-0.979599
201	-159.349	0	-0.0824988	-0.470306	-0.878639
203	-155.885	0	-0.355301	-0.0944586	-0.929967
207	-155.885	0	-0.0597555	-0.188745	-0.980206
209	-159.349	0	-0.0283086	-0.11976	-0.992399
213	-159.349	0	-0.0772789	-0.404279	-0.911365
215	-155.885	0	-0.0465329	-0.346451	-0.936913
219	-155.885	0	-0.256857	-0.573615	-0.777812
221	-159.349	0	-0.362316	-0.700258	-0.615115
225	-159.349	0	-0.239141	-0.00524155	-0.970971
227	-155.885	0	-0.162251	-0.10195	-0.981469
231	-155.885	0	-0.84684	-0.102801	-0.521817
233	-159.349	0	-0.564422	-0.459175	-0.685993
237	-159.349	0	-0.665869	-0.618482	-0.417251
239	-155.885	0	-0.5422	-0.817996	-0.192099
243	-155.885	0	-0.508048	-0.778216	0.369143
245	-159.349	0	0.211447	-0.97621	-0.0480013
249	-159.349	0	0.620426	-0.78222	0.056598
5	-152.421	0	-0.783291	0.109413	-0.611952
9	-152.421	0	-0.587325	0.0122538	-0.809258
11	-148.957	0	-0.417366	-0.0154763	-0.908607
15	-148.957	0	-0.101956	0.302317	-0.947739
17	-152.421	0	0.000524969	0.381306	-0.924449
21	-152.421	0	0.143726	0.259804	-0.954906
23	-148.957	0	0.274101	0.361737	-0.891075
27	-148.957	0	0.215895	0.393705	-0.893524
29	-152.421	0	0.128384	0.0256527	-0.991393
33	-152.421	0	-0.184261	-0.0233301	-0.9826
35	-148.957	0	-0.0678051	-0.256389	-0.964193
39	-148.957	0	0.112498	-0.453428	-0.884165
41	-152.421	0	-0.0944436	-0.496318	-0.862988
45	-152.421	0	-0.373412	-0.456423	-0.807615
47	-148.957	0	-0.447928	-0.72465	-0.523683
51	-148.957	0	-0.0416156	-0.925933	-0.375389
53	-152.421	0	0.00226815	-0.996045	0.0888267
57	-152.421	0	0.201029	-0.91496	0.349906
59	-148.957	0	0.0249624	-0.894853	0.445661
63	-148.957	0	0.20578	-0.699373	0.684494
65	-152.421	0	0.0687665	-0.658835	0.749138
69	-152.421	0	-0.173495	-0.20009	0.964294
71	-148.957	0	0.0617311	-0.240876	0.968591
75	-148.957	0	0.155	0.133568	0.978843
77	-152.421	0	0.243933	0.137473	0.959999
81	-152.421	0	0.0751097	0.132414	0.988345
83	-148.957	0	0.291555	-0.0128484	0.956468
87	-148.957	0	0.372957	-0.163797	0.913276
89	-152.421	0	0.202308	0.0873966	0.975414
93	-152.421	0	0.414176	0.177332	0.892755
95	-148.957	0	-0.011823	-0.043172	0.998998
99	-148.957	0	0.0278845	-0.678932	0.733671
101	-152.421	0	0.676419	-0.669201	0.307616
105	-152.421	0	0.636668	-0.767125	0.078572
107	-148.957	0	0.299762	-0.806038	-0.510339
111	-148.957	0	0.381936	-0.467361	-0.797307
113	-152.421	0	0.169031	0.14572	-0.974779
117	-152.421	0	0.339061	-0.155015	-0.927905
119	-148.957	0	-0.0278137	-0.13747	-0.990115
123	-148.957	0	-0.102201	0.10767	-0.98892
125	-152.421	0	-0.316411	-0.142571	-0.937847
129	-152.421	0	-0.441808	-0.075398	-0.893935
131	-148.957	0	-0.0565766	-0.266921	-0.962056
135	-148.957	0	-0.134192	-0.197061	-0.971164
137	-152.421	0	-0.23191	-0.0334956	-0.97216
141	-152.421	0	0.00624819	0.0463901	-0.998904
143	-148.957	0	0.0367951	0.0860305	-0.995613
147	-148.957	0	-0.0904967	0.326417	-0.940884
149	-152.421	0	-0.406775	0.41736	-0.812616
153	-152.421	0	-0.713176	0.299237	-0.633907
155	-148.957	0	-0.386665	0.221026	-0.895342
159	-148.957	0	-0.17416	0.447026	-0.877403
161	-152.421	0	-0.357406	0.619378	-0.699022
165	-152.421	0	-0.252694	0.372374	-0.893019
167	-148.957	0	0.00558787	0.626966	-0.779027
171	-148.957	0	-0.321424	0.574112	-0.753049
173	-152.421	0	-0.146755	0.561513	-0.81435
177	-152.421	0	-0.23647	0.525949	-0.816982
179	-148.957	0	-0.165188	0.617361	-0.769141
183	-148.957	0	-0.131629	0.571895	-0.809697
185	-152.421	0	0.307852	0.297899	-0.903595
189	-152.421	0	0.145907	0.18706	-0.971452
191	-148.957	0	-0.169134	0.0368311	-0.984905
195	-148.957	0	-0.218674	-0.137391	-0.966077
197	-152.421	0	-0.108273	-0.111167	-0.987886
201	-152.421	0	0.076469	0.0800678	-0.993852
203	-148.957	0	-0.278412	-0.396559	-0.874773
207	-148.957	0	-0.12351	-0.221962	-0.967201
209	-152.421	0	-0.205365	-0.232284	-0.95072
213	-152.421	0	-0.165417	-0.039794	-0.985421
215	-148.957	0	-0.0975966	-0.334786	-0.937226
219	-148.957	0	-0.418082	-0.269472	-0.867521
221	-152.421	0	-0.523132	-0.333433	-0.784319
225	-152.421	0	-0.450636	-0.344562	-0.823532
227	-148.957	0	-0.68979	-0.362878	-0.626506
231	-148.957	0	-0.877923	-0.285502	-0.384369
233	-152.421	0	-0.714883	-0.610427	-0.341061
237	-152.421	0	-0.820396	-0.538075	-0.193455
239	-148.957	0	-0.578576	-0.463862	0.670881
243	-148.957	0	-0.594945	-0.514481	0.617535
245	-152.421	0	-0.589113	-0.488851	0.643405
249	-152.421	0	-0.265391	-0.291941	0.918879
5	-145.493	0	-0.540605	-0.0861459	-0.836855
9	-145.493	0	-0.434182	-0.0534035	-0.899241
11	-142.029	0	-0.494866	0.397631	-0.772656
15	-142.029	0	-0.485215	0.174976	-0.856709
17	-145.493	0	-0.0168528	0.0199503	-0.999659
21	-145.493	0	0.00822283	0.227759	-0.973683
23	-142.029	0	0.126122	0.103519	-0.986599
27	-142.029	0	0.317182	-0.132115	-0.939117
29	-145.493	0	0.136679	-0.00075426	-0.990615
33	-145.493	0	0.153013	0.0231565	-0.987953
35	-142.029	0	0.0439824	0.125489	-0.99112
39	-142.029	0	0.0492045	-0.585113	-0.809458
41	-145.493	0	-0.216331	-0.286869	-0.933224
45	-145.493	0	-0.280406	-0.418087	-0.864046
47	-142.029	0	-0.528058	-0.570098	-0.629399
51	-142.029	0	-0.522892	-0.597614	-0.607817
53	-145.493	0	-0.513091	-0.828809	-0.223188
57	-145.493	0	-0.0919409	-0.973857	0.207726
59	-142.029	0	-0.332812	-0.928461	0.164911
63	-142.029	0	-0.411422	-0.448959	0.793201
65	-145.493	0	0.0411542	-0.379812	0.924148
69	-145.493	0	-0.1236	-0.29834	0.946423
71	-142.029	0	-0.184873	-0.469539	0.863339
75	-142.029	0	0.183301	-0.384999	0.904531
77	-145.493	0	0.231647	-0.153157	0.960668
81	-145.493	0	0.0774836	-0.352299	0.932674
83	-142.029	0	-0.0827069	-0.337261	0.937771
87	-142.029	0	0.241568	-0.52978	0.813005
89	-145.493	0	-0.00208926	-0.43722	0.899352
93	-145.493	0	0.261624	-0.225207	0.938528
95	-142.029	0	-0.218136	-0.167743	0.961394
99	-142.029	0	0.0238912	-0.667467	0.744256
101	-145.493	0	0.236297	-0.963741	0.123966
105	-145.493	0	-0.0848836	-0.987705	-0.131279
107	-142.029	0	0.00611884	-0.98004	-0.198708
111	-142.029	0	-0.18351	-0.714975	-0.674637
113	-145.493	0	0.135496	-0.512283	-0.848061
117	-145.493	0	-0.103568	-0.34809	-0.931723
119	-142.029	0	-0.32079	-0.594462	-0.737366
123	-142.029	0	-0.411504	-0.408605	-0.814682
125	-145.493	0	-0.336991	-0.057289	-0.939763
129	-145.493	0	-0.465947	-0.152938	-0.871495
131	-142.029	0	-0.420928	-0.269854	-0.866024
135	-142.029	0	-0.208315	-0.313432	-0.92648
137	-145.493	0	-0.225233	-0.243237	-0.943454
141	-145.493	0	0.102746	-0.208507	-0.972609
143	-142.029	0	-0.19551	-0.0769503	-0.977678
147	-142.029	0	0.00802731	-0.0323366	-0.999445
149	-145.493	0	-0.0376283	-0.0946326	-0.994801
153	-145.493	0	-0.270633	-0.0614407	-0.96072
155	-142.029	0	-0.240695	0.0324935	-0.970057
159	-142.029	0	-0.202693	0.324477	-0.923921
161	-145.493	0	-0.137317	0.642403	-0.753964
165	-145.493	0	-0.181821	0.414272	-0.891807
167	-142.029	0	0.191653	0.839257	-0.508839
171	-142.029	0	-0.0022281	0.908834	-0.417153
173	-145.493	0	-0.2388	0.825776	-0.510949
177	-145.493	0	-0.395375	0.600892	-0.6947
179	-142.029	0	-0.557926	0.639035	-0.529483
183	-142.029	0	-0.524606	0.576079	-0.626835
185	-145.493	0	-0.134613	0.487412	-0.862733
189	-145.493	0	-0.529745	0.200282	-0.824171
191	-142.029	0	-0.533757	0.297843	-0.79145
195	-142.029	0	-0.542314	0.201261	-0.815714
197	-145.493	0	-0.41207	0.162644	-0.896518
201	-145.493	0	-0.382618	-0.118937	-0.916219
203	-142.029	0	-0.234016	0.025523	-0.971898
207	-142.029	0	-0.132975	0.139508	-0.981252
209	-145.493	0	-0.233905	0.185943	-0.954313
213	-145.493	0	-0.27904	0.0136069	-0.960183
215	-142.029	0	-0.204042	0.0800292	-0.975685
219	-142.029	0	-0.278557	-0.0636882	-0.958306
221	-145.493	0	-0.368346	-0.0304738	-0.929189
225	-145.493	0	-0.670079	-0.0260833	-0.741831
227	-142.029	0	-0.823244	0.116609	-0.555582
231	-142.029	0	-0.888979	0.00819321	-0.457876
233	-145.493	0	-0.931253	-0.302578	-0.203015
237	-145.493	0	-0.939511	0.0700182	0.335286
239	-142.029	0	-0.731341	0.613717	0.297477
243	-142.029	0	-0.895221	0.343674	0.283668
245	-145.493	0	-0.52297	0.0610715	0.85016
249	-145.493	0	0.0377126	0.171791	0.984411
5	-138.565	0	-0.402254	-0.07491	-0.912458
9	-138.565	0	-0.465922	-0.0828815	-0.880935
11	-135.101	0	-0.409028	-0.190935	-0.892323
15	-135.101	0	-0.14217	-0.27389	-0.951195
17	-138.565	0	-0.303382	-0.116448	-0.945727
21	-138.565	0	-0.129619	-0.00850343	-0.991527
23	-135.101	0	0.228634	-0.308468	-0.923349
27	-135.101	0	0.251884	-0.510099	-0.822407
29	-138.565	0	0.403922	-0.380066	-0.832104
33	-138.565	0	0.0264808	0.0705241	-0.997159
35	-135.101	0	0.239234	-0.168834	-0.956171
39	-135.101	0	-0.100203	-0.450333	-0.88722
41	-138.565	0	-0.113804	-0.402488	-0.908324
45	-138.565	0	-0.358549	-0.660668	-0.659515
47	-135.101	0	-0.534971	-0.373986	-0.757588
51	-135.101	0	-0.72145	-0.692467	0.000137278
53	-138.565	0	-0.507959	-0.850456	0.136753
57	-138.565	0	-0.570718	-0.804604	0.163993
59	-135.101	0	-0.87282	-0.238737	0.425665
63	-135.101	0	-0.89816	0.0726489	0.433625
65	-138.565	0	-0.587761	-0.0209639	0.808763
69	-138.565	0	-0.326252	-0.517501	0.791045
71	-135.101	0	-0.453117	-0.269911	0.849608
75	-135.101	0	-0.409805	-0.495916	0.765589
77	-138.565	0	0.158596	-0.231431	0.959837
81	-138.565	0	0.0171723	-0.00778228	0.999822
83	-135.101	0	-0.096843	-0.172115	0.980305
87	-135.101	0	-0.06111	-0.422819	0.904151
89	-138.565	0	-0.00786155	-0.157824	0.987436
93	-138.565	0	-0.118353	-0.233206	0.965198
95	-135.101	0	-0.123423	-0.51327	0.849306
99	-135.101	0	-0.249066	-0.716238	0.651897
101	-138.565	0	-0.217655	-0.939238	0.265438
105	-138.565	0	-0.146829	-0.989047	-0.0150978
107	-135.101	0	-0.285761	-0.909274	-0.302592
111	-135.101	0	-0.43298	-0.849091	-0.30261
113	-138.565	0	-0.427339	-0.626061	-0.652249
117	-138.565	0	-0.580867	-0.446982	-0.680295
119	-135.101	0	-0.366982	-0.668768	-0.646585
123	-135.101	0	-0.531693	-0.279506	-0.799487
125	-138.565	0	-0.454899	-0.650581	-0.608122
129	-138.565	0	-0.182863	-0.174867	-0.967462
131	-135.101	0	-0.21973	0.242669	-0.944897
135	-135.101	0	-0.327988	0.226453	-0.917138
137	-138.565	0	-0.579721	-0.0517217	-0.813172
141	-138.565	0	-0.19486	0.0361548	-0.980164
143	-135.101	0	-0.281516	0.440219	-0.852617
147	-135.101	0	-0.22396	0.325603	-0.918599
149	-138.565	0	-0.247926	0.133696	-0.959509
153	-138.565	0	-0.16288	0.308335	-0.93723
155	-135.101	0	0.148697	0.54287	-0.826548
159	-135.101	0	0.0856256	0.527789	-0.845049
161	-138.565	0	-0.0502419	0.291231	-0.955333
165	-138.565	0	-0.0787178	0.473805	-0.877105
167	-135.101	0	0.00229979	0.511443	-0.859314
171	-135.101	0	-0.164471	0.723634	-0.670301
173	-138.565	0	-0.132403	0.608194	-0.782668
177	-138.565	0	-0.467047	0.536608	-0.702794
179	-135.101	0	-0.163777	0.639133	-0.751456
183	-135.101	0	-0.435648	0.71922	-0.541233
185	-138.565	0	-0.494778	0.787565	-0.367336
189	-138.565	0	-0.262825	0.497493	-0.826694
191	-135.101	0	-0.283628	0.460822	-0.840951
195	-135.101	0	-0.169701	0.552891	-0.81579
197	-138.565	0	-0.00291963	0.577026	-0.816721
201	-138.565	0	-0.363232	0.30499	-0.880365
203	-135.101	0	-0.469745	0.494263	-0.731467
207	-135.101	0	-0.5242	0.309453	-0.793381
209	-138.565	0	-0.284089	0.225957	-0.931792
213	-138.565	0	-0.445359	0.191171	-0.874705
215	-135.101	0	-0.46072	-0.109535	-0.880761
219	-135.101	0	-0.583069	0.484186	-0.652377
221	-138.565	0	-0.475341	0.274621	-0.835843
225	-138.565	0	-0.58363	0.141345	-0.799624
227	-135.101	0	-0.712275	0.24165	-0.658991
231	-135.101	0	-0.808365	0.298251	-0.507535
233	-138.565	0	-0.840491	0.211834	-0.4987
237	-138.565	0	-0.67789	0.684392	0.268463
239	-135.101	0	-0.721369	0.685983	0.0951516
243	-135.101	0	-0.837958	0.527262	-0.140789
245	-138.565	0	-0.886584	0.332808	0.321258
249	-138.565	0	-0.661397	0.232617	0.713052
5	-131.637	0	-0.31694	-0.158837	-0.935051
9	-131.637	0	-0.182793	-0.107868	-0.977216
11	-128.172	0	-0.142754	-0.104893	-0.984184
15	-128.172	0	-0.0412134	-0.334386	-0.941535
17	-131.637	0	0.0509211	-0.376631	-0.924963
21	-131.637	0	0.422416	-0.29393	-0.85742
23	-128.172	0	0.220771	-0.413953	-0.883121
27	-128.172	0	0.271548	-0.426682	-0.862673
29	-131.637	0	0.462118	-0.439069	-0.770497
33	-131.637	0	-0.0984827	-0.352309	-0.930688
35	-128.172	0	-0.21067	-0.303937	-0.929107
39	-128.172	0	-0.133577	-0.31891	-0.938325
41	-131.637	0	-0.275292	-0.387509	-0.879802
45	-131.637	0	-0.518573	-0.109059	-0.848049
47	-128.172	0	-0.609538	0.0125801	-0.792657
51	-128.172	0	-0.913976	-0.302358	-0.270605
53	-131.637	0	-0.86813	-0.495038	0.0358732
57	-131.637	0	-0.92888	-0.276794	0.246104
59	-128.172	0	-0.966566	0.133556	0.21889
63	-128.172	0	-0.731485	0.236024	0.639705
65	-131.637	0	-0.790655	-0.147799	0.594155
69	-131.637	0	-0.727968	0.01672	0.685408
71	-128.172	0	-0.575613	0.0440443	0.816535
75	-128.172	0	-0.282848	0.374365	0.88309
77	-131.637	0	0.129136	-0.0144188	0.991522
81	-131.637	0	0.197108	-0.23309	0.95227
83	-128.172	0	0.131802	0.330451	0.934575
87	-128.172	0	-0.204718	0.26973	0.940923
89	-131.637	0	-0.124735	-0.18892	0.974038
93	-131.637	0	0.133317	-0.0880158	0.987157
95	-128.172	0	0.0296862	-0.439392	0.897805
99	-128.172	0	-0.213164	-0.632105	0.744986
101	-131.637	0	-0.365625	-0.851353	0.376186
105	-131.637	0	-0.447032	-0.889677	0.0929333
107	-128.172	0	-0.564156	-0.624531	0.540083
111	-128.172	0	-0.587546	-0.807713	0.0488785
113	-131.637	0	-0.651376	-0.750936	-0.108644
117	-131.637	0	-0.432682	-0.799841	-0.415981
119	-128.172	0	-0.46955	-0.875067	-0.117391
123	-128.172	0	-0.699494	-0.578537	-0.419527
125	-131.637	0	-0.585448	-0.111396	-0.80302
129	-131.637	0	-0.259374	0.22246	-0.939807
131	-128.172	0	-0.46072	0.370098	-0.8067
135	-128.172	0	-0.644071	0.39787	-0.653354
137	-131.637	0	-0.514658	0.273532	-0.812593
141	-131.637	0	-0.130942	0.324234	-0.93687
143	-128.172	0	-0.564153	0.0932385	-0.820389
147	-128.172	0	-0.471886	0.441619	-0.763083
149	-131.637	0	-0.483957	0.445029	-0.753482
153	-131.637	0	-0.315795	0.752251	-0.578266
155	-128.172	0	-0.0666861	0.707674	-0.703385
159	-128.172	0	-0.0479508	0.36543	-0.929603
161	-131.637	0	-0.207296	0.498472	-0.841756
165	-131.637	0	-0.175737	0.50531	-0.844854
167	-128.172	0	-0.349214	0.597633	-0.721723
171	-128.172	0	-0.562825	0.523579	-0.639604
173	-131.637	0	-0.528619	0.653821	-0.541368
177	-131.637	0	-0.656067	0.684486	-0.31789
179	-128.172	0	-0.82496	0.519473	-0.222684
183	-128.172	0	-0.688791	0.499583	-0.525342
185	-131.637	0	-0.453844	0.485487	-0.747213
189	-131.637	0	-0.45568	0.358494	-0.814762
191	-128.172	0	-0.306947	0.613012	-0.728011
195	-128.172	0	-0.523847	0.401491	-0.751258
197	-131.637	0	-0.456994	0.430092	-0.778574
201	-131.637	0	-0.511553	0.43316	-0.742082
203	-128.172	0	-0.539382	0.178913	-0.822835
207	-128.172	0	-0.518353	0.130139	-0.845207
209	-131.637	0	-0.222152	0.380375	-0.897754
213	-131.637	0	-0.349683	0.00334479	-0.936862
215	-128.172	0	-0.477824	0.225733	-0.848957
219	-128.172	0	-0.591009	0.31109	-0.744266
221	-131.637	0	-0.363909	0.280603	-0.888162
225	-131.637	0	-0.571239	0.327877	-0.752451
227	-128.172	0	-0.556958	0.432402	-0.709103
231	-128.172	0	-0.627182	0.534112	-0.566892
233	-131.637	0	-0.702985	0.556091	-0.443368
237	-131.637	0	-0.473356	0.878984	-0.0576317
239	-128.172	0	-0.644961	0.592726	-0.48239
243	-128.172	0	-0.759642	0.597482	-0.256826
245	-131.637	0	-0.667594	0.647601	-0.367329
249	-131.637	0	-0.211786	0.902331	-0.375428
249	-124.708	0	-0.654742	0.752148	0.0747408
3	-245.951	0	0.0393488	-0.996967	-0.0671426
3	-239.023	0	0.384597	-0.887108	0.255195
3	-232.095	0	0.3506	-0.885423	0.305134
3	-225.167	0	0.0597863	-0.958745	0.277911
3	-218.239	0	-0.0567438	-0.961496	0.268896
3	-211.31	0	-0.497728	-0.685602	0.53124
3	-204.382	0	-0.21851	-0.461814	0.85964
3	-197.454	0	-0.0261558	-0.385661	0.92227
3	-190.526	0	0.184519	-0.274636	0.943678
3	-183.598	0	-0.232445	-0.17762	0.956253
3	-176.669	0	0.0337975	-0.217263	0.975528
3	-169.741	0	-0.176918	0.634297	0.752574
3	-162.813	0	-0.650458	0.739106	0.175006
3	-155.885	0	-0.688854	0.668649	-0.279979
3	-148.957	0	-0.650448	0.139525	-0.746626
3	-142.029	0	-0.328003	-0.187625	-0.925857
3	-135.101	0	-0.398721	-0.0940641	-0.912235
3	-128.172	0	-0.442141	-0.294112	-0.847354
5	-124.708	0	0.00701203	-0.230703	-0.972999
9	-124.708	0	-0.246736	-0.370584	-0.895427
17	-124.708	0	0.0310343	-0.313176	-0.949188
21	-124.708	0	-0.0950395	-0.489023	-0.867078
29	-124.708	0	0.0326491	-0.587183	-0.808795
33	-124.708	0	-0.180503	-0.687206	-0.703681
41	-124.708	0	-0.345811	-0.0853602	-0.934413
45	-124.708	0	-0.766632	0.149309	-0.624486
53	-124.708	0	-0.9962	-0.0155666	0.0856901
57	-124.708	0	-0.96741	0.138384	0.212056
65	-124.708	0	-0.629009	0.115632	0.768751
69	-124.708	0	-0.450174	0.0915969	0.88823
77	-124.708	0	-0.206181	0.149204	0.967072
81	-124.708	0	0.0217142	0.343703	0.938827
89	-124.708	0	-0.35619	0.266689	0.895548
93	-124.708	0	-0.352672	-0.171438	0.919908
101	-124.708	0	-0.455171	-0.448459	0.769223
105	-124.708	0	-0.586591	-0.550882	0.593667
113	-124.708	0	-0.521988	-0.724589	0.449999
117	-124.708	0	-0.658507	-0.745569	0.102448
125	-124.708	0	-0.81996	-0.503579	-0.272166
129	-124.708	0	-0.870006	-0.105476	-0.481626
137	-124.708	0	-0.616083	0.224235	-0.75509
141	-124.708	0	-0.628569	0.0559502	-0.775739
149	-124.708	0	-0.287788	0.509889	-0.810673
153	-124.708	0	-0.167124	0.543635	-0.822515
161	-124.708	0	-0.339144	0.333433	-0.879661
165	-124.708	0	-0.393932	0.690677	-0.606452
173	-124.708	0	-0.611595	0.43461	-0.66111
177	-124.708	0	-0.826739	0.434369	-0.357527
185	-124.708	0	-0.77806	0.442605	-0.445784
189	-124.708	0	-0.795668	0.190958	-0.574846
197	-124.708	0	-0.473603	0.242093	-0.846812
201	-124.708	0	-0.344961	0.157296	-0.925343
209	-124.708	0	-0.46129	0.290241	-0.838434
213	-124.708	0	-0.479373	0.233336	-0.846024
221	-124.708	0	-0.500978	0.353038	-0.79018
225	-124.708	0	-0.401351	0.555	-0.728623
233	-124.708	0	-0.853138	0.392098	-0.344114
237	-124.708	0	-0.574453	0.659913	-0.484271
245	-124.708	0	-0.819	0.411299	-0.40009
5	-117.78	0	-0.379779	-0.607074	-0.698018
9	-117.78	0	-0.162138	-0.34932	-0.922869
11	-114.316	0	-0.410913	-0.524049	-0.746005
15	-114.316	0	-0.125735	-0.683562	-0.718981
17	-117.78	0	-0.245147	-0.794198	-0.556015
21	-117.78	0	-0.192613	-0.64331	-0.74098
23	-114.316	0	-0.168581	-0.808895	-0.563266
27	-114.316	0	-0.0376013	-0.842099	-0.538011
29	-117.78	0	-0.0408615	-0.870292	-0.490838
33	-117.78	0	-0.507127	-0.698608	-0.504747
35	-114.316	0	-0.569818	-0.708449	-0.416423
39	-114.316	0	-0.739206	-0.655192	-0.155881
41	-117.78	0	-0.698784	-0.685076	-0.205845
45	-117.78	0	-0.832472	-0.463096	0.304191
47	-114.316	0	-0.920366	0.0423116	0.388761
51	-114.316	0	-0.825259	0.0241441	0.564238
53	-117.78	0	-0.872334	0.137536	0.469167
57	-117.78	0	-0.719001	0.271194	0.639915
59	-114.316	0	-0.767922	0.0045599	0.640527
63	-114.316	0	-0.492096	0.273869	0.82634
65	-117.78	0	-0.5641	-0.238697	0.790453
69	-117.78	0	-0.523483	-0.190727	0.830414
71	-114.316	0	-0.484705	-0.0395575	0.873783
75	-114.316	0	-0.235385	0.29298	0.926691
77	-117.78	0	-0.42253	0.382105	0.821866
81	-117.78	0	-0.408004	0.113283	0.905925
83	-114.316	0	-0.277853	0.0467177	0.959487
87	-114.316	0	0.0175777	-0.126397	0.991824
89	-117.78	0	-0.247976	0.00948617	0.96872
93	-117.78	0	-0.168417	0.0982848	0.980804
95	-114.316	0	-0.201964	0.118776	0.972164
99	-114.316	0	-0.513168	-0.128554	0.848606
101	-117.78	0	-0.572324	-0.0098316	0.819969
105	-117.78	0	-0.276754	-0.314586	0.907988
107	-114.316	0	-0.575877	-0.199304	0.79287
111	-114.316	0	-0.174676	-0.391853	0.903294
113	-117.78	0	-0.38259	-0.57751	0.721185
117	-117.78	0	-0.708204	-0.674309	0.209179
119	-114.316	0	-0.709397	-0.642166	0.290481
123	-114.316	0	-0.798765	-0.465802	0.380792
125	-117.78	0	-0.937399	-0.34814	-0.00900904
129	-117.78	0	-0.811849	-0.44	-0.383798
131	-114.316	0	-0.670407	-0.729222	0.137073
135	-114.316	0	-0.459901	-0.87147	0.170383
137	-117.78	0	-0.7342	-0.614476	-0.288737
141	-117.78	0	-0.681057	-0.445365	-0.581216
143	-114.316	0	-0.980494	-0.0192151	-0.195607
147	-114.316	0	-0.97153	0.18717	-0.145248
149	-117.78	0	-0.425887	0.514597	-0.744185
153	-117.78	0	-0.526012	0.527303	-0.66728
155	-114.316	0	-0.492322	0.530209	-0.690288
159	-114.316	0	-0.267603	0.528427	-0.8057
161	-117.78	0	-0.302896	0.740928	-0.599399
165	-117.78	0	-0.380077	0.838187	-0.391132
167	-114.316	0	-0.583006	0.807385	-0.0907413
171	-114.316	0	-0.795678	0.239529	0.556348
173	-117.78	0	-0.95043	0.23809	0.199988
177	-117.78	0	-0.864557	0.130701	0.485241
179	-114.316	0	-0.565698	0.512314	0.646158
183	-114.316	0	-0.59177	0.443633	0.673051
185	-117.78	0	-0.84294	0.331919	0.423418
189	-117.78	0	-0.908856	-0.228823	0.348741
191	-114.316	0	-0.909929	-0.180797	0.373285
195	-114.316	0	-0.742321	-0.19445	-0.641209
197	-117.78	0	-0.309868	-0.255568	-0.915788
201	-117.78	0	-0.242702	0.205946	-0.947989
203	-114.316	0	-0.298209	0.496875	-0.814976
207	-114.316	0	-0.35936	0.605525	-0.71007
209	-117.78	0	-0.243284	0.357774	-0.90156
213	-117.78	0	-0.227979	0.270416	-0.935361
215	-114.316	0	0.117084	0.224054	-0.967518
219	-114.316	0	0.0352519	0.531208	-0.846508
221	-117.78	0	-0.013547	0.31268	-0.949762
225	-117.78	0	-0.236805	0.0788614	-0.968351
227	-114.316	0	-0.157657	0.0651019	-0.985346
231	-114.316	0	-0.486303	0.336569	-0.806369
233	-117.78	0	-0.437729	0.474595	-0.763645
237	-117.78	0	-0.38702	0.269807	-0.881714
239	-114.316	0	-0.158071	0.372984	-0.914274
243	-114.316	0	-0.0952301	0.0458796	-0.994397
245	-117.78	0	-0.426914	0.334622	-0.840102
249	-117.78	0	-0.278698	0.950661	0.136275
5	-110.852	0	-0.439819	-0.469602	-0.765529
9	-110.852	0	-0.209755	-0.561028	-0.800781
11	-107.388	0	-0.0925464	-0.352408	-0.931259
15	-107.388	0	-0.312209	-0.437753	-0.843147
17	-110.852	0	-0.110306	-0.541761	-0.833263
21	-110.852	0	-0.160583	-0.599192	-0.784336
23	-107.388	0	-0.154229	-0.669269	-0.726837
27	-107.388	0	-0.243308	-0.8163	-0.523885
29	-110.852	0	-0.44973	-0.698736	-0.556337
33	-110.852	0	-0.706388	-0.705604	-0.0560362
35	-107.388	0	-0.979772	-0.188874	-0.0661245
39	-107.388	0	-0.864897	-0.177505	0.469516
41	-110.852	0	-0.870994	-0.369607	0.323668
45	-110.852	0	-0.852587	-0.143856	0.502395
47	-107.388	0	-0.881542	-0.0966105	0.462114
51	-107.388	0	-0.841942	0.00770568	0.539513
53	-110.852	0	-0.85767	0.0621108	0.510436
57	-110.852	0	-0.821095	0.11899	0.558251
59	-107.388	0	-0.43388	-0.321684	0.841586
63	-107.388	0	-0.473786	-0.209852	0.855271
65	-110.852	0	-0.470529	0.446129	0.761296
69	-110.852	0	-0.206353	0.118635	0.971259
71	-107.388	0	-0.245609	0.155642	0.956792
75	-107.388	0	-0.196705	-0.0199938	0.980259
77	-110.852	0	-0.173438	0.247902	0.953134
81	-110.852	0	-0.259885	0.186219	0.947514
83	-107.388	0	0.0402906	0.307957	0.950547
87	-107.388	0	0.183272	-0.0727104	0.98037
89	-110.852	0	-0.0622919	-0.16326	0.984615
93	-110.852	0	-0.173409	-0.252478	0.951937
95	-107.388	0	-0.0361962	-0.472424	0.880628
99	-107.388	0	-0.246998	-0.822731	0.511962
101	-110.852	0	-0.219002	-0.52204	0.824326
105	-110.852	0	-0.477273	-0.438565	0.761493
107	-107.388	0	-0.310535	-0.470258	0.82609
111	-107.388	0	-0.1178	-0.56312	0.817936
113	-110.852	0	-0.329927	-0.409843	0.850398
117	-110.852	0	-0.608799	-0.62572	0.487687
119	-107.388	0	-0.130551	-0.690998	0.71097
123	-107.388	0	-0.523114	-0.543431	0.656532
125	-110.852	0	-0.710733	-0.562869	0.421944
129	-110.852	0	-0.187677	-0.836158	0.51538
131	-107.388	0	-0.202083	-0.760568	0.617008
135	-107.388	0	-0.536549	-0.507999	0.673834
137	-110.852	0	-0.456179	-0.620232	0.638132
141	-110.852	0	-0.834764	-0.329302	0.441282
143	-107.388	0	-0.472768	-0.484673	0.735923
147	-107.388	0	-0.827978	-0.451198	0.332974
149	-110.852	0	-0.990278	-0.0855136	0.109717
153	-110.852	0	-0.865881	0.403636	-0.295512
155	-107.388	0	-0.968463	0.21397	0.127656
159	-107.388	0	-0.954385	0.282431	0.0968646
161	-110.852	0	-0.695167	0.649932	-0.307133
165	-110.852	0	-0.553285	0.83261	-0.0252141
167	-107.388	0	-0.786381	0.503959	0.357254
171	-107.388	0	-0.562495	0.583417	0.585853
173	-110.852	0	-0.421725	0.432966	0.796674
177	-110.852	0	-0.0742818	0.570509	0.817925
179	-107.388	0	0.526871	0.514053	0.676872
183	-107.388	0	0.527782	0.757081	0.385064
185	-110.852	0	-0.376414	0.459397	0.804529
189	-110.852	0	-0.80389	0.49259	0.33334
191	-107.388	0	-0.536113	0.30706	-0.786318
195	-107.388	0	-0.510972	0.0783144	-0.856022
197	-110.852	0	-0.397332	0.181666	-0.899514
201	-110.852	0	-0.357091	0.123352	-0.925889
203	-107.388	0	-0.401906	0.321303	-0.857459
207	-107.388	0	-0.372254	0.612808	-0.69706
209	-110.852	0	-0.212487	0.564864	-0.797357
213	-110.852	0	0.0868962	0.347791	-0.933537
215	-107.388	0	0.0341753	0.123934	-0.991702
219	-107.388	0	-0.159131	0.341129	-0.926449
221	-110.852	0	-0.129483	0.421164	-0.897694
225	-110.852	0	-0.037432	0.245787	-0.968601
227	-107.388	0	0.0129106	0.138977	-0.990211
231	-107.388	0	-0.138955	0.0899428	-0.986206
233	-110.852	0	-0.168517	0.272763	-0.947208
237	-110.852	0	-0.22564	0.39063	-0.892465
239	-107.388	0	-0.0254297	0.410633	-0.911446
243	-107.388	0	-0.000792526	0.30692	-0.951735
245	-110.852	0	-0.275741	0.441556	-0.853812
249	-110.852	0	-0.331167	0.46679	-0.820022
5	-103.924	0	-0.461626	-0.306333	-0.832503
9	-103.924	0	-0.28689	-0.212559	-0.934084
11	-100.46	0	-0.471344	-0.555813	-0.684768
15	-100.46	0	-0.271852	-0.608065	-0.745891
17	-103.924	0	-0.0864904	-0.579812	-0.810147
21	-103.924	0	-0.0177024	-0.605758	-0.795452
23	-100.46	0	-0.284414	-0.430992	-0.856361
27	-100.46	0	-0.564477	-0.398464	-0.722905
29	-103.924	0	-0.568754	-0.447045	-0.690413
33	-103.924	0	-0.934642	-0.353138	-0.0416788
35	-100.46	0	-0.988929	-0.100164	0.109481
39	-100.46	0	-0.841622	-0.138715	0.521949
41	-103.924	0	-0.754685	-0.068923	0.652457
45	-103.924	0	-0.830623	-0.158741	0.533729
47	-100.46	0	-0.436679	-0.271236	0.857754
51	-100.46	0	-0.483522	0.211018	0.849517
53	-103.924	0	-0.624475	-0.00191835	0.781042
57	-103.924	0	-0.418411	-0.24124	0.875634
59	-100.46	0	-0.462083	-0.407164	0.787843
63	-100.46	0	-0.275226	-0.162164	0.947604
65	-103.924	0	-0.162706	-0.155162	0.974398
69	-103.924	0	-0.205066	-0.329858	0.921489
71	-100.46	0	0.186452	-0.26775	0.945275
75	-100.46	0	0.0158488	-0.11032	0.99377
77	-103.924	0	-0.179975	-0.171174	0.968663
81	-103.924	0	0.141622	0.234865	0.961656
83	-100.46	0	0.406968	-0.157642	0.899737
87	-100.46	0	0.455916	-0.393172	0.798471
89	-103.924	0	0.210551	-0.437477	0.874232
93	-103.924	0	0.104596	-0.478393	0.871895
95	-100.46	0	0.436181	-0.682958	0.58593
99	-100.46	0	0.222086	-0.713464	0.664565
101	-103.924	0	-0.124653	-0.67436	0.727805
105	-103.924	0	-0.259665	-0.904326	0.338775
107	-100.46	0	-0.258221	-0.80767	0.530085
111	-100.46	0	-0.416039	-0.856767	0.304732
113	-103.924	0	-0.283002	-0.810696	0.512525
117	-103.924	0	-0.127912	-0.811685	0.569918
119	-100.46	0	-0.430354	-0.803772	0.410788
123	-100.46	0	-0.13901	-0.645591	0.750925
125	-103.924	0	-0.180404	-0.545733	0.818309
129	-103.924	0	-0.121836	-0.747632	0.652842
131	-100.46	0	0.117449	-0.765284	0.632887
135	-100.46	0	-0.00724033	-0.706005	0.70817
137	-103.924	0	-0.28699	-0.2974	0.910599
141	-103.924	0	-0.763437	-0.394878	0.511113
143	-100.46	0	-0.306719	-0.363218	0.87977
147	-100.46	0	-0.195977	-0.121143	0.973097
149	-103.924	0	-0.648847	-0.0917251	0.75537
153	-103.924	0	-0.909775	-0.0800152	0.407318
155	-100.46	0	-0.79451	-0.0635598	0.603915
159	-100.46	0	-0.724657	0.191845	0.661866
161	-103.924	0	-0.630448	0.427922	0.647625
165	-103.924	0	-0.67093	0.370668	0.642229
167	-100.46	0	-0.229769	0.232818	0.944988
171	-100.46	0	-0.00457268	0.598504	0.801107
173	-103.924	0	-0.22205	0.700037	0.678706
177	-103.924	0	0.151114	0.691678	0.70622
179	-100.46	0	0.381166	0.802078	0.459764
183	-100.46	0	0.544951	0.749499	-0.375871
185	-103.924	0	0.409534	0.574631	-0.708577
189	-103.924	0	0.118079	0.672499	-0.730618
191	-100.46	0	0.145615	0.254057	-0.956165
195	-100.46	0	-0.0478886	-0.140648	-0.988901
197	-103.924	0	-0.309024	0.12002	-0.943451
201	-103.924	0	-0.529025	0.42538	-0.734292
203	-100.46	0	-0.341094	0.453291	-0.823518
207	-100.46	0	-0.0899083	0.600895	-0.794255
209	-103.924	0	-0.236827	0.396186	-0.887102
213	-103.924	0	-0.255199	0.0641291	-0.964759
215	-100.46	0	-0.296932	0.363809	-0.882878
219	-100.46	0	-0.118724	0.405241	-0.906468
221	-103.924	0	-0.12671	0.235146	-0.963665
225	-103.924	0	-0.0437981	0.0082344	-0.999006
227	-100.46	0	0.208163	0.223043	-0.952323
231	-100.46	0	0.360527	-0.244182	-0.90022
233	-103.924	0	0.0128646	0.00710718	-0.999892
237	-103.924	0	-0.0371211	0.2387	-0.970383
239	-100.46	0	0.118431	0.310843	-0.943054
243	-100.46	0	-0.338549	0.310944	-0.888087
245	-103.924	0	-0.0396139	-0.00912781	-0.999173
249	-103.924	0	0.141636	-0.0518649	-0.988559
5	-96.9955	0	-0.294534	-0.0963934	-0.950767
9	-96.9955	0	-0.461289	-0.460176	-0.758585
11	-93.5305	0	-0.374313	-0.175419	-0.910559
15	-93.5305	0	-0.247973	-0.437427	-0.864388
17	-96.9955	0	-0.242616	-0.312156	-0.918529
21	-96.9955	0	-0.527961	-0.147962	-0.83628
23	-93.5305	0	-0.553292	-0.547541	-0.627747
27	-93.5305	0	-0.799275	-0.342826	-0.493589
29	-96.9955	0	-0.839481	-0.306893	-0.448429
33	-96.9955	0	-0.959021	-0.128147	-0.252698
35	-93.5305	0	-0.942556	0.260499	-0.209111
39	-93.5305	0	-0.905503	0.294517	0.305491
41	-96.9955	0	-0.837685	0.246242	0.487493
45	-96.9955	0	-0.615276	-0.0741575	0.784816
47	-93.5305	0	-0.360165	-0.124434	0.924553
51	-93.5305	0	-0.0547916	-0.191421	0.979978
53	-96.9955	0	-0.27067	-0.0381478	0.961916
57	-96.9955	0	-0.312247	0.0692433	0.947474
59	-93.5305	0	-0.0542279	0.0138482	0.998433
63	-93.5305	0	0.0657538	-0.128739	0.989496
65	-96.9955	0	0.0967452	-0.19129	0.976754
69	-96.9955	0	0.209816	-0.297198	0.931478
71	-93.5305	0	0.337556	-0.28375	0.89752
75	-93.5305	0	0.330923	-0.237788	0.913207
77	-96.9955	0	0.173185	-0.138967	0.975036
81	-96.9955	0	0.563488	-0.367016	0.740122
83	-93.5305	0	0.772093	-0.539078	0.336552
87	-93.5305	0	0.776077	-0.62605	0.0759371
89	-96.9955	0	0.270066	-0.639201	0.72006
93	-96.9955	0	0.479222	-0.562603	0.673665
95	-93.5305	0	0.791117	-0.550581	0.266446
99	-93.5305	0	0.666176	-0.738301	-0.105457
101	-96.9955	0	0.159279	-0.939232	0.304093
105	-96.9955	0	0.287979	-0.872597	0.394516
107	-93.5305	0	0.292983	-0.943281	0.156147
111	-93.5305	0	-0.0174651	-0.99897	0.0418769
113	-96.9955	0	-0.215585	-0.976469	-0.00553569
117	-96.9955	0	-0.158548	-0.986989	0.0267457
119	-93.5305	0	0.0899516	-0.896796	0.433204
123	-93.5305	0	0.196324	-0.887198	0.417537
125	-96.9955	0	0.138637	-0.620365	0.771963
129	-96.9955	0	0.457494	-0.689776	0.561167
131	-93.5305	0	0.516877	-0.656135	0.549841
135	-93.5305	0	0.400982	-0.704337	0.585766
137	-96.9955	0	0.0105988	-0.360426	0.932728
141	-96.9955	0	-0.206281	-0.433804	0.877076
143	-93.5305	0	0.0355165	-0.432757	0.900811
147	-93.5305	0	-0.0803147	-0.364719	0.927647
149	-96.9955	0	-0.248311	-0.186029	0.95065
153	-96.9955	0	-0.424494	-0.128418	0.896278
155	-93.5305	0	-0.0612697	-0.367109	0.928158
159	-93.5305	0	-0.514483	-0.0627881	0.855199
161	-96.9955	0	-0.698106	0.0181875	0.715764
165	-96.9955	0	-0.719849	0.0459912	0.692605
167	-93.5305	0	-0.515656	0.46667	0.718553
171	-93.5305	0	-0.141504	0.757067	0.637829
173	-96.9955	0	0.312116	0.637035	0.704819
177	-96.9955	0	0.571762	0.650979	0.499314
179	-93.5305	0	0.375889	0.885876	0.271903
183	-93.5305	0	0.316919	0.787703	-0.528286
185	-96.9955	0	0.279439	0.742253	-0.609077
189	-96.9955	0	0.497068	0.387551	-0.776355
191	-93.5305	0	-0.0698844	0.42361	-0.903145
195	-93.5305	0	-0.278494	0.450978	-0.847974
197	-96.9955	0	-0.16883	0.060762	-0.983771
201	-96.9955	0	-0.305351	0.402764	-0.862868
203	-93.5305	0	-0.411647	0.373906	-0.831108
207	-93.5305	0	-0.24835	0.547348	-0.799208
209	-96.9955	0	-0.30196	0.582247	-0.754857
213	-96.9955	0	-0.232411	0.503628	-0.832072
215	-93.5305	0	-0.260719	0.400931	-0.878225
219	-93.5305	0	-0.196568	0.184309	-0.963012
221	-96.9955	0	-0.0625932	0.197488	-0.978305
225	-96.9955	0	0.0868228	0.295973	-0.951242
227	-93.5305	0	-0.0733231	0.192892	-0.978477
231	-93.5305	0	0.290144	0.217247	-0.931998
233	-96.9955	0	0.0739659	0.0619249	-0.995336
237	-96.9955	0	0.0813729	0.240098	-0.967332
239	-93.5305	0	-0.223202	0.192724	-0.955531
243	-93.5305	0	0.0676717	0.298499	-0.952008
245	-96.9955	0	-0.327847	0.35241	-0.876541
249	-96.9955	0	-0.491472	0.298949	-0.817976
5	-90.0665	0	-0.00112397	-0.116274	-0.993217
9	-90.0665	0	-0.0766116	-0.0530268	-0.99565
11	-86.6025	0	-0.554967	-0.182979	-0.811499
15	-86.6025	0	-0.521986	0.0887202	-0.848327
17	-90.0665	0	-0.588008	-0.124953	-0.799146
21	-90.0665	0	-0.675932	-0.519225	-0.522993
23	-86.6025	0	-0.604987	-0.305166	-0.735435
27	-86.6025	0	-0.706368	0.0938626	-0.701594
29	-90.0665	0	-0.882256	-0.0705987	-0.465447
33	-90.0665	0	-0.971925	0.0921179	-0.216507
35	-86.6025	0	-0.874829	0.343771	-0.341315
39	-86.6025	0	-0.832515	0.54294	0.110158
41	-90.0665	0	-0.697204	0.38662	0.603682
45	-90.0665	0	-0.423394	0.124228	0.897388
47	-86.6025	0	-0.335634	0.487446	0.806068
51	-86.6025	0	-0.0624406	0.0403188	0.997234
53	-90.0665	0	-0.277658	0.0531465	0.959209
57	-90.0665	0	0.0592129	0.0996093	0.993263
59	-86.6025	0	0.461711	-0.504009	0.72993
63	-86.6025	0	0.216553	-0.142175	0.965863
65	-90.0665	0	0.223003	-0.19514	0.955086
69	-90.0665	0	0.340327	-0.564453	0.752044
71	-86.6025	0	0.191552	-0.799277	0.569618
75	-86.6025	0	0.310064	-0.651857	0.692057
77	-90.0665	0	0.468691	-0.528731	0.707653
81	-90.0665	0	0.739998	-0.639644	0.207988
83	-86.6025	0	0.674592	-0.636481	-0.373922
87	-86.6025	0	0.661924	-0.732226	-0.160319
89	-90.0665	0	0.702735	-0.651063	-0.286844
93	-90.0665	0	0.621565	-0.777367	-0.0967326
95	-86.6025	0	0.453816	-0.854289	-0.253459
99	-86.6025	0	0.547779	-0.816135	-0.184016
101	-90.0665	0	0.505751	-0.847791	-0.15958
105	-90.0665	0	0.477154	-0.878206	-0.0328241
107	-86.6025	0	0.168724	-0.983832	-0.0600582
111	-86.6025	0	0.0737181	-0.997162	0.0152972
113	-90.0665	0	0.0519826	-0.996209	-0.0697556
117	-90.0665	0	0.203815	-0.959276	-0.195575
119	-86.6025	0	0.20634	-0.958742	-0.195543
123	-86.6025	0	0.515	-0.856004	0.0450848
125	-90.0665	0	0.422175	-0.74952	0.509891
129	-90.0665	0	0.697141	-0.663292	0.272101
131	-86.6025	0	0.644609	-0.733359	0.216017
135	-86.6025	0	0.647262	-0.689822	0.324343
137	-90.0665	0	0.407915	-0.657351	0.633636
141	-90.0665	0	0.0100383	-0.40486	0.914324
143	-86.6025	0	0.240033	-0.592519	0.768964
147	-86.6025	0	0.046462	-0.381892	0.923038
149	-90.0665	0	0.0543211	-0.313589	0.948004
153	-90.0665	0	-0.0744373	-0.27939	0.957288
155	-86.6025	0	-0.366163	-0.116968	0.92317
159	-86.6025	0	-0.399364	-0.264464	0.87782
161	-90.0665	0	-0.451675	-0.161797	0.877389
165	-90.0665	0	-0.225002	0.0384429	0.9736
167	-86.6025	0	-0.232026	0.279192	0.931781
171	-86.6025	0	-0.232314	0.633057	0.738424
173	-90.0665	0	-0.134321	0.841879	0.522682
177	-90.0665	0	0.103639	0.931203	0.349456
179	-86.6025	0	0.133387	0.965512	0.223595
183	-86.6025	0	0.361019	0.931936	0.0340726
185	-90.0665	0	0.256945	0.816124	-0.517611
189	-90.0665	0	-0.0220134	0.605858	-0.795268
191	-86.6025	0	-0.190531	0.781558	-0.594025
195	-86.6025	0	-0.174063	0.431085	-0.885363
197	-90.0665	0	-0.0838846	0.503804	-0.859735
201	-90.0665	0	-0.118086	0.440915	-0.889747
203	-86.6025	0	0.0871525	0.53048	-0.843206
207	-86.6025	0	-0.186756	0.702606	-0.686634
209	-90.0665	0	-0.329702	0.44629	-0.831938
213	-90.0665	0	-0.431172	0.357243	-0.828534
215	-86.6025	0	-0.542524	0.605689	-0.582073
219	-86.6025	0	-0.45659	0.483452	-0.74686
221	-90.0665	0	-0.270365	0.45496	-0.848478
225	-90.0665	0	-0.357349	0.180406	-0.916382
227	-86.6025	0	-0.392853	0.119749	-0.911771
231	-86.6025	0	-0.153806	0.285959	-0.945818
233	-90.0665	0	0.026495	0.516901	-0.855635
237	-90.0665	0	-0.0609218	0.402014	-0.913605
239	-86.6025	0	-0.0985828	0.574176	-0.812775
243	-86.6025	0	-0.111816	0.416183	-0.902379
245	-90.0665	0	-0.0356915	0.452885	-0.890854
249	-90.0665	0	0.163396	0.64884	-0.743175
5	-83.1385	0	-0.589648	-0.265898	-0.762636
9	-83.1385	0	-0.529299	-0.182495	-0.828576
11	-79.6745	0	-0.423575	0.272909	-0.863774
15	-79.6745	0	-0.631661	-0.0553221	-0.773268
17	-83.1385	0	-0.619684	-0.261267	-0.740088
21	-83.1385	0	-0.731886	-0.0407465	-0.680208
23	-79.6745	0	-0.716501	0.0724606	-0.693813
27	-79.6745	0	-0.280341	0.540118	-0.793525
29	-83.1385	0	-0.509986	0.282247	-0.812558
33	-83.1385	0	-0.255232	0.590149	-0.765886
35	-79.6745	0	-0.160593	0.861527	-0.481644
39	-79.6745	0	-0.531866	0.840299	0.104954
41	-83.1385	0	-0.663139	0.63473	0.396691
45	-83.1385	0	-0.301562	0.49489	0.81495
47	-79.6745	0	-0.101461	0.362791	0.92633
51	-79.6745	0	-0.146108	0.135827	0.9799
53	-83.1385	0	0.0384998	0.039938	0.99846
57	-83.1385	0	0.229718	-0.334636	0.913919
59	-79.6745	0	0.612109	-0.565735	0.552509
63	-79.6745	0	0.27111	-0.535387	0.799913
65	-83.1385	0	0.31916	-0.630552	0.70749
69	-83.1385	0	0.268186	-0.774047	0.573523
71	-79.6745	0	0.770162	-0.625524	0.12478
75	-79.6745	0	0.466267	-0.865106	0.184898
77	-83.1385	0	0.362655	-0.9031	0.229983
81	-83.1385	0	0.520571	-0.83378	0.183893
83	-79.6745	0	0.502028	-0.823958	-0.262794
87	-79.6745	0	0.522537	-0.72055	-0.45581
89	-83.1385	0	0.654227	-0.75543	-0.0362368
93	-83.1385	0	0.634192	-0.711088	-0.303569
95	-79.6745	0	0.498208	-0.7337	-0.462031
99	-79.6745	0	0.202769	-0.701589	-0.683123
101	-83.1385	0	0.234828	-0.912203	-0.335771
105	-83.1385	0	0.37414	-0.90332	-0.209837
107	-79.6745	0	0.452091	-0.741453	-0.495844
111	-79.6745	0	0.562215	-0.71522	-0.41518
113	-83.1385	0	0.310419	-0.881177	-0.356604
117	-83.1385	0	0.262757	-0.902381	-0.341565
119	-79.6745	0	0.299964	-0.953793	0.0173315
123	-79.6745	0	0.564034	-0.805642	-0.181125
125	-83.1385	0	0.424477	-0.905437	-0.00175119
129	-83.1385	0	0.310198	-0.935571	0.168773
131	-79.6745	0	0.106743	-0.959412	0.261026
135	-79.6745	0	-0.107602	-0.759609	0.641417
137	-83.1385	0	0.0538778	-0.588827	0.806462
141	-83.1385	0	0.0792213	-0.637022	0.766764
143	-79.6745	0	-0.0102289	-0.598269	0.80123
147	-79.6745	0	0.00501909	-0.539746	0.841813
149	-83.1385	0	-0.161577	-0.388052	0.907364
153	-83.1385	0	-0.38887	-0.108131	0.914925
155	-79.6745	0	-0.134201	-0.0549062	0.989432
159	-79.6745	0	0.0496597	-0.0387176	0.998015
161	-83.1385	0	0.164595	0.0722747	0.98371
165	-83.1385	0	-0.370126	0.353094	0.859262
167	-79.6745	0	-0.144131	0.0600055	0.987738
171	-79.6745	0	-0.094839	0.809938	0.578798
173	-83.1385	0	-0.0372926	0.656238	0.753632
177	-83.1385	0	0.465394	0.814717	0.345896
179	-79.6745	0	0.382742	0.841292	0.381755
183	-79.6745	0	0.4123	0.906302	0.0928759
185	-83.1385	0	0.208639	0.898435	-0.386372
189	-83.1385	0	0.0949731	0.899328	-0.426837
191	-79.6745	0	-0.217934	0.901271	-0.374454
195	-79.6745	0	-0.360339	0.689947	-0.627797
197	-83.1385	0	0.130468	0.417252	-0.899377
201	-83.1385	0	0.311073	0.505287	-0.804934
203	-79.6745	0	-0.0617144	0.717003	-0.694332
207	-79.6745	0	-0.00975675	0.756447	-0.653982
209	-83.1385	0	-0.158446	0.789743	-0.592622
213	-83.1385	0	-0.38749	0.395155	-0.832889
215	-79.6745	0	-0.142704	0.154622	-0.977613
219	-79.6745	0	0.0518497	0.319298	-0.946235
221	-83.1385	0	-0.322956	0.41054	-0.852735
225	-83.1385	0	-0.104641	0.257714	-0.960538
227	-79.6745	0	-0.27319	0.332741	-0.90258
231	-79.6745	0	-0.275034	0.171054	-0.946096
233	-83.1385	0	-0.224911	0.397033	-0.88982
237	-83.1385	0	-0.266479	0.551206	-0.790672
239	-79.6745	0	-0.268329	0.872406	-0.408543
243	-79.6745	0	0.103741	0.890193	-0.443615
245	-83.1385	0	0.138654	0.69818	-0.702368
249	-83.1385	0	-0.0478754	0.0568294	-0.997235
5	-76.2105	0	-0.346525	-0.122727	-0.929978
9	-76.2105	0	-0.506376	-0.219525	-0.833902
11	-72.7465	0	-0.422947	-0.243541	-0.872813
15	-72.7465	0	-0.300838	-0.311826	-0.901255
17	-76.2105	0	-0.329546	-0.243859	-0.912103
21	-76.2105	0	-0.443414	-0.400455	-0.801885
23	-72.7465	0	-0.114343	-0.498153	-0.859517
27	-72.7465	0	0.516484	-0.028578	-0.85582
29	-76.2105	0	0.000597715	0.443383	-0.896332
33	-76.2105	0	0.0374283	0.675749	-0.736181
35	-72.7465	0	0.449204	0.877743	-0.166684
39	-72.7465	0	-0.0931503	0.82787	0.553132
41	-76.2105	0	-0.20389	0.696456	0.688025
45	-76.2105	0	-0.235764	0.601238	0.763497
47	-72.7465	0	-0.0786559	0.335253	0.938839
51	-72.7465	0	-0.139693	0.21974	0.965505
53	-76.2105	0	0.0118151	0.0874181	0.996102
57	-76.2105	0	0.252299	-0.084854	0.963922
59	-72.7465	0	-0.118358	-0.321649	0.939432
63	-72.7465	0	0.136721	-0.391161	0.91011
65	-76.2105	0	0.158094	-0.782836	0.601809
69	-76.2105	0	0.602991	-0.790566	-0.106804
71	-72.7465	0	0.421108	-0.90429	0.0701983
75	-72.7465	0	0.519361	-0.839707	-0.158603
77	-76.2105	0	0.0792663	-0.95322	-0.291699
81	-76.2105	0	0.507231	-0.771277	-0.384512
83	-72.7465	0	0.375555	-0.666464	-0.644038
87	-72.7465	0	0.410161	-0.698415	-0.586502
89	-76.2105	0	0.402784	-0.731233	-0.550512
93	-76.2105	0	0.386055	-0.55735	-0.735066
95	-72.7465	0	0.1986	-0.707862	-0.677856
99	-72.7465	0	0.0217302	-0.783901	-0.620506
101	-76.2105	0	0.32283	-0.588201	-0.741486
105	-76.2105	0	0.164137	-0.585466	-0.793907
107	-72.7465	0	0.139993	-0.624044	-0.768746
111	-72.7465	0	0.429829	-0.501157	-0.751059
113	-76.2105	0	0.347212	-0.598699	-0.721805
117	-76.2105	0	0.396112	-0.8205	-0.41216
119	-72.7465	0	0.125956	-0.907403	-0.400943
123	-72.7465	0	0.0466865	-0.985981	-0.160195
125	-76.2105	0	0.451538	-0.875857	-0.170262
129	-76.2105	0	0.00295241	-0.9966	0.0823368
131	-72.7465	0	-0.358555	-0.779609	0.513466
135	-72.7465	0	0.0646664	-0.938375	0.339517
137	-76.2105	0	-0.0849479	-0.7113	0.697737
141	-76.2105	0	-0.242741	-0.608308	0.75567
143	-72.7465	0	0.0498865	-0.702348	0.710083
147	-72.7465	0	0.299152	-0.312438	0.901604
149	-76.2105	0	0.27837	-0.308974	0.90942
153	-76.2105	0	-0.119298	-0.0835373	0.989338
155	-72.7465	0	-0.080178	0.277029	0.95751
159	-72.7465	0	-0.205482	0.108017	0.972682
161	-76.2105	0	-0.28878	0.331728	0.898088
165	-76.2105	0	-0.39194	0.356625	0.848058
167	-72.7465	0	-0.0931907	0.848771	0.520483
171	-72.7465	0	-0.0562112	0.943161	0.327547
173	-76.2105	0	-0.211672	0.934503	0.286182
177	-76.2105	0	0.317645	0.948184	0.00696316
179	-72.7465	0	0.349543	0.919349	-0.180601
183	-72.7465	0	0.0973921	0.890497	-0.444444
185	-76.2105	0	0.169923	0.941608	-0.29069
189	-76.2105	0	0.0702488	0.73777	-0.671387
191	-72.7465	0	0.115879	0.681366	-0.722712
195	-72.7465	0	-0.0652613	0.871062	-0.486819
197	-76.2105	0	-0.286142	0.838898	-0.463005
201	-76.2105	0	-0.431944	0.636347	-0.639129
203	-72.7465	0	-0.00178167	0.615322	-0.788274
207	-72.7465	0	-0.214539	0.432569	-0.875704
209	-76.2105	0	-0.0834571	0.722492	-0.686324
213	-76.2105	0	-0.0642802	0.487808	-0.870581
215	-72.7465	0	-0.0340006	0.701324	-0.712032
219	-72.7465	0	0.362218	0.214224	-0.907142
221	-76.2105	0	0.0544269	0.488382	-0.870931
225	-76.2105	0	-0.271155	0.617743	-0.738153
227	-72.7465	0	0.126892	0.814401	-0.566259
231	-72.7465	0	-0.0972851	0.948938	-0.300088
233	-76.2105	0	-0.175627	0.85074	-0.495375
237	-76.2105	0	-0.265215	0.907836	-0.324799
239	-72.7465	0	-0.00525892	0.958422	-0.285305
243	-72.7465	0	-0.0815432	0.993767	0.0760187
245	-76.2105	0	-0.144172	0.986654	0.0756868
249	-76.2105	0	-0.170094	0.934803	0.311787
5	-69.2825	0	-0.578365	0.0944302	-0.810294
9	-69.2825	0	-0.38415	-0.304505	-0.871611
11	-65.8185	0	-0.379664	-0.61445	-0.691598
15	-65.8185	0	-0.00975348	-0.624137	-0.781254
17	-69.2825	0	-0.221022	-0.584461	-0.78074
21	-69.2825	0	0.2214	-0.73026	-0.646299
23	-65.8185	0	0.596952	-0.798092	-0.0818334
27	-65.8185	0	0.997874	0.0389725	0.0522278
29	-69.2825	0	0.806312	0.324059	-0.49482
33	-69.2825	0	0.736596	0.672661	-0.0703825
35	-65.8185	0	0.64257	0.568488	0.513737
39	-65.8185	0	0.453406	0.547	0.703714
41	-69.2825	0	0.0404504	0.606515	0.794042
45	-69.2825	0	-0.0529051	0.37425	0.925818
47	-65.8185	0	0.248811	0.185028	0.950714
51	-65.8185	0	0.171529	0.142682	0.974792
53	-69.2825	0	-0.299343	-0.209707	0.930815
57	-69.2825	0	-0.42432	-0.0834419	0.901659
59	-65.8185	0	-0.66583	-0.383639	0.639915
63	-65.8185	0	-0.794462	-0.593742	0.127669
65	-69.2825	0	-0.0283559	-0.941065	0.337034
69	-69.2825	0	0.324559	-0.929544	-0.174954
71	-65.8185	0	0.0159751	-0.690725	-0.722941
75	-65.8185	0	-0.262966	-0.592068	-0.761778
77	-69.2825	0	0.0593555	-0.753323	-0.654966
81	-69.2825	0	0.365177	-0.708232	-0.604196
83	-65.8185	0	0.151058	-0.392661	-0.907193
87	-65.8185	0	0.0305434	-0.592038	-0.805331
89	-69.2825	0	0.0995011	-0.48374	-0.869537
93	-69.2825	0	-0.228572	-0.503951	-0.832939
95	-65.8185	0	0.00341831	-0.737186	-0.675681
99	-65.8185	0	0.3022	-0.90353	-0.303825
101	-69.2825	0	-0.0806755	-0.889291	-0.45017
105	-69.2825	0	0.146618	-0.781606	-0.606296
107	-65.8185	0	-0.250341	-0.789438	-0.560461
111	-65.8185	0	-0.12926	-0.843263	-0.521727
113	-69.2825	0	-0.0869216	-0.826423	-0.556301
117	-69.2825	0	-0.107381	-0.938334	-0.328632
119	-65.8185	0	-0.0851701	-0.988995	-0.120979
123	-65.8185	0	-0.115116	-0.973732	0.196453
125	-69.2825	0	-0.280045	-0.941656	0.186705
129	-69.2825	0	-0.18084	-0.89071	0.417053
131	-65.8185	0	-0.160733	-0.808476	0.566155
135	-65.8185	0	-0.597617	-0.756225	0.266417
137	-69.2825	0	-0.545325	-0.775929	0.317105
141	-69.2825	0	-0.364711	-0.783203	0.503567
143	-65.8185	0	-0.752445	-0.259236	0.605494
147	-65.8185	0	-0.692765	-0.166545	0.701669
149	-69.2825	0	-0.49723	-0.262403	0.826986
153	-69.2825	0	-0.300874	0.386407	0.871874
155	-65.8185	0	-0.319279	0.378084	0.868973
159	-65.8185	0	-0.616448	0.340532	0.709951
161	-69.2825	0	-0.201258	0.448643	0.870755
165	-69.2825	0	-0.414322	0.802547	0.42925
167	-65.8185	0	-0.205728	0.907726	0.365662
171	-65.8185	0	-0.180311	0.983434	0.0185638
173	-69.2825	0	0.081817	0.902014	0.423883
177	-69.2825	0	0.461325	0.882667	0.0898777
179	-65.8185	0	0.252234	0.921036	-0.296768
183	-65.8185	0	0.106961	0.954171	-0.279493
185	-69.2825	0	0.336245	0.62717	-0.702564
189	-69.2825	0	-0.0325591	0.627957	-0.777566
191	-65.8185	0	0.467608	0.588454	-0.659594
195	-65.8185	0	0.14168	0.605178	-0.783381
197	-69.2825	0	0.0633965	0.732338	-0.677984
201	-69.2825	0	0.00145813	0.539794	-0.841796
203	-65.8185	0	-0.123772	0.649389	-0.750316
207	-65.8185	0	-0.090454	0.671665	-0.735312
209	-69.2825	0	-0.125659	0.368904	-0.920934
213	-69.2825	0	-0.0610399	0.510713	-0.857582
215	-65.8185	0	-0.277235	0.431539	-0.858437
219	-65.8185	0	0.12588	0.236964	-0.963329
221	-69.2825	0	-0.00780896	0.0063646	-0.999949
225	-69.2825	0	-0.117838	0.475999	-0.871516
227	-65.8185	0	0.0502338	0.274428	-0.960295
231	-65.8185	0	0.119844	0.935736	-0.331717
233	-69.2825	0	0.00107498	0.963779	-0.2667
237	-69.2825	0	-0.342957	0.93481	-0.0922588
239	-65.8185	0	-0.231669	0.947424	0.220721
243	-65.8185	0	-0.391697	0.747859	0.535985
245	-69.2825	0	-0.411611	0.767128	0.492028
249	-69.2825	0	-0.154728	0.704898	0.692227
5	-62.3545	0	-0.546765	-0.277183	-0.790074
9	-62.3545	0	-0.541222	-0.346348	-0.766238
11	-58.8895	0	-0.286242	-0.636497	-0.716196
15	-58.8895	0	-0.196453	-0.85384	-0.482041
17	-62.3545	0	0.139828	-0.95673	-0.255179
21	-62.3545	0	0.395508	-0.918411	-0.00978062
23	-58.8895	0	0.698026	-0.460509	0.548353
27	-58.8895	0	0.923217	-0.135287	0.359676
29	-62.3545	0	0.888922	0.153639	0.431524
33	-62.3545	0	0.371666	0.66269	0.650159
35	-58.8895	0	0.453093	0.510022	0.731153
39	-58.8895	0	0.141454	0.495403	0.857069
41	-62.3545	0	0.429276	0.388999	0.815108
45	-62.3545	0	0.146981	0.418242	0.896365
47	-58.8895	0	0.362078	0.544036	0.756918
51	-58.8895	0	0.193418	0.336714	0.921528
53	-62.3545	0	0.0508685	0.331928	0.941932
57	-62.3545	0	-0.793959	0.172958	0.58285
59	-58.8895	0	-0.680759	0.697268	0.224464
63	-58.8895	0	-0.596895	0.495544	-0.630994
65	-62.3545	0	-0.708875	-0.046073	-0.703828
69	-62.3545	0	-0.361307	-0.135784	-0.922507
71	-58.8895	0	-0.306489	-0.268018	-0.913362
75	-58.8895	0	0.133791	-0.516576	-0.845724
77	-62.3545	0	0.219171	-0.761785	-0.609629
81	-62.3545	0	0.0688196	-0.691409	-0.719178
83	-58.8895	0	0.209602	-0.612476	-0.762194
87	-58.8895	0	0.211103	-0.671534	-0.710266
89	-62.3545	0	0.112995	-0.593968	-0.796513
93	-62.3545	0	-0.15834	-0.833396	-0.52951
95	-58.8895	0	-0.0211791	-0.950946	-0.308632
99	-58.8895	0	-0.0525516	-0.960084	-0.274733
101	-62.3545	0	0.0220154	-0.955071	-0.295557
105	-62.3545	0	-0.189608	-0.924566	-0.330493
107	-58.8895	0	-0.464106	-0.875303	-0.135833
111	-58.8895	0	-0.474383	-0.876784	0.0788067
113	-62.3545	0	-0.214193	-0.974698	-0.0639232
117	-62.3545	0	-0.238747	-0.854885	0.460621
119	-58.8895	0	-0.309095	-0.700967	0.642733
123	-58.8895	0	-0.562613	-0.746694	0.354844
125	-62.3545	0	-0.4026	-0.744914	0.531993
129	-62.3545	0	-0.307797	-0.728499	0.612005
131	-58.8895	0	-0.733921	-0.310741	0.603986
135	-58.8895	0	-0.883339	-0.264904	0.386701
137	-62.3545	0	-0.846705	-0.517855	0.122138
141	-62.3545	0	-0.966916	-0.0642752	0.246866
143	-58.8895	0	-0.91442	0.225042	0.336441
147	-58.8895	0	-0.770334	0.494267	0.402847
149	-62.3545	0	-0.687457	0.229779	0.688915
153	-62.3545	0	-0.0895139	0.741678	0.664756
155	-58.8895	0	-0.214063	0.966714	-0.140148
159	-58.8895	0	-0.543941	0.83621	0.0698725
161	-62.3545	0	-0.307858	0.908634	0.28215
165	-62.3545	0	-0.370852	0.87618	0.307861
167	-58.8895	0	-0.370145	0.912843	-0.172366
171	-58.8895	0	-0.244845	0.853198	-0.460548
173	-62.3545	0	-0.194696	0.86704	-0.458623
177	-62.3545	0	0.0931912	0.644964	-0.75851
179	-58.8895	0	0.0661792	0.547564	-0.834143
183	-58.8895	0	0.120219	0.773755	-0.621974
185	-62.3545	0	0.242876	0.760626	-0.602046
189	-62.3545	0	0.0191045	0.69927	-0.714603
191	-58.8895	0	-0.11544	0.418699	-0.900758
195	-58.8895	0	-0.157575	0.0946395	-0.982962
197	-62.3545	0	0.00147463	0.354425	-0.935083
201	-62.3545	0	-0.313712	0.146226	-0.938191
203	-58.8895	0	-0.304047	0.0686569	-0.95018
207	-58.8895	0	-0.0513665	0.00800803	-0.998648
209	-62.3545	0	-0.0534942	0.280489	-0.958365
213	-62.3545	0	-0.242407	0.420948	-0.874095
215	-58.8895	0	-0.244523	0.220594	-0.944218
219	-58.8895	0	-0.0721907	0.289676	-0.954398
221	-62.3545	0	-0.149624	0.321037	-0.935173
225	-62.3545	0	0.0869762	0.447225	-0.890183
227	-58.8895	0	-0.18993	0.732664	-0.653552
231	-58.8895	0	-0.305511	0.916337	-0.258824
233	-62.3545	0	-0.168573	0.983179	0.0703007
237	-62.3545	0	-0.118456	0.991463	0.0544847
239	-58.8895	0	-0.262082	0.881469	0.392844
243	-58.8895	0	-0.0884553	0.641719	0.761822
245	-62.3545	0	-0.193647	0.630797	0.751396
249	-62.3545	0	-0.261503	0.847945	0.461091
5	-55.4255	0	0.0911879	0.151587	-0.984229
9	-55.4255	0	0.0456801	-0.182176	-0.982204
11	-51.9615	0	-0.540721	-0.557174	-0.630221
15	-51.9615	0	-0.0388601	-0.843935	-0.535036
17	-55.4255	0	-0.032344	-0.969928	-0.241234
21	-55.4255	0	0.569336	-0.767059	0.295765
23	-51.9615	0	0.724963	-0.684454	0.077149
27	-51.9615	0	0.885709	-0.462586	0.0391662
29	-55.4255	0	0.81949	-0.294379	0.491709
33	-55.4255	0	0.659012	0.235579	0.714287
35	-51.9615	0	0.77231	0.197753	0.603681
39	-51.9615	0	0.423171	0.514449	0.745834
41	-55.4255	0	0.336902	0.528845	0.778986
45	-55.4255	0	0.357822	0.608587	0.708227
47	-51.9615	0	0.437341	0.741107	0.509405
51	-51.9615	0	0.270778	0.84821	0.455214
53	-55.4255	0	0.190712	0.767068	0.612564
57	-55.4255	0	-0.0355127	0.990868	0.130073
59	-51.9615	0	-0.0483055	0.923499	-0.380547
63	-51.9615	0	-0.0844661	0.693621	-0.715371
65	-55.4255	0	-0.248596	0.410671	-0.87724
69	-55.4255	0	-0.171768	-0.0612405	-0.983232
71	-51.9615	0	-0.0206593	-0.115978	-0.993037
75	-51.9615	0	0.0819131	-0.476758	-0.87521
77	-55.4255	0	-0.0948523	-0.532686	-0.840981
81	-55.4255	0	0.0363613	-0.493381	-0.869053
83	-51.9615	0	0.00250947	-0.448458	-0.8938
87	-51.9615	0	-0.103322	-0.639587	-0.761743
89	-55.4255	0	-0.349981	-0.568808	-0.744292
93	-55.4255	0	-0.398861	-0.804815	-0.439526
95	-51.9615	0	-0.475124	-0.776501	-0.413887
99	-51.9615	0	0.0218716	-0.997446	-0.0680004
101	-55.4255	0	-0.150984	-0.937015	0.314972
105	-55.4255	0	-0.0709022	-0.997456	-0.00740908
107	-51.9615	0	-0.027651	-0.999345	0.0233309
111	-51.9615	0	-0.139259	-0.891281	0.431538
113	-55.4255	0	-0.374005	-0.819637	0.433954
117	-55.4255	0	-0.34958	-0.772257	0.530484
119	-51.9615	0	-0.314997	-0.668467	0.673742
123	-51.9615	0	-0.445298	-0.0204872	0.895148
125	-55.4255	0	-0.676445	-0.342732	0.651888
129	-55.4255	0	-0.463681	-0.305505	0.831665
131	-51.9615	0	-0.666816	-0.099834	0.738505
135	-51.9615	0	-0.855994	0.155712	0.492978
137	-55.4255	0	-0.959664	-0.23064	0.160779
141	-55.4255	0	-0.97049	-0.0876915	0.22463
143	-51.9615	0	-0.947473	0.240537	-0.210799
147	-51.9615	0	-0.663433	0.735059	0.139799
149	-55.4255	0	-0.702659	0.683162	0.198898
153	-55.4255	0	-0.00586562	0.990802	-0.135192
155	-51.9615	0	-0.0573719	0.849227	-0.524901
159	-51.9615	0	-0.135628	0.924203	-0.357007
161	-55.4255	0	0.0385649	0.998655	0.0346421
165	-55.4255	0	-0.142069	0.915749	-0.375794
167	-51.9615	0	-0.00398511	0.627602	-0.778524
171	-51.9615	0	-0.0683493	0.362433	-0.9295
173	-55.4255	0	-0.154977	0.682767	-0.714011
177	-55.4255	0	0.0172539	0.494719	-0.868882
179	-51.9615	0	-0.254225	0.234496	-0.938286
183	-51.9615	0	-0.217622	0.5747	-0.788898
185	-55.4255	0	0.0553486	0.786367	-0.615275
189	-55.4255	0	-0.268598	0.499834	-0.82342
191	-51.9615	0	-0.216396	0.181684	-0.959251
195	-51.9615	0	-0.0330054	0.0211012	-0.999232
197	-55.4255	0	-0.0159002	0.139191	-0.990138
201	-55.4255	0	-0.403336	0.270596	-0.874127
203	-51.9615	0	-0.563093	0.392128	-0.727435
207	-51.9615	0	-0.249002	0.383231	-0.889456
209	-55.4255	0	-0.197812	-0.111339	-0.973896
213	-55.4255	0	-0.353657	-0.00813349	-0.93534
215	-51.9615	0	-0.36298	-0.175568	-0.915107
219	-51.9615	0	-0.335228	-0.0820756	-0.938555
221	-55.4255	0	-0.103837	0.0110298	-0.994533
225	-55.4255	0	-0.145265	0.635266	-0.758509
227	-51.9615	0	-0.26718	0.902257	-0.338447
231	-51.9615	0	-0.0759518	0.980946	0.178818
233	-55.4255	0	0.256599	0.933694	0.249747
237	-55.4255	0	-0.0319809	0.870199	0.491661
239	-51.9615	0	-0.042933	0.682264	0.729845
243	-51.9615	0	0.243844	0.648431	0.721164
245	-55.4255	0	0.103503	0.402247	0.909662
249	-55.4255	0	-0.207521	0.367923	0.906404
5	-48.4975	0	-0.00329593	-0.0871523	-0.99619
9	-48.4975	0	-0.157144	-0.129815	-0.979007
11	-45.0335	0	0.0859065	-0.115777	-0.989553
15	-45.0335	0	0.39152	-0.323778	-0.861325
17	-48.4975	0	0.490228	-0.481437	-0.726563
21	-48.4975	0	0.780847	-0.599005	-0.177401
23	-45.0335	0	0.699128	-0.547424	-0.459943
27	-45.0335	0	0.924369	-0.318311	-0.210286
29	-48.4975	0	0.927531	-0.176247	0.32958
33	-48.4975	0	0.850803	0.251518	0.461382
35	-45.0335	0	0.870647	0.461142	-0.171237
39	-45.0335	0	0.804056	0.571417	0.164248
41	-48.4975	0	0.770675	0.534947	0.346252
45	-48.4975	0	0.750853	0.642715	-0.15211
47	-45.0335	0	0.695113	0.710416	-0.110122
51	-45.0335	0	0.60931	0.779397	-0.145881
53	-48.4975	0	0.483955	0.874035	0.0430207
57	-48.4975	0	0.515098	0.84144	-0.163256
59	-45.0335	0	0.308958	0.794605	-0.522635
63	-45.0335	0	0.489627	0.528697	-0.693357
65	-48.4975	0	0.0714899	0.536156	-0.841086
69	-48.4975	0	0.108848	0.019861	-0.99386
71	-45.0335	0	-0.00900992	0.206981	-0.978303
75	-45.0335	0	-0.0406586	-0.223902	-0.973763
77	-48.4975	0	0.074216	-0.279938	-0.957145
81	-48.4975	0	-0.0935433	-0.355485	-0.929989
83	-45.0335	0	-0.10261	-0.456406	-0.883835
87	-45.0335	0	-0.310919	-0.576141	-0.755904
89	-48.4975	0	-0.0912582	-0.782788	-0.615561
93	-48.4975	0	-0.424126	-0.709731	-0.562493
95	-45.0335	0	-0.3038	-0.906886	-0.291999
99	-45.0335	0	-0.00283989	-0.999814	0.0190908
101	-48.4975	0	0.0804081	-0.964406	0.251905
105	-48.4975	0	-0.0120933	-0.711896	0.702181
107	-45.0335	0	0.308635	-0.902278	0.301064
111	-45.0335	0	0.293177	-0.845321	0.446631
113	-48.4975	0	0.0554965	-0.878939	0.473695
117	-48.4975	0	0.130015	-0.678534	0.722971
119	-45.0335	0	0.19588	-0.38954	0.899939
123	-45.0335	0	-0.176567	-0.494177	0.851242
125	-48.4975	0	-0.459027	0.256262	0.850661
129	-48.4975	0	-0.4314	0.18632	0.882711
131	-45.0335	0	-0.3196	0.67906	0.660858
135	-45.0335	0	-0.72745	0.641509	0.243481
137	-48.4975	0	-0.776207	0.61151	0.153487
141	-48.4975	0	-0.707848	0.686522	-0.166249
143	-45.0335	0	-0.500513	0.727866	-0.46872
147	-45.0335	0	-0.0900321	0.92755	-0.362693
149	-48.4975	0	-0.192969	0.971613	-0.136861
153	-48.4975	0	-0.232565	0.909731	-0.343951
155	-45.0335	0	-0.105169	0.857197	-0.504135
159	-45.0335	0	-0.0753697	0.663943	-0.743976
161	-48.4975	0	-0.0491439	0.760185	-0.647846
165	-48.4975	0	0.144672	0.576888	-0.803909
167	-45.0335	0	0.371395	0.674618	-0.637932
171	-45.0335	0	-0.0212411	0.437425	-0.899004
173	-48.4975	0	0.238258	0.0608293	-0.969295
177	-48.4975	0	-0.0736882	-0.132904	-0.988386
179	-45.0335	0	-0.0386418	0.0592198	-0.997497
183	-45.0335	0	0.133546	0.0377735	-0.990322
185	-48.4975	0	-0.0710271	0.00247185	-0.997471
189	-48.4975	0	-0.137896	0.0427851	-0.989522
191	-45.0335	0	-0.0818985	-0.277789	-0.957145
195	-45.0335	0	-0.110445	-0.0566369	-0.992267
197	-48.4975	0	-0.198392	0.0551226	-0.978571
201	-48.4975	0	-0.369838	0.131182	-0.919789
203	-45.0335	0	-0.339266	-0.158584	-0.927227
207	-45.0335	0	-0.125089	-0.00311568	-0.992141
209	-48.4975	0	0.0182875	-0.143647	-0.98946
213	-48.4975	0	-0.293327	-0.130803	-0.947021
215	-45.0335	0	-0.299486	0.234839	-0.924748
219	-45.0335	0	-0.326525	0.539179	-0.776316
221	-48.4975	0	-0.228267	0.327005	-0.91704
225	-48.4975	0	-0.395928	0.867219	-0.301947
227	-45.0335	0	0.260791	0.883292	-0.389593
231	-45.0335	0	0.019212	0.945874	-0.323965
233	-48.4975	0	-0.0608211	0.928601	0.36606
237	-48.4975	0	-0.0758362	0.671562	0.737057
239	-45.0335	0	-0.355557	0.574996	0.736858
243	-45.0335	0	-0.286387	0.694093	0.660468
245	-48.4975	0	-0.381877	0.731364	0.565045
249	-48.4975	0	-0.245579	0.647302	0.72159
5	-41.5695	0	-0.184945	0.191716	-0.963867
9	-41.5695	0	0.0976407	0.0995734	-0.990228
11	-38.1055	0	0.487138	-0.0495734	-0.871917
15	-38.1055	0	0.360827	0.0281793	-0.932207
17	-41.5695	0	0.288204	-0.0533201	-0.956084
21	-41.5695	0	0.507776	-0.129221	-0.851742
23	-38.1055	0	0.501179	-0.483667	-0.717555
27	-38.1055	0	0.754435	-0.296026	-0.585829
29	-41.5695	0	0.977694	-0.108941	-0.179571
33	-41.5695	0	0.946495	0.317419	-0.0582494
35	-38.1055	0	0.833274	0.328809	-0.444454
39	-38.1055	0	0.788732	0.603846	-0.115204
41	-41.5695	0	0.74429	0.652073	-0.144336
45	-41.5695	0	0.758493	0.611779	-0.224535
47	-38.1055	0	0.439399	0.3393	-0.831747
51	-38.1055	0	0.468922	0.334178	-0.81758
53	-41.5695	0	0.682395	0.464653	-0.5643
57	-41.5695	0	0.393642	0.668339	-0.631165
59	-38.1055	0	0.514515	0.132435	-0.847193
63	-38.1055	0	0.207077	0.363358	-0.908345
65	-41.5695	0	0.128691	0.355319	-0.925844
69	-41.5695	0	0.0760293	0.256274	-0.96361
71	-38.1055	0	0.0280865	0.172534	-0.984603
75	-38.1055	0	0.0840651	0.094752	-0.991945
77	-41.5695	0	0.0941202	-0.377832	-0.921078
81	-41.5695	0	-0.109573	-0.470954	-0.875326
83	-38.1055	0	0.258363	-0.320214	-0.911434
87	-38.1055	0	0.123371	-0.374728	-0.91889
89	-41.5695	0	-0.160129	-0.286532	-0.944594
93	-41.5695	0	-0.0435683	-0.719298	-0.693334
95	-38.1055	0	0.606454	-0.618726	-0.499392
99	-38.1055	0	0.824709	-0.551503	-0.125298
101	-41.5695	0	0.738532	-0.668975	0.0839171
105	-41.5695	0	0.56584	-0.819734	0.0886674
107	-38.1055	0	0.629482	-0.45772	0.627889
111	-38.1055	0	0.812633	-0.103062	0.57359
113	-41.5695	0	0.598263	-0.411985	0.687277
117	-41.5695	0	0.503673	-0.41833	0.755853
119	-38.1055	0	0.488228	0.0648728	0.870301
123	-38.1055	0	0.341654	0.1403	0.929295
125	-41.5695	0	0.0319937	0.283811	0.958346
129	-41.5695	0	-0.0531179	0.39937	0.91525
131	-38.1055	0	0.21694	0.836993	0.502374
135	-38.1055	0	-0.0606385	0.994209	-0.0887162
137	-41.5695	0	-0.146533	0.979853	-0.135708
141	-41.5695	0	-0.456002	0.721716	-0.520757
143	-38.1055	0	-0.209046	0.723476	-0.657938
147	-38.1055	0	-0.286206	0.539278	-0.792001
149	-41.5695	0	-0.269603	0.691517	-0.670162
153	-41.5695	0	0.00354469	0.640878	-0.767634
155	-38.1055	0	0.154239	0.446899	-0.881188
159	-38.1055	0	0.187972	0.452281	-0.871842
161	-41.5695	0	0.222777	0.508193	-0.831932
165	-41.5695	0	-0.135655	0.428219	-0.893435
167	-38.1055	0	-0.148972	0.149686	-0.977446
171	-38.1055	0	0.123233	0.368114	-0.921578
173	-41.5695	0	-0.236891	0.230237	-0.943861
177	-41.5695	0	-0.24408	0.136838	-0.960052
179	-38.1055	0	-0.254428	0.0155837	-0.966966
183	-38.1055	0	-0.0167138	-0.150764	-0.988429
185	-41.5695	0	0.0204499	0.0331748	-0.99924
189	-41.5695	0	-0.0808175	-0.0572808	-0.995082
191	-38.1055	0	-0.0282519	0.179961	-0.983268
195	-38.1055	0	-0.473539	0.195907	-0.858709
197	-41.5695	0	-0.364819	-0.166357	-0.916096
201	-41.5695	0	-0.749867	-0.190801	-0.633478
203	-38.1055	0	-0.759858	0.1494	-0.632689
207	-38.1055	0	-0.656119	0.0136342	-0.754534
209	-41.5695	0	-0.283585	-0.210087	-0.935651
213	-41.5695	0	-0.484663	0.0413183	-0.873724
215	-38.1055	0	-0.158021	0.42009	-0.893618
219	-38.1055	0	-0.266253	0.554661	-0.788327
221	-41.5695	0	-0.170045	0.533376	-0.82861
225	-41.5695	0	-0.136629	0.85685	-0.497132
227	-38.1055	0	-0.174676	0.666018	-0.725195
231	-38.1055	0	-0.204425	0.819792	-0.534931
233	-41.5695	0	-0.188809	0.932736	-0.30717
237	-41.5695	0	-0.175837	0.983611	0.0398818
239	-38.1055	0	-0.117785	0.985201	0.124522
243	-38.1055	0	-0.305061	0.950629	0.0569353
245	-41.5695	0	-0.324411	0.865426	0.381832
249	-41.5695	0	-0.435216	0.673457	0.59753
5	-34.6415	0	0.0556308	0.376907	-0.924579
9	-34.6415	0	0.396741	0.287449	-0.871762
11	-31.1775	0	0.0296192	0.105889	-0.993937
15	-31.1775	0	0.678139	0.290556	-0.675059
17	-34.6415	0	0.124043	-0.114947	-0.985597
21	-34.6415	0	0.363371	-0.310368	-0.878427
23	-31.1775	0	0.401073	0.146267	-0.904293
27	-31.1775	0	0.387534	0.0158417	-0.921719
29	-34.6415	0	0.70623	0.118813	-0.697942
33	-34.6415	0	0.589019	-0.0287157	-0.807609
35	-31.1775	0	0.301454	0.400231	-0.865414
39	-31.1775	0	0.349884	0.380466	-0.856053
41	-34.6415	0	0.372403	0.580716	-0.723937
45	-34.6415	0	0.284892	0.449904	-0.846418
47	-31.1775	0	0.0799546	0.258723	-0.962637
51	-31.1775	0	0.148622	0.288027	-0.946019
53	-34.6415	0	0.207944	0.247807	-0.94623
57	-34.6415	0	0.168236	-0.0413783	-0.984878
59	-31.1775	0	0.147097	0.0705849	-0.9866
63	-31.1775	0	0.0380716	0.26037	-0.964758
65	-34.6415	0	0.083349	0.369187	-0.92561
69	-34.6415	0	0.593041	0.0244307	-0.804802
71	-31.1775	0	0.52145	-0.154687	-0.839144
75	-31.1775	0	0.307944	-0.056713	-0.949713
77	-34.6415	0	0.160085	0.02365	-0.98682
81	-34.6415	0	0.236855	-0.107962	-0.965528
83	-31.1775	0	0.202569	-0.0168146	-0.979124
87	-31.1775	0	0.481672	-0.43672	-0.759781
89	-34.6415	0	0.449897	-0.479803	-0.753248
93	-34.6415	0	0.60169	-0.59981	-0.527444
95	-31.1775	0	0.715995	-0.504424	-0.482605
99	-31.1775	0	0.857616	-0.506122	-0.091293
101	-34.6415	0	0.968274	-0.187018	0.165737
105	-34.6415	0	0.844676	-0.364636	0.391872
107	-31.1775	0	0.905842	-0.146587	0.397445
111	-31.1775	0	0.938243	-0.00310802	0.345964
113	-34.6415	0	0.740603	0.0572329	0.6695
117	-34.6415	0	0.605257	0.274915	0.747051
119	-31.1775	0	0.876159	0.347123	0.334442
123	-31.1775	0	0.975196	0.220178	0.0226894
125	-34.6415	0	0.741574	0.55503	0.376841
129	-34.6415	0	0.505502	0.825934	0.249602
131	-31.1775	0	0.519042	0.370378	-0.770335
135	-31.1775	0	0.455064	0.491117	-0.742779
137	-34.6415	0	-0.0629112	0.840617	-0.537965
141	-34.6415	0	-0.0114957	0.737143	-0.675639
143	-31.1775	0	0.340665	0.511827	-0.788657
147	-31.1775	0	0.115547	0.139422	-0.983469
149	-34.6415	0	0.409749	0.599482	-0.687551
153	-34.6415	0	0.286373	0.583126	-0.760233
155	-31.1775	0	-0.0730722	0.238375	-0.96842
159	-31.1775	0	-0.244767	0.427929	-0.870038
161	-34.6415	0	-0.086165	0.102188	-0.991026
165	-34.6415	0	-0.30795	0.046648	-0.950258
167	-31.1775	0	0.0728477	-0.195352	-0.978024
171	-31.1775	0	-0.00402326	-0.149355	-0.988776
173	-34.6415	0	-0.0632791	-0.0412948	-0.997141
177	-34.6415	0	-0.209765	-0.01286	-0.977667
179	-31.1775	0	-0.216196	-0.0291526	-0.975915
183	-31.1775	0	-0.321901	-0.349641	-0.879847
185	-34.6415	0	0.099787	-0.0463062	-0.993931
189	-34.6415	0	0.0707099	-0.337018	-0.938839
191	-31.1775	0	-0.100632	-0.440639	-0.892026
195	-31.1775	0	-0.0325661	-0.307768	-0.950904
197	-34.6415	0	-0.197826	0.0601022	-0.978393
201	-34.6415	0	-0.196045	0.213236	-0.957129
203	-31.1775	0	-0.442766	-0.341492	-0.829061
207	-31.1775	0	-0.467567	-0.112597	-0.876757
209	-34.6415	0	-0.55683	0.00946126	-0.830572
213	-34.6415	0	-0.132851	0.348533	-0.927834
215	-31.1775	0	-0.0289619	0.1956	-0.980256
219	-31.1775	0	0.174934	0.26845	-0.947277
221	-34.6415	0	0.0178324	0.340663	-0.940016
225	-34.6415	0	0.0148986	0.345884	-0.938159
227	-31.1775	0	0.39229	0.43652	-0.809666
231	-31.1775	0	0.242864	0.737212	-0.630504
233	-34.6415	0	-0.20239	0.865698	-0.457826
237	-34.6415	0	-0.142884	0.864929	-0.481125
239	-31.1775	0	0.330264	0.740477	-0.585337
243	-31.1775	0	0.0587923	0.810511	-0.582765
245	-34.6415	0	-0.12204	0.991998	-0.0323554
249	-34.6415	0	-0.544581	0.79592	0.264466
5	-27.7125	0	0.231098	0.881454	-0.411865
9	-27.7125	0	-0.215381	0.346377	-0.913035
11	-24.2485	0	0.0587624	0.744726	-0.664778
15	-24.2485	0	0.340208	0.65568	-0.67405
17	-27.7125	0	0.552695	0.451395	-0.70055
21	-27.7125	0	0.381304	0.537933	-0.751821
23	-24.2485	0	0.464893	0.178958	-0.867092
27	-24.2485	0	0.408181	0.260534	-0.874934
29	-27.7125	0	0.192558	0.329389	-0.924351
33	-27.7125	0	0.338103	0.27054	-0.901385
35	-24.2485	0	0.183741	0.451459	-0.873169
39	-24.2485	0	0.376489	0.294047	-0.878517
41	-27.7125	0	0.376844	0.178869	-0.908842
45	-27.7125	0	0.338755	0.172113	-0.924999
47	-24.2485	0	0.521863	-0.0652305	-0.850532
51	-24.2485	0	0.413577	0.21035	-0.885837
53	-27.7125	0	0.168853	0.109812	-0.979505
57	-27.7125	0	0.283264	0.08205	-0.955526
59	-24.2485	0	0.232343	0.0656289	-0.970417
63	-24.2485	0	0.218627	-0.154634	-0.963478
65	-27.7125	0	0.379769	0.280047	-0.881674
69	-27.7125	0	0.451376	-0.0254631	-0.89197
71	-24.2485	0	0.319032	-0.161972	-0.933801
75	-24.2485	0	0.194731	-0.366573	-0.909782
77	-27.7125	0	0.293781	-0.27441	-0.915638
81	-27.7125	0	0.398838	-0.297206	-0.867524
83	-24.2485	0	0.479155	-0.453016	-0.751789
87	-24.2485	0	0.401557	-0.736028	-0.544992
89	-27.7125	0	0.729813	-0.430579	-0.531013
93	-27.7125	0	0.842774	-0.322945	-0.430627
95	-24.2485	0	0.740663	-0.634281	-0.2216
99	-24.2485	0	0.853066	-0.510503	0.108004
101	-27.7125	0	0.881458	-0.32569	0.341993
105	-27.7125	0	0.74669	-0.261311	0.611695
107	-24.2485	0	0.58819	-0.696533	0.410944
111	-24.2485	0	0.859473	-0.426585	0.281659
113	-27.7125	0	0.986638	0.116056	0.114357
117	-27.7125	0	0.960403	0.0966634	0.26131
119	-24.2485	0	0.990322	-0.123789	-0.0627561
123	-24.2485	0	0.94234	-0.182084	-0.280787
125	-27.7125	0	0.954668	0.186985	-0.231614
129	-27.7125	0	0.711411	-0.0703682	-0.699244
131	-24.2485	0	0.443036	0.156733	-0.882697
135	-24.2485	0	0.4097	0.295674	-0.862973
137	-27.7125	0	0.316916	0.00870888	-0.948414
141	-27.7125	0	0.457454	0.244766	-0.854883
143	-24.2485	0	0.259123	0.175707	-0.949727
147	-24.2485	0	-0.022974	0.16485	-0.986051
149	-27.7125	0	0.0419426	-0.0771079	-0.99614
153	-27.7125	0	-0.269623	-0.0502644	-0.961653
155	-24.2485	0	-0.227261	0.0637068	-0.971748
159	-24.2485	0	-0.408385	0.197995	-0.891078
161	-27.7125	0	-0.379229	0.218919	-0.899033
165	-27.7125	0	-0.300837	0.126219	-0.945286
167	-24.2485	0	-0.290088	0.371111	-0.882114
171	-24.2485	0	0.218751	0.175463	-0.959875
173	-27.7125	0	-0.280587	-0.276708	-0.919078
177	-27.7125	0	-0.0277125	-0.36735	-0.92967
179	-24.2485	0	-0.0998691	-0.208397	-0.972932
183	-24.2485	0	-0.328653	-0.343962	-0.879589
185	-27.7125	0	-0.236683	-0.405434	-0.882952
189	-27.7125	0	-0.382649	-0.191594	-0.90381
191	-24.2485	0	-0.35136	-0.409928	-0.841728
195	-24.2485	0	-0.427687	-0.353778	-0.83182
197	-27.7125	0	-0.324181	-0.482121	-0.813921
201	-27.7125	0	-0.573419	-0.445815	-0.687342
203	-24.2485	0	-0.127027	-0.70886	-0.693816
207	-24.2485	0	-0.00813507	-0.50593	-0.862536
209	-27.7125	0	0.17274	0.00794012	-0.984936
213	-27.7125	0	0.254587	-0.110547	-0.960711
215	-24.2485	0	0.429043	-0.491537	-0.757835
219	-24.2485	0	0.603667	-0.528659	-0.596746
221	-27.7125	0	0.432343	0.0937248	-0.896825
225	-27.7125	0	0.619381	-0.167058	-0.767111
227	-24.2485	0	0.969725	-0.0186904	-0.243483
231	-24.2485	0	0.925832	0.282352	-0.251223
233	-27.7125	0	0.888323	0.304815	-0.343468
237	-27.7125	0	0.798768	0.417056	-0.433629
239	-24.2485	0	0.912513	0.269255	-0.307932
243	-24.2485	0	0.681059	0.617255	-0.393897
245	-27.7125	0	0.294743	0.667714	-0.683583
249	-27.7125	0	0.096767	0.521275	-0.847885
5	-20.7845	0	0.393395	0.89115	0.226035
9	-20.7845	0	0.228296	0.937005	-0.264391
11	-17.3205	0	0.783883	0.619879	-0.035757
15	-17.3205	0	0.782758	0.602991	-0.153919
17	-20.7845	0	0.521246	0.630555	-0.575069
21	-20.7845	0	0.59488	0.195375	-0.779709
23	-17.3205	0	0.678615	0.524899	-0.513773
27	-17.3205	0	0.513834	0.497774	-0.69871
29	-20.7845	0	0.277774	0.611937	-0.740523
33	-20.7845	0	0.230948	0.337457	-0.912571
35	-17.3205	0	0.198029	0.367271	-0.908788
39	-17.3205	0	0.383825	0.291813	-0.876084
41	-20.7845	0	0.145874	0.388769	-0.909714
45	-20.7845	0	0.174544	0.138791	-0.974819
47	-17.3205	0	0.214035	0.548477	-0.808308
51	-17.3205	0	0.0935618	0.3165	-0.943967
53	-20.7845	0	0.219606	0.322192	-0.92085
57	-20.7845	0	0.575767	-0.355489	-0.736288
59	-17.3205	0	0.251516	-0.264263	-0.931077
63	-17.3205	0	0.0909006	-0.0453976	-0.994825
65	-20.7845	0	0.393794	-0.297277	-0.8698
69	-20.7845	0	0.181866	-0.0648199	-0.981184
71	-17.3205	0	0.320194	0.0362091	-0.94666
75	-17.3205	0	0.157792	-0.199588	-0.967092
77	-20.7845	0	0.191306	-0.492459	-0.84905
81	-20.7845	0	-0.00689829	-0.444433	-0.895785
83	-17.3205	0	0.12753	-0.77814	-0.615008
87	-17.3205	0	0.127191	-0.733575	-0.6676
89	-20.7845	0	0.165138	-0.798545	-0.57884
93	-20.7845	0	0.534709	-0.799296	-0.274248
95	-17.3205	0	0.625579	-0.747605	-0.223019
99	-17.3205	0	0.699338	-0.664943	-0.262255
101	-20.7845	0	0.739633	-0.455649	0.495305
105	-20.7845	0	0.706209	-0.572321	0.416794
107	-17.3205	0	0.743167	-0.569996	0.350438
111	-17.3205	0	0.77029	-0.566282	0.293221
113	-20.7845	0	0.769027	-0.543694	0.336146
117	-20.7845	0	0.936446	-0.225353	0.268857
119	-17.3205	0	0.902524	-0.426888	0.0567198
123	-17.3205	0	0.882149	-0.37717	-0.282057
125	-20.7845	0	0.721897	-0.368904	-0.585469
129	-20.7845	0	0.373353	-0.33957	-0.863307
131	-17.3205	0	0.599266	-0.573111	-0.558949
135	-17.3205	0	0.468047	-0.0538878	-0.882059
137	-20.7845	0	0.307377	0.011727	-0.951516
141	-20.7845	0	-0.13952	-0.018039	-0.990055
143	-17.3205	0	-0.0621416	0.221012	-0.973289
147	-17.3205	0	-0.0863002	-0.0449769	-0.995253
149	-20.7845	0	-0.168416	-0.141413	-0.97552
153	-20.7845	0	-0.234116	-0.0708101	-0.969627
155	-17.3205	0	-0.481687	-0.409443	-0.774812
159	-17.3205	0	-0.401242	0.0139187	-0.915867
161	-20.7845	0	-0.513086	-0.0408303	-0.857366
165	-20.7845	0	-0.421056	0.15135	-0.894318
167	-17.3205	0	-0.621151	0.208997	-0.755309
171	-17.3205	0	-0.0900004	-0.131514	-0.98722
173	-20.7845	0	-0.201434	0.157307	-0.966788
177	-20.7845	0	-0.219502	-0.254565	-0.941815
179	-17.3205	0	-0.0964525	-0.0452243	-0.99431
183	-17.3205	0	-0.259605	-0.0698636	-0.963184
185	-20.7845	0	-0.296705	-0.16587	-0.940454
189	-20.7845	0	-0.249601	-0.22213	-0.942527
191	-17.3205	0	-0.378311	-0.124224	-0.917305
195	-17.3205	0	-0.350091	-0.207146	-0.913524
197	-20.7845	0	-0.286035	-0.449043	-0.846489
201	-20.7845	0	-0.277317	-0.709389	-0.647968
203	-17.3205	0	0.0816226	-0.788478	-0.609623
207	-17.3205	0	0.0287177	-0.862935	-0.504499
209	-20.7845	0	0.32255	-0.465573	-0.824138
213	-20.7845	0	0.678991	-0.519809	-0.518431
215	-17.3205	0	0.616262	-0.78693	0.0310199
219	-17.3205	0	0.361388	-0.848502	0.386579
221	-20.7845	0	0.592102	-0.805417	0.0268067
225	-20.7845	0	0.681135	-0.726513	0.0907398
227	-17.3205	0	0.564259	-0.391447	0.726898
231	-17.3205	0	0.649138	-0.182186	0.738531
233	-20.7845	0	0.918249	0.154788	0.364498
237	-20.7845	0	0.958218	0.0680971	0.277815
239	-17.3205	0	0.584404	-0.27798	0.762364
243	-17.3205	0	0.80358	-0.212212	0.55608
245	-20.7845	0	0.988181	0.137819	0.0671116
249	-20.7845	0	0.601916	-0.644065	0.4721
5	-13.8565	0	0.494583	0.82293	0.279595
9	-13.8565	0	0.758047	0.652174	0.00586341
11	-10.3925	0	0.884723	0.320286	-0.338647
15	-10.3925	0	0.9727	0.197763	-0.121425
17	-13.8565	0	0.705667	0.491134	-0.510707
21	-13.8565	0	0.688577	0.402072	-0.603489
23	-10.3925	0	0.645257	0.212345	-0.733862
27	-10.3925	0	0.467658	0.482087	-0.740869
29	-13.8565	0	0.343051	0.448086	-0.825551
33	-13.8565	0	0.33361	0.416756	-0.845588
35	-10.3925	0	0.568032	0.259734	-0.780947
39	-10.3925	0	0.45592	0.275277	-0.84638
41	-13.8565	0	0.203481	0.102088	-0.973742
45	-13.8565	0	0.102355	0.0051095	-0.994735
47	-10.3925	0	0.413703	0.0714788	-0.907601
51	-10.3925	0	0.229071	0.206793	-0.95119
53	-13.8565	0	0.225561	0.165317	-0.9601
57	-13.8565	0	0.326092	0.160082	-0.931686
59	-10.3925	0	0.164997	0.358407	-0.918869
63	-10.3925	0	-0.0916515	-0.123726	-0.988075
65	-13.8565	0	-0.00930705	-0.0541819	-0.998488
69	-13.8565	0	0.296074	0.228659	-0.927392
71	-10.3925	0	0.286001	0.111489	-0.951721
75	-10.3925	0	0.508596	-0.35365	-0.785023
77	-13.8565	0	0.222708	-0.289392	-0.930942
81	-13.8565	0	0.0503998	-0.279184	-0.958914
83	-10.3925	0	0.471962	-0.253504	-0.844386
87	-10.3925	0	0.672064	-0.372884	-0.639756
89	-13.8565	0	0.720208	-0.192875	-0.666408
93	-13.8565	0	0.818738	-0.148674	-0.554584
95	-10.3925	0	0.761969	-0.474629	-0.440602
99	-10.3925	0	0.720514	-0.569003	-0.396353
101	-13.8565	0	0.779622	-0.543995	-0.310257
105	-13.8565	0	0.763403	-0.603156	-0.231126
107	-10.3925	0	0.629511	-0.77214	0.0866869
111	-10.3925	0	0.794529	-0.606745	-0.0241836
113	-13.8565	0	0.839231	-0.543693	0.0094082
117	-13.8565	0	0.870174	-0.472621	-0.139382
119	-10.3925	0	0.398359	-0.886884	-0.233981
123	-10.3925	0	0.535891	-0.724475	-0.43354
125	-13.8565	0	0.50363	-0.689416	-0.520636
129	-13.8565	0	0.71207	-0.496797	-0.496135
131	-10.3925	0	0.664807	-0.346591	-0.661745
135	-10.3925	0	0.527563	-0.0042637	-0.849505
137	-13.8565	0	0.122373	-0.0773495	-0.989465
141	-13.8565	0	0.0448854	0.118124	-0.991984
143	-10.3925	0	0.225671	-0.148135	-0.962875
147	-10.3925	0	0.0622379	-0.256511	-0.964535
149	-13.8565	0	-0.0247904	-0.208677	-0.97767
153	-13.8565	0	-0.253347	0.092233	-0.962969
155	-10.3925	0	-0.216208	-0.0238525	-0.976056
159	-10.3925	0	0.0542358	0.0621335	-0.996593
161	-13.8565	0	-0.124631	0.127421	-0.983987
165	-13.8565	0	-0.361999	0.419436	-0.832485
167	-10.3925	0	0.22215	0.515233	-0.827758
171	-10.3925	0	0.163601	0.272699	-0.948087
173	-13.8565	0	-0.039764	-0.0363465	-0.998548
177	-13.8565	0	0.051472	-0.130078	-0.990167
179	-10.3925	0	0.450337	-0.303027	-0.839864
183	-10.3925	0	-0.00366212	-0.237196	-0.971455
185	-13.8565	0	-0.0754712	-0.272651	-0.959148
189	-13.8565	0	-0.0550456	-0.511732	-0.85738
191	-10.3925	0	0.131563	-0.112878	-0.98486
195	-10.3925	0	0.415034	-0.114543	-0.902567
197	-13.8565	0	0.0931803	-0.314772	-0.944582
201	-13.8565	0	0.262826	-0.802015	-0.536371
203	-10.3925	0	0.397728	-0.900139	-0.177657
207	-10.3925	0	0.462177	-0.883927	0.0711766
209	-13.8565	0	0.383773	-0.915699	0.119218
213	-13.8565	0	0.36774	-0.893734	0.256918
215	-10.3925	0	0.174743	-0.774183	0.608363
219	-10.3925	0	0.156139	-0.551347	0.819535
221	-13.8565	0	0.357086	-0.453273	0.816721
225	-13.8565	0	0.382399	-0.59453	0.707322
227	-10.3925	0	0.0434133	-0.31309	0.948731
231	-10.3925	0	0.169401	-0.101218	0.980336
233	-13.8565	0	0.565562	7.71444e-05	0.824706
237	-13.8565	0	0.564078	-0.123621	0.816415
239	-10.3925	0	-0.129534	0.0454935	0.990531
243	-10.3925	0	-0.0549232	0.244207	0.968167
245	-13.8565	0	0.277687	-0.144705	0.949711
249	-13.8565	0	0.444662	-0.170383	0.879344
5	-6.9285	0	0.716118	0.348589	0.604698
9	-6.9285	0	0.910864	0.4114	-0.0328138
11	-3.4645	0	0.958126	0.0584793	-0.280311
15	-3.4645	0	0.95096	0.237986	-0.19758
17	-6.9285	0	0.920096	0.234846	-0.313481
21	-6.9285	0	0.662576	0.140985	-0.735606
23	-3.4645	0	0.85867	0.00482511	-0.512506
27	-3.4645	0	0.522585	-0.0915	-0.847663
29	-6.9285	0	0.60079	0.315064	-0.734702
33	-6.9285	0	0.493389	0.525352	-0.693234
35	-3.4645	0	0.390684	0.211967	-0.895788
39	-3.4645	0	0.0603257	0.445537	-0.893229
41	-6.9285	0	0.110306	0.256355	-0.960268
45	-6.9285	0	0.168188	-0.100074	-0.980662
47	-3.4645	0	-0.12536	0.0396017	-0.991321
51	-3.4645	0	-0.164828	0.319574	-0.933115
53	-6.9285	0	0.0791313	0.186289	-0.979303
57	-6.9285	0	0.0419489	0.42102	-0.906081
59	-3.4645	0	0.0993495	0.387787	-0.916379
63	-3.4645	0	0.220801	0.240766	-0.945134
65	-6.9285	0	0.133195	0.152766	-0.979245
69	-6.9285	0	0.269805	0.285652	-0.91957
71	-3.4645	0	0.581723	0.0241039	-0.81303
75	-3.4645	0	0.338841	-0.237222	-0.910446
77	-6.9285	0	0.408155	-0.314664	-0.856969
81	-6.9285	0	0.663095	-0.361376	-0.655525
83	-3.4645	0	0.915648	-0.298988	-0.268691
87	-3.4645	0	0.915254	-0.310246	-0.257018
89	-6.9285	0	0.794769	-0.392978	-0.462506
93	-6.9285	0	0.648864	-0.5542	-0.52138
95	-3.4645	0	0.851652	-0.429152	-0.300861
99	-3.4645	0	0.810289	-0.416721	-0.412037
101	-6.9285	0	0.649715	-0.752195	-0.109874
105	-6.9285	0	0.692416	-0.704909	-0.153828
107	-3.4645	0	0.762894	-0.619221	-0.185899
111	-3.4645	0	0.915993	-0.400188	-0.0284019
113	-6.9285	0	0.768532	-0.61796	0.165784
117	-6.9285	0	0.629102	-0.712033	-0.311832
119	-3.4645	0	0.761768	-0.632955	-0.13812
123	-3.4645	0	0.668556	-0.635145	-0.386812
125	-6.9285	0	0.720056	-0.633669	-0.282811
129	-6.9285	0	0.70511	-0.145401	-0.694031
131	-3.4645	0	0.852866	-0.146798	-0.501069
135	-3.4645	0	0.4536	0.0434511	-0.890145
137	-6.9285	0	0.418595	0.221714	-0.880693
141	-6.9285	0	0.295638	0.211383	-0.93162
143	-3.4645	0	0.43945	0.00991785	-0.898212
147	-3.4645	0	0.413846	0.0779423	-0.907004
149	-6.9285	0	0.340068	0.0479553	-0.939177
153	-6.9285	0	-0.0953086	0.0396085	-0.994659
155	-3.4645	0	0.213004	-0.0650951	-0.97488
159	-3.4645	0	0.195082	-0.00855758	-0.98075
161	-6.9285	0	0.450452	0.0801964	-0.889191
165	-6.9285	0	0.439898	0.375241	-0.815894
167	-3.4645	0	0.473541	0.163427	-0.865477
171	-3.4645	0	0.647196	-0.201686	-0.73516
173	-6.9285	0	0.216095	-0.0274434	-0.975987
177	-6.9285	0	0.442546	-0.186118	-0.877219
179	-3.4645	0	0.348118	-0.0545048	-0.935865
183	-3.4645	0	0.684428	0.0935529	-0.723053
185	-6.9285	0	0.382313	-0.291098	-0.876982
189	-6.9285	0	0.316676	-0.193584	-0.92857
191	-3.4645	0	0.261419	-0.428874	-0.864712
195	-3.4645	0	0.476343	-0.458055	-0.750522
197	-6.9285	0	0.214446	-0.466416	-0.858178
201	-6.9285	0	0.40184	-0.729561	-0.553413
203	-3.4645	0	0.877125	-0.469981	-0.0988373
207	-3.4645	0	0.756713	-0.533496	0.377846
209	-6.9285	0	0.295041	-0.725263	0.622049
213	-6.9285	0	0.181532	-0.777938	0.601547
215	-3.4645	0	0.216258	-0.62796	0.747595
219	-3.4645	0	0.00261547	-0.601697	0.79872
221	-6.9285	0	-0.313524	-0.606403	0.730738
225	-6.9285	0	-0.212891	-0.359369	0.908588
227	-3.4645	0	-0.226014	-0.637592	0.736474
231	-3.4645	0	-0.0481654	-0.180547	0.982386
233	-6.9285	0	-0.406146	0.16201	0.899332
237	-6.9285	0	-0.186852	0.0436394	0.981418
239	-3.4645	0	-0.100099	-0.0960313	0.990332
243	-3.4645	0	-0.46994	0.325098	0.820651
245	-6.9285	0	-0.175845	0.432557	0.884292
249	-6.9285	0	-0.520265	0.785154	0.335942
249	-0.0005	0	-0.168732	0.492358	0.853881
3	-121.244	0	-0.0951123	-0.539725	-0.836451
11	-121.244	0	-0.311731	-0.211812	-0.926261
15	-121.244	0	-0.272322	-0.602365	-0.750332
23	-121.244	0	-0.271357	-0.736549	-0.619565
27	-121.244	0	0.0566002	-0.873327	-0.483836
35	-121.244	0	-0.28539	-0.648054	-0.706101
39	-121.244	0	-0.457817	-0.433115	-0.776412
47	-121.244	0	-0.921939	-0.0507211	-0.384001
51	-121.244	0	-0.989994	0.00699606	-0.140935
59	-121.244	0	-0.56328	0.364148	0.741695
63	-121.244	0	-0.363678	0.220458	0.905062
71	-121.244	0	-0.515873	-0.185225	0.836401
75	-121.244	0	-0.414683	0.171902	0.893581
83	-121.244	0	-0.153443	0.126703	0.980001
87	-121.244	0	-0.381646	0.00545861	0.924293
95	-121.244	0	-0.289481	0.007171	0.957157
99	-121.244	0	-0.781499	0.0402232	0.622609
107	-121.244	0	-0.537585	-0.480997	0.692563
111	-121.244	0	-0.496322	-0.355434	0.792042
119	-121.244	0	-0.77052	-0.620934	-0.144016
123	-121.244	0	-0.705137	-0.655979	-0.269209
131	-121.244	0	-0.724794	-0.387389	-0.56974
135	-121.244	0	-0.558346	-0.175482	-0.810837
143	-121.244	0	-0.794746	-0.145749	-0.589182
147	-121.244	0	-0.680537	0.378841	-0.627176
155	-121.244	0	-0.369712	0.556915	-0.743747
159	-121.244	0	-0.369815	0.403562	-0.836884
167	-121.244	0	-0.238829	0.667423	-0.705341
171	-121.244	0	-0.698321	0.560003	-0.445807
179	-121.244	0	-0.900441	0.396839	0.178117
183	-121.244	0	-0.852339	0.426177	0.303136
191	-121.244	0	-0.979576	-0.0592022	-0.19216
195	-121.244	0	-0.611368	-0.222761	-0.759347
203	-121.244	0	-0.502458	0.173521	-0.84701
207	-121.244	0	-0.355652	0.0654486	-0.932324
215	-121.244	0	-0.383172	0.257246	-0.887132
219	-121.244	0	-0.234494	0.418177	-0.877576
227	-121.244	0	-0.415402	0.124352	-0.901098
231	-121.244	0	-0.667967	0.399383	-0.627944
239	-121.244	0	-0.571094	0.323557	-0.754429
243	-121.244	0	-0.575271	0.41821	-0.702967
3	-114.316	0	-0.611489	-0.396783	-0.684576
3	-107.388	0	-0.463444	-0.398406	-0.791513
3	-100.46	0	-0.184167	-0.116372	-0.975982
3	-93.5305	0	-0.318558	-0.223973	-0.921063
3	-86.6025	0	-0.344531	0.1043	-0.932963
3	-79.6745	0	-0.670637	-0.216413	-0.709515
3	-72.7465	0	-0.549178	0.0233726	-0.835378
3	-65.8185	0	-0.512587	0.122749	-0.849816
3	-58.8895	0	-0.241804	0.1057	-0.964551
3	-51.9615	0	0.348502	0.0590316	-0.935447
3	-45.0335	0	0.0144712	0.228639	-0.973404
3	-38.1055	0	0.15252	0.383811	-0.910729
3	-31.1775	0	-0.0806197	0.707619	-0.70198
3	-24.2485	0	0.153617	0.973592	0.168878
3	-17.3205	0	0.593834	0.41707	0.688051
3	-10.3925	0	0.606678	0.415295	0.677844
3	-3.4645	0	0.590659	0.0922279	0.801634
5	-0.0005	0	0.536036	-0.00898983	0.844147
9	-0.0005	0	0.851877	0.104084	0.513295
17	-0.0005	0	0.92111	-0.191496	-0.338948
21	-0.0005	0	0.705966	-0.242258	-0.665524
29	-0.0005	0	0.566778	0.0598191	-0.821696
33	-0.0005	0	0.173752	0.236774	-0.955902
41	-0.0005	0	-0.214261	0.20842	-0.954282
45	-0.0005	0	-0.281589	-0.100775	-0.954228
53	-0.0005	0	-0.131443	0.243724	-0.960896
57	-0.0005	0	-0.219038	0.470916	-0.854553
65	-0.0005	0	0.17254	0.315271	-0.933185
69	-0.0005	0	0.455124	-0.176158	-0.872829
77	-0.0005	0	0.87746	-0.403243	-0.259729
81	-0.0005	0	0.757209	-0.645156	0.102021
89	-0.0005	0	0.744996	-0.659918	0.0974073
93	-0.0005	0	0.743278	-0.651849	-0.150434
101	-0.0005	0	0.850504	-0.430269	-0.302508
105	-0.0005	0	0.722447	-0.629325	-0.28639
113	-0.0005	0	0.896135	-0.3967	-0.198924
117	-0.0005	0	0.924485	-0.347133	-0.157565
125	-0.0005	0	0.757105	-0.3443	-0.555203
129	-0.0005	0	0.680047	-0.0767163	-0.729144
137	-0.0005	0	0.782493	0.0335921	-0.621753
141	-0.0005	0	0.614975	-0.169488	-0.770117
149	-0.0005	0	0.149507	-0.252296	-0.956031
153	-0.0005	0	0.332982	-0.395821	-0.855832
161	-0.0005	0	0.499499	0.110713	-0.859211
165	-0.0005	0	0.400892	0.469803	-0.786493
173	-0.0005	0	0.59291	0.163259	-0.788546
177	-0.0005	0	0.426203	0.123853	-0.896109
185	-0.0005	0	0.647668	0.147092	-0.747589
189	-0.0005	0	0.698863	-0.00393958	-0.715245
197	-0.0005	0	0.667652	-0.276223	-0.691333
201	-0.0005	0	0.918437	-0.242852	-0.312243
209	-0.0005	0	0.875208	-0.138157	0.463598
213	-0.0005	0	0.402775	-0.49916	0.76721
221	-0.0005	0	-0.124285	-0.317885	0.939948
225	-0.0005	0	-0.356842	-0.379076	0.853795
233	-0.0005	0	-0.393686	-0.504228	0.768612
237	-0.0005	0	-0.0761096	-0.169004	0.982672
245	-0.0005	0	-0.316621	0.0450024	0.947484
5	6.9285	0	0.341589	-0.424883	0.838326
9	6.9285	0	0.626253	-0.753738	0.199214
11	10.3925	0	0.436215	-0.88058	-0.185192
15	10.3925	0	0.654466	-0.526511	-0.542642
17	6.9285	0	0.84916	-0.147749	-0.507049
21	6.9285	0	0.810848	-0.0257062	-0.584691
23	10.3925	0	0.601725	-0.498874	-0.623741
27	10.3925	0	0.406336	0.0282083	-0.913288
29	6.9285	0	0.579045	0.0696304	-0.812316
33	6.9285	0	0.248627	0.103954	-0.963005
35	10.3925	0	-0.209524	0.178073	-0.961452
39	10.3925	0	-0.354588	0.0943911	-0.930246
41	6.9285	0	-0.187752	0.182922	-0.965033
45	6.9285	0	-0.459238	0.358602	-0.812715
47	10.3925	0	-0.526144	-0.0211229	-0.850133
51	10.3925	0	-0.121352	0.653667	-0.74699
53	6.9285	0	-0.0968587	0.232265	-0.967818
57	6.9285	0	0.231005	0.279549	-0.931928
59	10.3925	0	-0.0446431	0.479668	-0.876314
63	10.3925	0	-0.159845	0.633951	-0.756674
65	6.9285	0	0.0769048	0.413638	-0.907188
69	6.9285	0	0.242557	0.0411346	-0.969265
71	10.3925	0	0.0438986	0.255536	-0.965802
75	10.3925	0	0.22126	-0.191586	-0.956211
77	6.9285	0	0.588416	-0.804424	0.0816611
81	6.9285	0	0.334204	-0.870482	0.361342
83	10.3925	0	-0.478772	-0.83301	0.277259
87	10.3925	0	-0.0768401	-0.732722	0.676176
89	6.9285	0	0.367672	-0.781376	0.504251
93	6.9285	0	0.512699	-0.857406	-0.044665
95	10.3925	0	0.264536	-0.949311	-0.169789
99	10.3925	0	0.551956	-0.740774	-0.382883
101	6.9285	0	0.676372	-0.348578	-0.648856
105	6.9285	0	0.722298	-0.150517	-0.675004
107	10.3925	0	0.938987	-0.243816	-0.242604
111	10.3925	0	0.874154	-0.158989	-0.458888
113	6.9285	0	0.72627	-0.440073	-0.528079
117	6.9285	0	0.508326	-0.702925	-0.497495
119	10.3925	0	0.833205	-0.135505	-0.536104
123	10.3925	0	0.768889	0.115411	-0.62888
125	6.9285	0	0.713961	0.120691	-0.689705
129	6.9285	0	0.712057	-0.182664	-0.677944
131	10.3925	0	0.566106	-0.235996	-0.789829
135	10.3925	0	0.760342	0.157811	-0.630061
137	6.9285	0	0.780318	0.103773	-0.616713
141	6.9285	0	0.744932	-0.304797	-0.593443
143	10.3925	0	0.802388	-0.300542	-0.515604
147	10.3925	0	0.907437	-0.171974	-0.383383
149	6.9285	0	0.63782	-0.137528	-0.757807
153	6.9285	0	0.498539	0.0497003	-0.865441
155	10.3925	0	0.853766	0.230847	-0.466684
159	10.3925	0	0.839901	0.109801	-0.531516
161	6.9285	0	0.505468	0.105149	-0.856415
165	6.9285	0	0.312838	0.305549	-0.899318
167	10.3925	0	0.696223	0.51676	-0.498229
171	10.3925	0	0.683194	0.482585	-0.548048
173	6.9285	0	0.709696	0.276039	-0.648177
177	6.9285	0	0.732735	0.43296	-0.52502
179	10.3925	0	0.799269	0.539485	-0.264811
183	10.3925	0	0.749771	0.54285	-0.378362
185	6.9285	0	0.781137	0.310515	-0.541669
189	6.9285	0	0.905926	0.0275356	-0.422541
191	10.3925	0	0.940641	0.192621	-0.279447
195	10.3925	0	0.975638	0.0370652	-0.216232
197	6.9285	0	0.964641	-0.192151	-0.180405
201	6.9285	0	0.983458	-0.180349	0.0168684
203	10.3925	0	0.955212	0.295812	-0.00802744
207	10.3925	0	0.894627	0.125206	0.428913
209	6.9285	0	0.797547	0.0706275	0.599109
213	6.9285	0	0.173104	-0.0680806	0.982548
215	10.3925	0	0.378211	0.301187	0.875353
219	10.3925	0	0.144386	0.368759	0.918243
221	6.9285	0	0.0818521	0.19439	0.977503
225	6.9285	0	-0.134346	-0.185058	0.973501
227	10.3925	0	-0.0514675	-0.129395	0.990256
231	10.3925	0	0.0277278	-0.218997	0.975332
233	6.9285	0	-0.242399	-0.618437	0.747515
237	6.9285	0	-0.348644	-0.265499	0.898865
239	10.3925	0	-0.16203	-0.0646387	0.984666
243	10.3925	0	-0.231454	-0.0774869	0.969755
245	6.9285	0	-0.514362	0.0149189	0.857444
249	6.9285	0	-0.179758	0.35281	0.918266
5	13.8565	0	-0.268441	-0.886274	0.377437
9	13.8565	0	0.0173041	-0.991242	0.130916
11	17.3205	0	-0.204617	-0.823405	-0.529278
15	17.3205	0	0.314452	-0.859113	-0.403787
17	13.8565	0	0.63389	-0.555413	-0.538237
21	13.8565	0	0.474034	-0.284217	-0.833374
23	17.3205	0	0.340983	-0.257949	-0.903987
27	17.3205	0	0.230113	-0.141603	-0.962807
29	13.8565	0	0.136804	0.0463472	-0.989513
33	13.8565	0	-0.0469571	0.134475	-0.989804
35	17.3205	0	0.218605	0.281673	-0.934276
39	17.3205	0	0.203328	0.246666	-0.94753
41	13.8565	0	-0.0886551	0.139745	-0.986211
45	13.8565	0	-0.31761	-0.0939105	-0.94356
47	17.3205	0	-0.272898	0.334226	-0.902119
51	17.3205	0	-0.172923	0.240741	-0.955061
53	13.8565	0	-0.202445	0.581328	-0.788083
57	13.8565	0	-0.368007	0.60483	-0.706224
59	17.3205	0	-0.458825	0.22119	-0.860555
63	17.3205	0	-0.56804	0.415183	-0.710601
65	13.8565	0	-0.473578	0.409022	-0.780016
69	13.8565	0	-0.58701	0.309694	-0.748004
71	17.3205	0	-0.783887	0.0659322	-0.617393
75	17.3205	0	-0.828368	0.175573	-0.53196
77	13.8565	0	-0.565411	-0.0168231	-0.824638
81	13.8565	0	-0.767704	-0.48273	-0.421429
83	17.3205	0	-0.972085	-0.139404	-0.188727
87	17.3205	0	-0.724093	-0.592699	0.3527
89	13.8565	0	-0.289058	-0.765584	0.574741
93	13.8565	0	0.216223	-0.95782	0.189286
95	17.3205	0	-0.26244	-0.962441	-0.0695197
99	17.3205	0	0.130759	-0.968075	-0.213853
101	13.8565	0	0.644608	-0.608594	-0.462702
105	13.8565	0	0.659648	-0.481299	-0.577248
107	17.3205	0	0.262333	-0.513131	-0.817238
111	17.3205	0	0.521263	-0.428584	-0.73797
113	13.8565	0	0.70321	0.00669345	-0.710951
117	13.8565	0	0.729661	0.104966	-0.675704
119	17.3205	0	0.593224	0.301078	-0.746617
123	17.3205	0	0.68639	0.228874	-0.69028
125	13.8565	0	0.718964	-0.00665243	-0.695016
129	13.8565	0	0.600193	-0.16197	-0.783284
131	17.3205	0	0.51182	0.114433	-0.851437
135	17.3205	0	0.698	0.345406	-0.627289
137	13.8565	0	0.697673	0.479025	-0.532718
141	13.8565	0	0.846738	0.462931	-0.262162
143	17.3205	0	0.865532	0.45211	0.215525
147	17.3205	0	0.980417	-0.10191	0.168515
149	13.8565	0	0.967026	0.0866874	-0.23947
153	13.8565	0	0.954721	0.282094	0.0944991
155	17.3205	0	0.996961	-0.0313886	-0.071298
159	17.3205	0	0.990953	0.133961	-0.00815108
161	13.8565	0	0.999053	0.0291849	0.0322742
165	13.8565	0	0.985948	0.162664	-0.0380283
167	17.3205	0	0.928997	0.255006	-0.268212
171	17.3205	0	0.707159	0.635709	-0.309518
173	13.8565	0	0.799999	0.483337	-0.355508
177	13.8565	0	0.716854	0.693263	-0.0742102
179	17.3205	0	0.525351	0.836361	0.156547
183	17.3205	0	0.481203	0.874845	0.0555885
185	13.8565	0	0.76423	0.615772	-0.191775
189	13.8565	0	0.65721	0.657832	-0.367875
191	17.3205	0	0.434827	0.892536	0.119605
195	17.3205	0	0.699332	0.710561	-0.0777031
197	13.8565	0	0.919345	0.392961	0.0196728
201	13.8565	0	0.970668	0.213408	-0.110731
203	17.3205	0	0.918485	0.392866	-0.0451834
207	17.3205	0	0.7854	0.587876	0.193775
209	13.8565	0	0.83304	0.49173	0.253467
213	13.8565	0	0.692758	0.513954	0.505903
215	17.3205	0	0.701729	0.441448	0.559196
219	17.3205	0	0.649638	0.352399	0.673636
221	13.8565	0	0.134522	-0.108606	0.984941
225	13.8565	0	0.0134842	-0.0591959	0.998155
227	17.3205	0	0.270322	-0.021316	0.962534
231	17.3205	0	0.195879	-0.0974681	0.975772
233	13.8565	0	0.143249	-0.0367809	0.989003
237	13.8565	0	-0.0552465	-0.00212522	0.99847
239	17.3205	0	-0.3076	-0.314153	0.898159
243	17.3205	0	-0.306138	-0.272202	0.912242
245	13.8565	0	-0.357013	-0.370456	0.857499
249	13.8565	0	-0.0202352	-0.0317535	0.999291
5	20.7845	0	-0.357027	-0.859688	-0.365333
9	20.7845	0	-0.240882	-0.904783	-0.351203
11	24.2485	0	-0.220061	-0.892179	-0.394448
15	24.2485	0	-0.0756538	-0.837459	-0.541238
17	20.7845	0	0.177918	-0.629944	-0.755987
21	20.7845	0	0.17235	-0.609014	-0.774208
23	24.2485	0	0.338098	-0.35216	-0.872739
27	24.2485	0	0.700364	-0.319605	-0.638235
29	20.7845	0	0.465271	0.0281126	-0.884722
33	20.7845	0	0.441702	0.206878	-0.872984
35	24.2485	0	0.250603	0.23329	-0.939561
39	24.2485	0	-0.170923	-0.0371206	-0.984585
41	20.7845	0	-0.41791	0.19182	-0.888007
45	20.7845	0	-0.481015	0.249527	-0.840453
47	24.2485	0	-0.770106	0.240304	-0.590924
51	24.2485	0	-0.471201	0.0347819	-0.88134
53	20.7845	0	-0.309931	0.118827	-0.943304
57	20.7845	0	-0.488217	-0.091538	-0.867908
59	24.2485	0	-0.785644	0.232789	-0.573212
63	24.2485	0	-0.829883	0.167702	-0.532138
65	20.7845	0	-0.841604	0.147532	-0.519555
69	20.7845	0	-0.89136	0.30392	-0.336319
71	24.2485	0	-0.996516	0.0530934	-0.0643158
75	24.2485	0	-0.999066	-0.0345369	-0.0259709
77	20.7845	0	-0.937514	-0.0956779	-0.334534
81	20.7845	0	-0.994263	-0.0804786	-0.0704529
83	24.2485	0	-0.873293	-0.452334	0.180981
87	24.2485	0	-0.740992	-0.610793	0.279038
89	20.7845	0	-0.78665	-0.545873	0.288451
93	20.7845	0	-0.454872	-0.881504	0.126656
95	24.2485	0	-0.451354	-0.784991	-0.424344
99	24.2485	0	-0.13614	-0.635186	-0.760266
101	20.7845	0	-0.0650653	-0.591475	-0.803694
105	20.7845	0	0.0331722	-0.768866	-0.638549
107	24.2485	0	-0.32942	-0.367942	-0.869541
111	24.2485	0	0.278536	-0.210824	-0.937001
113	20.7845	0	0.667216	-0.0947265	-0.738817
117	20.7845	0	0.668784	-0.03535	-0.742616
119	24.2485	0	0.393964	-0.236317	-0.888227
123	24.2485	0	0.536529	-0.0839202	-0.839699
125	20.7845	0	0.699421	0.17682	-0.692492
129	20.7845	0	0.480023	0.169395	-0.860746
131	24.2485	0	-0.0170691	0.572114	-0.819997
135	24.2485	0	0.337271	0.584705	-0.737813
137	20.7845	0	0.590682	0.71176	-0.380123
141	20.7845	0	0.760369	0.582314	-0.287663
143	24.2485	0	0.869855	0.427737	-0.24575
147	24.2485	0	0.833533	0.442704	-0.330509
149	20.7845	0	0.84683	0.499681	-0.182202
153	20.7845	0	0.961058	0.238801	-0.139078
155	24.2485	0	0.92221	0.386368	-0.0157435
159	24.2485	0	0.782404	0.508353	0.359751
161	20.7845	0	0.773143	0.63176	0.0559451
165	20.7845	0	0.779162	0.575269	-0.248941
167	24.2485	0	0.802817	0.583759	0.121286
171	24.2485	0	0.51858	0.645227	0.561033
173	20.7845	0	0.565282	0.821705	0.0725067
177	20.7845	0	0.57968	0.746827	0.325917
179	24.2485	0	-0.0118187	0.459853	0.887916
183	24.2485	0	0.00342898	0.733769	0.679391
185	20.7845	0	0.133598	0.908522	0.395904
189	20.7845	0	0.758677	0.640934	0.116676
191	24.2485	0	0.294439	0.728889	0.618083
195	24.2485	0	0.452796	0.734082	0.506063
197	20.7845	0	0.512337	0.857696	-0.0432244
201	20.7845	0	0.696374	0.699168	0.161947
203	24.2485	0	0.490378	0.824329	-0.282862
207	24.2485	0	0.801571	0.596752	-0.0370198
209	20.7845	0	0.753368	0.630335	-0.187388
213	20.7845	0	0.821103	0.52832	0.216028
215	24.2485	0	0.727506	0.625952	0.280927
219	24.2485	0	0.472621	0.579538	0.663901
221	20.7845	0	0.484772	0.178887	0.856151
225	20.7845	0	0.272109	0.157488	0.949291
227	24.2485	0	0.307497	0.383677	0.870769
231	24.2485	0	0.346902	0.392911	0.851633
233	20.7845	0	0.142854	0.293192	0.945321
237	20.7845	0	-0.140949	0.234392	0.96187
239	24.2485	0	0.0590181	0.209307	0.976067
243	24.2485	0	-0.0139383	-0.344994	0.938502
245	20.7845	0	-0.326994	-0.271113	0.905303
249	20.7845	0	-0.235044	-0.785292	0.572775
5	27.7125	0	-0.374133	-0.678035	-0.632687
9	27.7125	0	-0.486124	-0.690876	-0.535139
11	31.1765	0	-0.214952	-0.572823	-0.790993
15	31.1765	0	-0.186489	-0.526521	-0.829456
17	27.7125	0	0.00982691	-0.637925	-0.770035
21	27.7125	0	0.237013	-0.610872	-0.755421
23	31.1765	0	-0.0486803	-0.599596	-0.798821
27	31.1765	0	0.604853	-0.319613	-0.729383
29	27.7125	0	0.639022	0.0758464	-0.76544
33	27.7125	0	0.479846	0.101191	-0.871498
35	31.1765	0	0.048274	0.273962	-0.960528
39	31.1765	0	-0.375797	0.290323	-0.880051
41	27.7125	0	-0.495421	0.172786	-0.851295
45	27.7125	0	-0.826137	0.145382	-0.544392
47	31.1765	0	-0.911562	0.0305171	-0.410029
51	31.1765	0	-0.973242	0.0394141	-0.226378
53	27.7125	0	-0.700657	0.163142	-0.694597
57	27.7125	0	-0.932167	-0.0549489	-0.357833
59	31.1765	0	-0.976109	-0.079337	-0.202277
63	31.1765	0	-0.983641	0.00358691	-0.180106
65	27.7125	0	-0.828151	-0.00787967	-0.56045
69	27.7125	0	-0.988829	-0.0891173	0.119479
71	31.1765	0	-0.979277	0.0618191	0.192861
75	31.1765	0	-0.981846	0.061359	0.179484
77	27.7125	0	-0.95629	-0.00319304	0.292402
81	27.7125	0	-0.892644	-0.319578	0.317893
83	31.1765	0	-0.75355	-0.0643402	0.654234
87	31.1765	0	-0.672961	-0.319944	0.666902
89	27.7125	0	-0.831291	-0.517284	-0.203402
93	27.7125	0	-0.789947	-0.430248	-0.436887
95	31.1765	0	-0.943645	-0.158069	-0.290771
99	31.1765	0	-0.621356	-0.556406	-0.551659
101	27.7125	0	-0.531038	-0.536039	-0.656247
105	27.7125	0	-0.180178	-0.595244	-0.783084
107	31.1765	0	-0.0202226	-0.360365	-0.932592
111	31.1765	0	0.397432	-0.179314	-0.899941
113	27.7125	0	0.167479	-0.44678	-0.878828
117	27.7125	0	0.0263617	-0.297901	-0.954233
119	31.1765	0	0.037012	0.178603	-0.983225
123	31.1765	0	0.114576	-0.164876	-0.979637
125	27.7125	0	0.255887	0.0314288	-0.966196
129	27.7125	0	-0.135709	0.0894607	-0.986701
131	31.1765	0	0.226359	-0.0277506	-0.973649
135	31.1765	0	0.199665	0.0308658	-0.979378
137	27.7125	0	0.452195	0.622052	-0.639195
141	27.7125	0	0.598816	0.630978	-0.49324
143	31.1765	0	0.64869	0.543991	-0.532236
147	31.1765	0	0.760128	0.374103	-0.531275
149	27.7125	0	0.930946	0.303179	-0.203526
153	27.7125	0	0.862509	0.502038	0.0635297
155	31.1765	0	0.467101	0.849376	-0.245719
159	31.1765	0	0.378411	0.865425	-0.328398
161	27.7125	0	0.571369	0.784363	-0.241479
165	27.7125	0	0.194202	0.967879	-0.159672
167	31.1765	0	-0.191834	0.879483	0.435556
171	31.1765	0	0.0791247	0.714187	0.695469
173	27.7125	0	0.118903	0.642869	0.756691
177	27.7125	0	0.0379052	0.484077	0.874204
179	31.1765	0	-0.0689492	-0.14525	0.98699
183	31.1765	0	-0.40692	-0.047489	0.912228
185	27.7125	0	-0.105554	0.374644	0.921141
189	27.7125	0	-0.197713	0.605266	0.771079
191	31.1765	0	-0.459707	0.671206	0.581509
195	31.1765	0	-0.510427	0.85349	0.104975
197	27.7125	0	0.10714	0.984232	0.14074
201	27.7125	0	0.0813893	0.987819	-0.132622
203	31.1765	0	0.147725	0.836421	-0.527804
207	31.1765	0	0.261048	0.941378	-0.213686
209	27.7125	0	0.577376	0.778724	-0.24541
213	27.7125	0	0.34843	0.932947	-0.0905896
215	31.1765	0	0.0531641	0.993807	-0.0975718
219	31.1765	0	0.0284715	0.992265	0.120825
221	27.7125	0	0.0434464	0.764742	0.64287
225	27.7125	0	0.137185	0.625307	0.768226
227	31.1765	0	0.38025	0.825025	0.418023
231	31.1765	0	0.553154	0.614045	0.563
233	27.7125	0	0.394063	0.380699	0.83653
237	27.7125	0	0.583984	0.146975	0.798349
239	31.1765	0	0.667832	-0.253198	0.699922
243	31.1765	0	0.635109	-0.0702177	0.769224
245	27.7125	0	0.551178	-0.0297963	0.833856
249	27.7125	0	0.531327	-0.277646	0.800378
5	34.6405	0	-0.430919	-0.656097	-0.619552
9	34.6405	0	-0.21656	-0.564527	-0.796499
11	38.1045	0	0.287694	-0.236278	-0.928119
15	38.1045	0	0.352368	-0.249067	-0.90211
17	34.6405	0	-0.0945352	-0.370249	-0.92411
21	34.6405	0	-0.0836023	-0.490093	-0.867652
23	38.1045	0	0.45512	-0.291665	-0.841307
27	38.1045	0	0.458364	0.0573337	-0.886913
29	34.6405	0	0.521388	0.0447483	-0.852146
33	34.6405	0	0.524329	0.14363	-0.839315
35	38.1045	0	0.401236	0.354753	-0.844488
39	38.1045	0	-0.285691	0.880179	-0.379032
41	34.6405	0	-0.319735	0.744315	-0.586315
45	34.6405	0	-0.820436	0.547009	-0.166329
47	38.1045	0	-0.83747	0.540128	0.0831035
51	38.1045	0	-0.823901	0.558026	-0.0989635
53	34.6405	0	-0.968646	0.213591	-0.126902
57	34.6405	0	-0.935289	0.227963	0.270678
59	38.1045	0	-0.881749	0.172016	0.439237
63	38.1045	0	-0.952781	-0.0711838	0.295198
65	34.6405	0	-0.906566	0.386141	0.170388
69	34.6405	0	-0.935961	0.00398008	0.352081
71	38.1045	0	-0.599731	0.231187	0.766078
75	38.1045	0	-0.658487	0.0559427	0.75051
77	34.6405	0	-0.782847	0.0775644	0.617361
81	34.6405	0	-0.786454	0.165403	0.59509
83	38.1045	0	-0.88496	-0.059381	0.461866
87	38.1045	0	-0.943888	-0.157124	0.290496
89	34.6405	0	-0.911574	-0.331883	0.242667
93	34.6405	0	-0.98103	-0.0850739	0.174189
95	38.1045	0	-0.963468	-0.12395	-0.237416
99	38.1045	0	-0.807195	-0.122325	-0.577471
101	34.6405	0	-0.783163	0.0516972	-0.619663
105	34.6405	0	-0.303817	-0.17296	-0.936899
107	38.1045	0	-0.0388322	-0.160681	-0.986242
111	38.1045	0	0.152523	0.020259	-0.988092
113	34.6405	0	0.443203	0.0261478	-0.89604
117	34.6405	0	0.391009	0.366195	-0.844401
119	38.1045	0	0.131452	-0.210542	-0.968707
123	38.1045	0	0.170876	0.0601596	-0.983454
125	34.6405	0	0.0539921	0.0179102	-0.998381
129	34.6405	0	0.156091	0.376491	-0.913176
131	38.1045	0	-0.194871	0.17454	-0.965174
135	38.1045	0	-0.114752	0.0810716	-0.990081
137	34.6405	0	-0.143538	-0.00815041	-0.989611
141	34.6405	0	0.406414	0.350971	-0.843592
143	38.1045	0	0.386778	0.211119	-0.897681
147	38.1045	0	-0.0390027	0.646974	-0.761514
149	34.6405	0	0.525758	0.710074	-0.468373
153	34.6405	0	0.196842	0.930399	-0.30921
155	38.1045	0	0.102764	0.944663	-0.311531
159	38.1045	0	0.119755	0.948378	-0.293662
161	34.6405	0	0.179176	0.974204	-0.137197
165	34.6405	0	-0.243802	0.884468	0.397841
167	38.1045	0	-0.287286	0.940848	0.179642
171	38.1045	0	-0.375402	0.780204	0.500355
173	34.6405	0	-0.350361	0.431326	0.831387
177	34.6405	0	0.178137	-0.00895275	0.983965
179	38.1045	0	-0.0613622	-0.0390856	0.99735
183	38.1045	0	-0.232213	0.322716	0.917568
185	34.6405	0	-0.39509	0.417184	0.818451
189	34.6405	0	-0.46591	0.503463	0.727635
191	38.1045	0	-0.829222	0.223858	0.512131
195	38.1045	0	-0.795237	0.576846	0.186676
197	34.6405	0	-0.521608	0.810235	-0.267292
201	34.6405	0	-0.0666407	0.866755	-0.494262
203	38.1045	0	-0.485645	0.831956	-0.268324
207	38.1045	0	-0.167415	0.918251	-0.358869
209	34.6405	0	-0.149489	0.932739	-0.328103
213	34.6405	0	-0.0618378	0.99589	-0.0661805
215	38.1045	0	0.115677	0.904465	-0.410563
219	38.1045	0	-0.113351	0.990828	-0.0735572
221	34.6405	0	0.236325	0.964462	0.118171
225	34.6405	0	0.521987	0.820425	0.233308
227	38.1045	0	0.502462	0.832528	0.2333
231	38.1045	0	0.621068	0.68025	0.389275
233	34.6405	0	0.53121	0.499628	0.684243
237	34.6405	0	0.532885	0.232712	0.813559
239	38.1045	0	0.794884	0.0452039	0.605076
243	38.1045	0	0.37823	0.0496914	0.924377
245	34.6405	0	0.516126	-0.0668621	0.853899
249	34.6405	0	0.490139	-0.295325	0.82009
5	41.5695	0	0.0801982	-0.827777	-0.555296
9	41.5695	0	0.26781	-0.578013	-0.77083
11	45.0335	0	0.566867	-0.273762	-0.776992
15	45.0335	0	0.382866	-0.196015	-0.902769
17	41.5695	0	0.318227	-0.244598	-0.915917
21	41.5695	0	0.52974	-0.0641709	-0.845729
23	45.0335	0	0.466777	-0.19465	-0.862688
27	45.0335	0	0.643899	0.128034	-0.754322
29	41.5695	0	0.505748	-0.414975	-0.756317
33	41.5695	0	0.208984	0.323016	-0.923031
35	45.0335	0	0.0338171	0.805195	-0.592045
39	45.0335	0	-0.152369	0.988322	0.00152161
41	41.5695	0	-0.328326	0.804332	0.495229
45	41.5695	0	-0.169755	0.973905	0.150637
47	45.0335	0	-0.49325	0.718	0.491101
51	45.0335	0	-0.500345	0.366017	0.784657
53	41.5695	0	-0.793383	0.209527	0.571526
57	41.5695	0	-0.650733	0.358633	0.669275
59	45.0335	0	-0.377668	0.363629	0.851552
63	45.0335	0	-0.601196	-0.0176916	0.798906
65	41.5695	0	-0.719495	-0.525374	0.454212
69	41.5695	0	-0.564306	-0.159034	0.810103
71	45.0335	0	-0.627432	-0.0536035	0.776824
75	45.0335	0	-0.792896	-0.182454	0.5814
77	41.5695	0	-0.864736	0.0549889	0.499207
81	41.5695	0	-0.950374	-0.0338547	0.309262
83	45.0335	0	-0.961375	-0.138162	0.238054
87	45.0335	0	-0.967226	0.0212874	0.253022
89	41.5695	0	-0.97223	-0.112853	0.20502
93	41.5695	0	-0.989612	-0.0357512	-0.139245
95	45.0335	0	-0.878066	-0.13197	-0.459983
99	45.0335	0	-0.485786	0.12041	-0.865745
101	41.5695	0	-0.58006	-0.367856	-0.726782
105	41.5695	0	-0.532739	-0.193016	-0.823975
107	45.0335	0	-0.487736	-0.104005	-0.866774
111	45.0335	0	-0.000431038	-0.333481	-0.942757
113	41.5695	0	0.152118	-0.0481012	-0.987191
117	41.5695	0	0.0236155	-0.251774	-0.967498
119	45.0335	0	0.019298	-0.00836917	-0.999779
123	45.0335	0	0.0579923	0.0442239	-0.997337
125	41.5695	0	-0.131815	-0.0579146	-0.989581
129	41.5695	0	-0.184607	0.107478	-0.976918
131	45.0335	0	0.0241846	0.242841	-0.969765
135	45.0335	0	-0.0794823	0.0450035	-0.99582
137	41.5695	0	0.0704182	0.0451138	-0.996497
141	41.5695	0	0.384456	0.137164	-0.912896
143	45.0335	0	0.19047	0.241204	-0.9516
147	45.0335	0	0.366004	0.259566	-0.893682
149	41.5695	0	0.192485	0.610427	-0.768328
153	41.5695	0	0.18237	0.863438	-0.470336
155	45.0335	0	0.40959	0.730271	-0.546754
159	45.0335	0	0.077322	0.973664	-0.214477
161	41.5695	0	0.110143	0.972242	-0.20643
165	41.5695	0	-0.334917	0.929371	0.15524
167	45.0335	0	-0.233794	0.886389	0.399569
171	45.0335	0	0.000211696	0.645846	0.763468
173	41.5695	0	-0.22704	0.618241	0.752483
177	41.5695	0	-0.215493	0.31119	0.925594
179	45.0335	0	-0.273732	0.406975	0.87146
183	45.0335	0	-0.576521	0.182395	0.796465
185	41.5695	0	-0.580372	0.22717	0.782024
189	41.5695	0	-0.686122	0.0719053	0.723924
191	45.0335	0	-0.800532	0.16559	0.575959
195	45.0335	0	-0.793326	0.387933	0.469193
197	41.5695	0	-0.539062	0.840877	0.0483543
201	41.5695	0	-0.340936	0.922703	0.179952
203	45.0335	0	-0.356622	0.915467	0.186388
207	45.0335	0	-0.285932	0.95684	-0.051969
209	41.5695	0	-0.184051	0.981274	-0.0568063
213	41.5695	0	0.0883688	0.976789	-0.195126
215	45.0335	0	0.00957587	0.99436	-0.105623
219	45.0335	0	-0.280725	0.933162	0.224504
221	41.5695	0	0.108713	0.971865	0.20895
225	41.5695	0	0.2036	0.976276	-0.0737102
227	45.0335	0	0.171193	0.982583	0.0722775
231	45.0335	0	0.274968	0.893475	0.3551
233	41.5695	0	0.648258	0.586376	0.485721
237	41.5695	0	0.225625	0.307135	0.924533
239	45.0335	0	-0.0398559	0.441724	0.896265
243	45.0335	0	-0.194956	0.323554	0.925908
245	41.5695	0	0.164211	0.0482797	0.985243
249	41.5695	0	-0.0288685	-0.22602	0.973695
5	48.4975	0	0.129614	-0.545465	-0.828051
9	48.4975	0	0.397728	-0.519622	-0.756178
11	51.9615	0	0.713921	-0.249519	-0.654261
15	51.9615	0	0.380313	-0.303631	-0.873596
17	48.4975	0	0.300745	-0.178948	-0.936766
21	48.4975	0	0.479813	-0.243764	-0.842828
23	51.9615	0	0.769273	0.0551396	-0.636537
27	51.9615	0	0.691435	0.498487	-0.522903
29	48.4975	0	0.232653	0.697525	-0.67774
33	48.4975	0	0.381899	0.801175	-0.460729
35	51.9615	0	0.102909	0.960463	0.258689
39	51.9615	0	-0.00254384	0.85266	0.522461
41	48.4975	0	-0.345562	0.900939	0.262481
45	48.4975	0	-0.33834	0.662321	0.668474
47	51.9615	0	-0.0384302	0.565742	0.823686
51	51.9615	0	-0.178144	0.354133	0.918071
53	48.4975	0	-0.0863949	0.710342	0.698534
57	48.4975	0	-0.208942	0.472569	0.856167
59	51.9615	0	-0.286624	0.369875	0.883764
63	51.9615	0	-0.417334	-0.108857	0.90221
65	48.4975	0	-0.347641	0.158431	0.924146
69	48.4975	0	-0.378136	-0.0712873	0.923001
71	51.9615	0	-0.512539	-0.340772	0.788149
75	51.9615	0	-0.683466	-0.260226	0.682024
77	48.4975	0	-0.845861	-0.0334081	0.532356
81	48.4975	0	-0.879753	0.0662966	0.470786
83	51.9615	0	-0.836265	-0.203957	0.508982
87	51.9615	0	-0.935984	-0.320124	0.146475
89	48.4975	0	-0.944466	-0.233688	0.231026
93	48.4975	0	-0.901112	-0.275478	-0.334826
95	51.9615	0	-0.802822	-0.0490566	-0.594197
99	51.9615	0	-0.605205	-0.514384	-0.607566
101	48.4975	0	-0.439951	-0.106834	-0.891644
105	48.4975	0	-0.212493	-0.278751	-0.93656
107	51.9615	0	-0.143656	-0.118037	-0.982563
111	51.9615	0	0.434548	-0.329071	-0.83838
113	48.4975	0	0.309353	-0.265601	-0.913103
117	48.4975	0	0.306402	-0.588865	-0.747902
119	51.9615	0	0.196872	-0.666236	-0.719285
123	51.9615	0	0.192262	-0.419422	-0.887198
125	48.4975	0	0.115052	-0.175638	-0.977709
129	48.4975	0	0.250256	-0.0585204	-0.966409
131	51.9615	0	0.389527	0.136211	-0.910887
135	51.9615	0	0.136243	0.0405605	-0.989845
137	48.4975	0	0.0621155	0.24748	-0.9669
141	48.4975	0	0.231937	0.263664	-0.936316
143	51.9615	0	0.39561	0.278491	-0.875178
147	51.9615	0	0.248657	0.464403	-0.85
149	48.4975	0	0.39126	0.375703	-0.840097
153	48.4975	0	0.30652	0.610436	-0.730351
155	51.9615	0	0.192773	0.76816	-0.610548
159	51.9615	0	0.307677	0.893332	-0.327557
161	48.4975	0	0.0681597	0.930155	-0.360784
165	48.4975	0	0.0646529	0.94963	0.306632
167	51.9615	0	-0.393549	0.764177	0.511031
171	51.9615	0	-0.310269	0.448117	0.838406
173	48.4975	0	-0.109918	0.482196	0.86914
177	48.4975	0	-0.405983	0.544828	0.733717
179	51.9615	0	-0.279564	0.364716	0.888159
183	51.9615	0	-0.376392	-0.0319089	0.925911
185	48.4975	0	-0.648134	0.0244517	0.761134
189	48.4975	0	-0.776106	-0.0194086	0.630304
191	51.9615	0	-0.80073	0.029291	0.598309
195	51.9615	0	-0.77842	0.0386863	0.62655
197	48.4975	0	-0.87602	0.129472	0.464571
201	48.4975	0	-0.854919	0.497776	0.146053
203	51.9615	0	-0.839026	0.529421	0.125495
207	51.9615	0	-0.446582	0.881871	0.151226
209	48.4975	0	-0.212893	0.976231	0.0406054
213	48.4975	0	0.100604	0.994745	-0.0190018
215	51.9615	0	0.2048	0.74687	0.632647
219	51.9615	0	0.336074	0.919064	0.205854
221	48.4975	0	0.281564	0.933904	0.220328
225	48.4975	0	0.199837	0.699087	0.686544
227	51.9615	0	0.357096	0.80774	0.469083
231	51.9615	0	-0.176971	0.732465	0.657401
233	48.4975	0	-0.31027	0.593661	0.742495
237	48.4975	0	-0.0881427	0.5852	0.806084
239	51.9615	0	-0.228854	0.750105	0.620458
243	51.9615	0	-0.596593	0.432657	0.675932
245	48.4975	0	-0.572608	0.21289	0.791706
249	48.4975	0	-0.448938	0.568775	0.689166
5	55.4255	0	0.411864	-0.120232	-0.903279
9	55.4255	0	0.50309	-0.374632	-0.778814
11	58.8895	0	0.512983	-0.362332	-0.77818
15	58.8895	0	0.734775	-0.0802422	-0.673549
17	55.4255	0	0.507065	-0.175307	-0.843891
21	55.4255	0	0.896695	0.121838	-0.425552
23	58.8895	0	0.970322	0.0860424	0.225989
27	58.8895	0	0.862447	0.247803	0.441337
29	55.4255	0	0.718306	0.688216	0.101952
33	55.4255	0	0.498354	0.82423	0.268866
35	58.8895	0	0.395061	0.829874	0.393999
39	58.8895	0	0.542418	0.507786	0.669281
41	55.4255	0	0.222336	0.416545	0.881509
45	55.4255	0	0.129521	0.48343	0.865748
47	58.8895	0	-0.305275	0.317264	0.897859
51	58.8895	0	-0.114044	0.20778	0.971505
53	55.4255	0	-0.138186	0.578725	0.80373
57	55.4255	0	-0.403924	0.30924	0.860939
59	58.8895	0	-0.321684	0.0362036	0.946155
63	58.8895	0	-0.484224	-0.18436	0.8553
65	55.4255	0	-0.46946	0.119157	0.874876
69	55.4255	0	-0.412232	-0.0726945	0.908174
71	58.8895	0	-0.379749	-0.0586405	0.923229
75	58.8895	0	-0.473899	-0.145643	0.868452
77	55.4255	0	-0.577805	-0.179739	0.796138
81	55.4255	0	-0.765011	0.0342439	0.643106
83	58.8895	0	-0.88343	-0.150813	0.443628
87	58.8895	0	-0.849992	-0.402939	0.339343
89	55.4255	0	-0.81247	-0.574645	-0.0983607
93	55.4255	0	-0.936927	-0.179352	-0.300001
95	58.8895	0	-0.750348	-0.574592	-0.326836
99	58.8895	0	-0.636219	-0.46101	-0.618623
101	55.4255	0	-0.600114	-0.589842	-0.540324
105	55.4255	0	-0.112892	-0.628923	-0.769228
107	58.8895	0	-0.13449	-0.62396	-0.769797
111	58.8895	0	0.500916	-0.469061	-0.727369
113	55.4255	0	0.431889	-0.525764	-0.732833
117	55.4255	0	0.206989	-0.572676	-0.79322
119	58.8895	0	0.268994	-0.376605	-0.88646
123	58.8895	0	0.22805	0.00617642	-0.97363
125	55.4255	0	0.105426	-0.316404	-0.942748
129	55.4255	0	0.299207	0.109488	-0.947886
131	58.8895	0	0.321759	-0.0222465	-0.94656
135	58.8895	0	0.232425	0.0815967	-0.969185
137	55.4255	0	0.201497	-0.0895862	-0.975384
141	55.4255	0	-0.0753939	0.0655556	-0.994997
143	58.8895	0	-0.0378709	0.0534515	-0.997852
147	58.8895	0	-0.215325	0.264629	-0.940003
149	55.4255	0	0.138288	0.545482	-0.826635
153	55.4255	0	-0.110174	0.606652	-0.787296
155	58.8895	0	-0.383616	0.547626	-0.743603
159	58.8895	0	0.105178	0.946293	-0.305725
161	55.4255	0	0.0562299	0.959718	-0.27528
165	55.4255	0	-0.241002	0.969911	-0.0345053
167	58.8895	0	-0.397832	0.898554	0.185286
171	58.8895	0	-0.370316	0.777456	0.508359
173	55.4255	0	-0.228259	0.668206	0.708095
177	55.4255	0	-0.0517768	0.616531	0.785626
179	58.8895	0	-0.289732	0.593046	0.751234
183	58.8895	0	-0.444614	0.241907	0.862438
185	55.4255	0	-0.665475	0.343479	0.662696
189	55.4255	0	-0.69468	0.466121	0.54786
191	58.8895	0	-0.690842	0.43353	0.578609
195	58.8895	0	-0.709309	0.246958	0.660222
197	55.4255	0	-0.80285	0.11623	0.584741
201	55.4255	0	-0.857087	0.392948	0.333157
203	58.8895	0	-0.725782	0.574859	0.377858
207	58.8895	0	-0.543089	0.727685	0.418961
209	55.4255	0	-0.435619	0.822077	0.366641
213	55.4255	0	0.072712	0.869022	0.489401
215	58.8895	0	-0.0201045	0.86573	0.500107
219	58.8895	0	0.115874	0.941153	0.317497
221	55.4255	0	0.285175	0.884831	0.368441
225	55.4255	0	0.258659	0.778501	0.571867
227	58.8895	0	-0.107402	0.750384	0.652219
231	58.8895	0	-0.0841405	0.610893	0.787229
233	55.4255	0	0.0120002	0.806171	0.591561
237	55.4255	0	-0.0659461	0.814236	0.576777
239	58.8895	0	-0.404905	0.678377	0.613071
243	58.8895	0	-0.510294	0.638635	0.575973
245	55.4255	0	-0.59567	0.58192	0.553666
249	55.4255	0	-0.620803	0.718408	0.313836
5	62.3535	0	0.484567	-0.29781	-0.822499
9	62.3535	0	0.625835	-0.445986	-0.639865
11	65.8175	0	0.711944	-0.0247729	-0.701799
15	65.8175	0	0.868078	-0.235225	-0.437162
17	62.3535	0	0.978859	-0.165933	-0.119589
21	62.3535	0	0.978449	-0.139554	-0.152194
23	65.8175	0	0.916071	-0.359703	0.177277
27	65.8175	0	0.703853	-0.380526	0.599825
29	62.3535	0	0.560587	0.22058	0.798177
33	62.3535	0	0.540139	0.496571	0.679461
35	65.8175	0	0.428903	0.372814	0.822832
39	65.8175	0	0.0910519	0.419091	0.903367
41	62.3535	0	0.442443	0.40931	0.797941
45	62.3535	0	0.130143	0.172836	0.976315
47	65.8175	0	-0.143232	-0.0908784	0.985508
51	65.8175	0	-0.282134	-0.0976357	0.954394
53	62.3535	0	-0.157207	0.179141	0.971182
57	62.3535	0	-0.417307	0.165503	0.893568
59	65.8175	0	-0.280569	0.163556	0.945796
63	65.8175	0	-0.124874	0.144053	0.981659
65	62.3535	0	-0.159506	-0.039673	0.9864
69	62.3535	0	-0.318129	0.00865818	0.948008
71	65.8175	0	-0.597929	0.136801	0.789789
75	65.8175	0	-0.465982	0.201572	0.861527
77	62.3535	0	-0.502248	-0.00592752	0.864703
81	62.3535	0	-0.68961	-0.336881	0.641053
83	65.8175	0	-0.397072	-0.737885	0.545765
87	65.8175	0	-0.522902	-0.80563	0.27845
89	62.3535	0	-0.783963	-0.538795	0.308386
93	62.3535	0	-0.682432	-0.685298	-0.25427
95	65.8175	0	-0.172625	-0.861182	-0.478086
99	65.8175	0	-0.378485	-0.629346	-0.678729
101	62.3535	0	0.148465	-0.585607	-0.796883
105	62.3535	0	0.155664	-0.579725	-0.799805
107	65.8175	0	0.175762	-0.65057	-0.738828
111	65.8175	0	0.238212	-0.536869	-0.809337
113	62.3535	0	0.0457406	-0.64748	-0.760708
117	62.3535	0	0.376303	-0.487486	-0.787879
119	65.8175	0	0.731094	-0.23469	-0.640642
123	65.8175	0	0.642678	-0.0754836	-0.762409
125	62.3535	0	0.33434	-0.254366	-0.907477
129	62.3535	0	0.344691	-0.122229	-0.930725
131	65.8175	0	0.201311	0.146289	-0.968542
135	65.8175	0	0.0477593	0.163405	-0.985402
137	62.3535	0	-0.0784463	0.0403879	-0.9961
141	62.3535	0	0.09667	0.363406	-0.926602
143	65.8175	0	-0.217052	0.529713	-0.819934
147	65.8175	0	-0.280957	0.683354	-0.673862
149	62.3535	0	-0.224634	0.461904	-0.858012
153	62.3535	0	-0.168083	0.495096	-0.852425
155	65.8175	0	-0.179787	0.780775	-0.598388
159	65.8175	0	-0.133218	0.860167	-0.492307
161	62.3535	0	-0.105678	0.962474	-0.24995
165	62.3535	0	-0.424877	0.887426	0.178756
167	65.8175	0	-0.408771	0.631593	0.658784
171	65.8175	0	-0.236546	0.687523	0.686555
173	62.3535	0	-0.0636602	0.523614	0.849574
177	62.3535	0	-0.164205	0.696211	0.698804
179	65.8175	0	-0.282643	0.328135	0.901355
183	65.8175	0	-0.477158	0.288889	0.829978
185	62.3535	0	-0.638737	0.227875	0.734907
189	62.3535	0	-0.381997	0.360313	0.85103
191	65.8175	0	-0.568373	0.471475	0.674287
195	65.8175	0	-0.571616	0.286019	0.769057
197	62.3535	0	-0.534703	0.331629	0.777248
201	62.3535	0	-0.523836	0.400894	0.751585
203	65.8175	0	-0.518038	0.429868	0.739493
207	65.8175	0	-0.367926	0.50109	0.783287
209	62.3535	0	-0.228353	0.778534	0.584585
213	62.3535	0	0.223853	0.765056	0.603804
215	65.8175	0	0.158262	0.389634	0.90727
219	65.8175	0	0.111613	0.342831	0.932743
221	62.3535	0	0.363889	0.324649	0.873034
225	62.3535	0	-0.246924	0.381078	0.890959
227	65.8175	0	-0.397733	0.583105	0.708376
231	65.8175	0	-0.349725	0.641728	0.682552
233	62.3535	0	-0.208921	0.773273	0.598666
237	62.3535	0	-0.41178	0.657326	0.631158
239	65.8175	0	-0.628425	0.313116	0.712067
243	65.8175	0	-0.851135	0.2351	0.469358
245	62.3535	0	-0.742449	0.234129	0.627657
249	62.3535	0	-0.646996	0.240011	0.723734
5	69.2815	0	0.901278	-0.321217	-0.290718
9	69.2815	0	0.843792	-0.393313	-0.36513
11	72.7455	0	0.985316	-0.145961	-0.0885929
15	72.7455	0	0.983523	-0.163126	0.0779199
17	69.2815	0	0.838226	-0.49882	-0.220354
21	69.2815	0	0.848072	-0.469537	0.245578
23	72.7455	0	0.80555	-0.0994408	0.584124
27	72.7455	0	0.407166	-0.0363352	0.912631
29	69.2815	0	0.275784	-0.29893	0.913556
33	69.2815	0	0.368179	0.16976	0.914126
35	72.7455	0	0.123002	0.478949	0.869183
39	72.7455	0	-0.218727	0.0545751	0.974259
41	69.2815	0	-0.235047	0.259914	0.936588
45	69.2815	0	-0.253584	0.0848342	0.963586
47	72.7455	0	-0.144847	-0.251332	0.957001
51	72.7455	0	-0.316861	-0.0790149	0.945175
53	69.2815	0	-0.437466	0.156203	0.885564
57	69.2815	0	-0.0451088	0.382589	0.922817
59	72.7455	0	-0.390772	0.0759053	0.917352
63	72.7455	0	-0.455308	0.386845	0.801901
65	69.2815	0	0.0436565	0.17263	0.984019
69	69.2815	0	-0.310892	0.183735	0.932517
71	72.7455	0	-0.212977	0.188981	0.958607
75	72.7455	0	-0.398515	0.145178	0.905599
77	69.2815	0	-0.404912	0.105196	0.908284
81	69.2815	0	-0.343365	-0.63449	0.692476
83	72.7455	0	0.0380508	-0.862348	0.504885
87	72.7455	0	0.372419	-0.919417	0.126396
89	69.2815	0	-0.164422	-0.973876	-0.156622
93	69.2815	0	0.0380118	-0.928434	-0.369548
95	72.7455	0	0.0936688	-0.879467	-0.466652
99	72.7455	0	0.586105	-0.435252	-0.683401
101	69.2815	0	0.0548786	-0.531947	-0.844998
105	69.2815	0	0.274616	-0.354253	-0.893919
107	72.7455	0	0.478801	-0.287228	-0.829608
111	72.7455	0	0.652388	-0.0861506	-0.752973
113	69.2815	0	0.487929	-0.421614	-0.764309
117	69.2815	0	0.671321	-0.177628	-0.719567
119	72.7455	0	0.766005	-0.105728	-0.63408
123	72.7455	0	0.490458	-0.286604	-0.822988
125	69.2815	0	0.48199	0.0112419	-0.876105
129	69.2815	0	0.49702	-0.100436	-0.861907
131	72.7455	0	0.384024	-0.172351	-0.907095
135	72.7455	0	0.51237	0.0412196	-0.857775
137	69.2815	0	-0.120033	0.0427754	-0.991848
141	69.2815	0	-0.493816	0.255218	-0.83127
143	72.7455	0	-0.380019	0.242718	-0.892566
147	72.7455	0	-0.326358	0.506389	-0.798161
149	69.2815	0	-0.341855	0.628241	-0.698891
153	69.2815	0	-0.33314	0.743392	-0.579988
155	72.7455	0	-0.440201	0.874974	-0.201602
159	72.7455	0	-0.535869	0.838463	0.0991157
161	69.2815	0	-0.301766	0.887736	0.347651
165	69.2815	0	-0.343131	0.769079	0.539239
167	72.7455	0	-0.222769	0.384805	0.895712
171	72.7455	0	-0.438223	0.337318	0.833173
173	69.2815	0	-0.0714425	0.457082	0.886551
177	69.2815	0	-0.190333	0.0478537	0.980553
179	72.7455	0	-0.422902	0.0306284	0.905658
183	72.7455	0	-0.40429	0.097591	0.90941
185	69.2815	0	-0.738554	0.290974	0.608171
189	69.2815	0	-0.707219	0.237775	0.665811
191	72.7455	0	-0.549438	0.0529827	0.833853
195	72.7455	0	-0.623378	0.418194	0.660691
197	69.2815	0	-0.497933	0.531899	0.684943
201	69.2815	0	-0.470044	0.529505	0.706175
203	72.7455	0	-0.389553	0.146708	0.909244
207	72.7455	0	-0.132858	0.140238	0.981164
209	69.2815	0	-0.0979266	0.248353	0.963707
213	69.2815	0	0.0926122	0.195616	0.976298
215	72.7455	0	0.0538986	0.0531043	0.997133
219	72.7455	0	0.00302298	-0.039672	0.999208
221	69.2815	0	-0.2237	0.0805057	0.971328
225	69.2815	0	-0.432938	0.153952	0.88818
227	72.7455	0	-0.38905	0.14289	0.910067
231	72.7455	0	-0.393053	0.0772222	0.916267
233	69.2815	0	-0.461094	0.382968	0.800455
237	69.2815	0	-0.720945	0.0669851	0.689747
239	72.7455	0	-0.60463	-0.199298	0.77117
243	72.7455	0	-0.280964	-0.170613	0.944431
245	69.2815	0	-0.442492	-0.236605	0.864996
249	69.2815	0	-0.320459	-0.323685	0.890244
5	76.2105	0	0.985267	-0.0675471	0.157119
9	76.2105	0	0.960818	-0.241453	0.136124
11	79.6745	0	0.993996	0.10825	0.0159221
15	79.6745	0	0.790925	0.494655	0.360214
17	76.2105	0	0.980142	0.109784	0.165132
21	76.2105	0	0.762007	0.106634	0.638729
23	79.6745	0	0.586056	0.0571016	0.808256
27	79.6745	0	0.390574	-0.0486748	0.919284
29	76.2105	0	0.258834	0.110139	0.959622
33	76.2105	0	0.136619	0.347534	0.927661
35	79.6745	0	-0.164775	0.0206822	0.986114
39	79.6745	0	-0.358148	-0.0481338	0.932423
41	76.2105	0	-0.207605	-0.0876798	0.974275
45	76.2105	0	-0.333006	-0.416903	0.845754
47	79.6745	0	-0.488115	-0.0682017	0.87011
51	79.6745	0	-0.708095	0.219741	0.671056
53	76.2105	0	-0.553625	0.26498	0.789484
57	76.2105	0	-0.391765	0.523228	0.756805
59	79.6745	0	-0.437072	0.153798	0.886179
63	79.6745	0	-0.404708	-0.0399301	0.913574
65	76.2105	0	-0.394255	0.0734042	0.916065
69	76.2105	0	-0.363342	0.272598	0.890883
71	79.6745	0	-0.134959	0.5166	0.845524
75	79.6745	0	-0.118498	0.254652	0.959745
77	76.2105	0	-0.236274	0.0925102	0.967273
81	76.2105	0	-0.00127561	-0.53856	0.842586
83	79.6745	0	0.435661	-0.414805	0.798834
87	79.6745	0	0.84411	-0.421437	0.331465
89	76.2105	0	0.699654	-0.714439	0.00783465
93	76.2105	0	0.693715	-0.693002	-0.196236
95	79.6745	0	0.834704	-0.526865	-0.160259
99	79.6745	0	0.580904	-0.621094	-0.526112
101	76.2105	0	0.498741	-0.520431	-0.693115
105	76.2105	0	0.426493	-0.436976	-0.791931
107	79.6745	0	0.707246	-0.326772	-0.626916
111	79.6745	0	0.87692	-0.136444	-0.460862
113	76.2105	0	0.855617	-0.30261	-0.419935
117	76.2105	0	0.884574	-0.162518	-0.437169
119	79.6745	0	0.939711	-0.152712	-0.305979
123	79.6745	0	0.868943	-0.230431	-0.437995
125	76.2105	0	0.555794	-0.139809	-0.819479
129	76.2105	0	0.695056	0.0153837	-0.718791
131	79.6745	0	0.871126	0.121138	-0.475883
135	79.6745	0	0.908958	0.31312	-0.275231
137	76.2105	0	0.598274	0.543948	-0.588378
141	76.2105	0	5.48196e-05	0.569133	-0.822246
143	79.6745	0	-0.169978	0.968591	-0.18149
147	79.6745	0	-0.369271	0.918587	-0.140842
149	76.2105	0	-0.410564	0.775657	-0.479368
153	76.2105	0	-0.452083	0.808667	-0.376403
155	79.6745	0	-0.385449	0.756724	0.528013
159	79.6745	0	-0.314253	0.211915	0.925385
161	76.2105	0	-0.275036	0.556942	0.783691
165	76.2105	0	-0.0676011	0.382756	0.921373
167	79.6745	0	-0.00861588	-0.196063	0.980553
171	79.6745	0	-0.159992	-0.0676365	0.984798
173	76.2105	0	-0.191758	0.0510906	0.980112
177	76.2105	0	-0.190964	0.00440258	0.981587
179	79.6745	0	-0.206843	-0.0630596	0.97634
183	79.6745	0	-0.622955	0.110371	0.774432
185	76.2105	0	-0.000851637	0.132968	0.99112
189	76.2105	0	-0.601884	0.328087	0.728076
191	79.6745	0	-0.342686	0.203324	0.917184
195	79.6745	0	-0.1833	0.0902096	0.978909
197	76.2105	0	-0.218162	0.215429	0.951838
201	76.2105	0	-0.291033	0.307493	0.905951
203	79.6745	0	-0.515075	-0.0382895	0.856289
207	79.6745	0	-0.284701	0.114504	0.951753
209	76.2105	0	-0.31805	-0.137629	0.938031
213	76.2105	0	0.0984428	-0.0729467	0.992466
215	79.6745	0	0.420999	-0.226589	0.878304
219	79.6745	0	0.397734	-0.142645	0.906344
221	76.2105	0	0.114609	-0.0815853	0.990055
225	76.2105	0	-0.25506	0.0650287	0.964736
227	79.6745	0	-0.312548	-0.0943386	0.945206
231	79.6745	0	-0.0841647	0.225249	0.970659
233	76.2105	0	-0.404954	-0.0212378	0.91409
237	76.2105	0	-0.251118	0.0854189	0.96418
239	79.6745	0	-0.218061	0.0426527	0.975003
243	79.6745	0	-0.129961	-0.0754841	0.988642
245	76.2105	0	-0.485373	-0.122799	0.86564
249	76.2105	0	-0.58608	-0.406329	0.701004
5	83.1385	0	0.706145	-0.07951	0.703589
9	83.1385	0	0.824781	0.189247	0.532844
11	86.6025	0	0.408	0.574225	0.709789
15	86.6025	0	0.531152	0.570508	0.626417
17	83.1385	0	0.709698	0.485187	0.510805
21	83.1385	0	0.596578	0.143365	0.789647
23	86.6025	0	0.283734	0.453194	0.845051
27	86.6025	0	0.324071	0.162562	0.931961
29	83.1385	0	0.0739337	0.182092	0.980498
33	83.1385	0	-0.228639	-0.144789	0.962684
35	86.6025	0	-0.0994224	-0.391112	0.914957
39	86.6025	0	-0.222046	0.0703755	0.972493
41	83.1385	0	-0.412762	0.217667	0.884448
45	83.1385	0	-0.562527	-0.232378	0.793451
47	86.6025	0	-0.55669	0.148002	0.81743
51	86.6025	0	-0.549796	0.193919	0.812477
53	83.1385	0	-0.720876	-0.00666856	0.693032
57	83.1385	0	-0.638296	0.367496	0.676406
59	86.6025	0	-0.342384	0.108229	0.933306
63	86.6025	0	-0.215716	0.103303	0.970976
65	83.1385	0	-0.256016	0.194946	0.946811
69	83.1385	0	-0.167268	0.367833	0.914724
71	86.6025	0	0.110111	0.416464	0.90246
75	86.6025	0	0.200164	0.268638	0.942215
77	83.1385	0	0.373135	-0.0713156	0.925032
81	83.1385	0	0.455654	-0.171193	0.87354
83	86.6025	0	0.28006	-0.321829	0.904429
87	86.6025	0	0.54975	-0.738799	0.38981
89	83.1385	0	0.685154	-0.59404	0.421521
93	83.1385	0	0.757699	-0.608716	0.23528
95	86.6025	0	0.929125	-0.224295	0.293971
99	86.6025	0	0.969316	-0.216407	0.116592
101	83.1385	0	0.822046	-0.390705	-0.414235
105	83.1385	0	0.766458	-0.359681	-0.532139
107	86.6025	0	0.908984	-0.105624	-0.403226
111	86.6025	0	0.952555	-0.13886	-0.270846
113	83.1385	0	0.896269	-0.384574	-0.220917
117	83.1385	0	0.985518	-0.0565559	-0.159858
119	86.6025	0	0.899597	0.16624	-0.403843
123	86.6025	0	0.871653	0.171849	-0.459008
125	83.1385	0	0.977364	-0.0510963	-0.205304
129	83.1385	0	0.981978	-0.0244606	-0.187406
131	86.6025	0	0.918924	0.288205	0.269291
135	86.6025	0	0.668577	0.168163	0.724379
137	83.1385	0	0.739865	0.524628	0.421146
141	83.1385	0	0.296254	0.882792	0.36457
143	86.6025	0	-0.303503	0.485746	0.819717
147	86.6025	0	-0.60543	0.40151	0.6872
149	83.1385	0	-0.679264	0.656794	0.327448
153	83.1385	0	-0.502005	0.685224	0.527692
155	86.6025	0	-0.263292	0.287757	0.9208
159	86.6025	0	-0.30559	-0.31423	0.898818
161	83.1385	0	-0.658793	-0.0440101	0.751036
165	83.1385	0	-0.352771	-0.252325	0.901046
167	86.6025	0	-0.294338	-0.373841	0.87955
171	86.6025	0	-0.0545651	0.00894655	0.99847
173	83.1385	0	-0.102301	-0.0501867	0.993487
177	83.1385	0	-0.0128577	-0.0228386	0.999656
179	86.6025	0	-0.12709	0.0283796	0.991485
183	86.6025	0	-0.202337	0.201417	0.958379
185	83.1385	0	-0.506799	0.396168	0.765641
189	83.1385	0	-0.23726	0.176764	0.955229
191	86.6025	0	-0.422427	0.215749	0.880345
195	86.6025	0	-0.269584	0.193153	0.943407
197	83.1385	0	-0.16524	-0.0190846	0.986069
201	83.1385	0	-0.235348	0.143306	0.961288
203	86.6025	0	-0.423366	-0.0482554	0.904673
207	86.6025	0	-0.146653	-0.00293578	0.989184
209	83.1385	0	0.338931	0.0265711	0.940436
213	83.1385	0	0.388995	-0.182201	0.903042
215	86.6025	0	0.250182	-0.275421	0.928198
219	86.6025	0	0.510696	-0.122021	0.851059
221	83.1385	0	0.321605	0.0416857	0.945956
225	83.1385	0	0.00534507	-0.220241	0.975431
227	86.6025	0	-0.0891231	-0.00415052	0.996012
231	86.6025	0	0.0261561	0.0398252	0.998864
233	83.1385	0	-0.100336	0.226045	0.968936
237	83.1385	0	0.118111	0.00869884	0.992962
239	86.6025	0	0.381747	0.490195	0.783568
243	86.6025	0	0.390326	0.235966	0.889925
245	83.1385	0	0.0874556	-0.192399	0.977412
249	83.1385	0	0.2436	-0.338979	0.908709
5	90.0665	0	0.475557	-0.0473184	0.878412
9	90.0665	0	0.524895	0.431974	0.733405
11	93.5305	0	0.673937	0.305509	0.672662
15	93.5305	0	0.492546	0.533973	0.68722
17	90.0665	0	0.170424	0.735087	0.656203
21	90.0665	0	0.296917	0.759383	0.578945
23	93.5305	0	0.516915	0.649509	0.557618
27	93.5305	0	-0.174659	0.336501	0.925344
29	90.0665	0	0.137166	-0.0342804	0.989955
33	90.0665	0	-0.027187	-0.537051	0.843111
35	93.5305	0	-0.249058	-0.423836	0.870823
39	93.5305	0	-0.155676	-0.418518	0.894767
41	90.0665	0	-0.223308	0.00475005	0.974736
45	90.0665	0	-0.469751	0.0893219	0.878269
47	93.5305	0	-0.715008	0.0821991	0.694267
51	93.5305	0	-0.385183	-0.293079	0.875065
53	90.0665	0	-0.323613	-0.111809	0.93956
57	90.0665	0	-0.156874	-0.206971	0.965688
59	93.5305	0	-0.217449	-0.20751	0.953759
63	93.5305	0	-0.571778	-0.129477	0.810127
65	90.0665	0	-0.534622	0.196619	0.8219
69	90.0665	0	-0.183487	0.301445	0.935662
71	93.5305	0	0.36017	0.387401	0.848645
75	93.5305	0	0.55914	0.00625154	0.829049
77	90.0665	0	0.205534	0.318749	0.925286
81	90.0665	0	-0.0041802	-0.039439	0.999213
83	93.5305	0	0.600667	-0.256517	0.75723
87	93.5305	0	0.750729	-0.520289	0.407069
89	90.0665	0	0.857766	-0.48618	0.16693
93	90.0665	0	0.875866	-0.374708	0.304062
95	93.5305	0	0.850514	-0.334688	0.405721
99	93.5305	0	0.965621	-0.254646	-0.0522739
101	90.0665	0	0.98518	-0.170599	0.0177727
105	90.0665	0	0.948704	-0.276978	-0.15246
107	93.5305	0	0.996349	0.0654427	0.0548309
111	93.5305	0	0.965524	-0.0719292	0.25018
113	90.0665	0	0.999402	-0.00232512	0.0344978
117	90.0665	0	0.99836	-0.0569517	-0.00573138
119	93.5305	0	0.990771	0.0196253	0.134118
123	93.5305	0	0.949402	0.292795	0.113611
125	90.0665	0	0.824871	0.520451	-0.220724
129	90.0665	0	0.700341	0.647644	0.300134
131	93.5305	0	0.716503	0.102083	0.690074
135	93.5305	0	0.394214	0.0275754	0.918605
137	90.0665	0	0.146729	0.146443	0.978277
141	90.0665	0	-0.142089	0.0693301	0.987423
143	93.5305	0	-0.107165	-0.116145	0.987434
147	93.5305	0	-0.0569784	-0.613825	0.787383
149	90.0665	0	-0.111408	-0.160392	0.980746
153	90.0665	0	-0.176734	-0.180375	0.96759
155	93.5305	0	-0.313055	-0.395029	0.863683
159	93.5305	0	0.161675	-0.292495	0.942501
161	90.0665	0	-0.363509	-0.324166	0.873371
165	90.0665	0	-0.305994	-0.504835	0.807161
167	93.5305	0	-0.116295	-0.401235	0.908563
171	93.5305	0	-0.148432	-0.399394	0.904684
173	90.0665	0	-0.0035792	-0.523176	0.852217
177	90.0665	0	-0.0685746	-0.22987	0.970802
179	93.5305	0	0.0204789	-0.250692	0.96785
183	93.5305	0	-0.00374109	-0.00629491	0.999973
185	90.0665	0	0.0867942	0.192379	0.977475
189	90.0665	0	-0.00845447	0.226411	0.973995
191	93.5305	0	0.108069	0.231432	0.96683
195	93.5305	0	-0.164148	0.317266	0.934022
197	90.0665	0	-0.0661408	0.0595802	0.99603
201	90.0665	0	-0.076847	-0.0513386	0.99572
203	93.5305	0	-0.0633788	0.134948	0.988824
207	93.5305	0	-0.184881	0.233192	0.954694
209	90.0665	0	-0.019937	0.195593	0.980483
213	90.0665	0	0.0308887	-0.000438373	0.999523
215	93.5305	0	0.297047	-0.132258	0.945659
219	93.5305	0	0.167154	-0.0786148	0.982792
221	90.0665	0	0.221573	-0.132372	0.966118
225	90.0665	0	0.270058	-0.337308	0.901827
227	93.5305	0	0.528903	-0.222751	0.818928
231	93.5305	0	0.577569	-0.176769	0.796973
233	90.0665	0	0.459509	0.273952	0.844868
237	90.0665	0	0.53929	0.446883	0.713766
239	93.5305	0	0.785073	0.398561	0.47414
243	93.5305	0	0.735409	0.158331	0.658866
245	90.0665	0	0.539334	0.388566	0.747084
249	90.0665	0	0.314735	0.622477	0.716564
5	96.9945	0	0.246668	0.54631	0.800438
9	96.9945	0	0.581571	0.680032	0.446466
11	100.459	0	0.671598	0.661003	0.334712
15	100.459	0	0.450353	0.604349	0.657225
17	96.9945	0	0.366925	0.773811	0.516316
21	96.9945	0	0.554217	0.749606	0.361849
23	100.459	0	0.498921	0.130149	0.856819
27	100.459	0	0.380277	-0.057296	0.923096
29	96.9945	0	0.0767385	0.222015	0.972019
33	96.9945	0	-0.0720503	0.297996	0.951844
35	100.459	0	-0.00407278	0.213475	0.97694
39	100.459	0	0.134422	-0.241907	0.960943
41	96.9945	0	-0.193772	-0.550438	0.812078
45	96.9945	0	-0.490697	-0.23355	0.839447
47	100.459	0	-0.140507	-0.328047	0.934153
51	100.459	0	-0.295989	-0.0626901	0.953132
53	96.9945	0	-0.380856	-0.182438	0.906457
57	96.9945	0	-0.45793	-0.0784409	0.885521
59	100.459	0	-0.490479	-0.428525	0.758813
63	100.459	0	-0.448375	-0.139283	0.882927
65	96.9945	0	0.0676702	0.0837685	0.994185
69	96.9945	0	0.367389	-0.0255359	0.929717
71	100.459	0	0.111705	-0.10606	0.988065
75	100.459	0	0.387921	-0.387211	0.836412
77	96.9945	0	0.688532	-0.0816938	0.72059
81	96.9945	0	0.497558	-0.0488246	0.866056
83	100.459	0	0.450303	-0.482877	0.751038
87	100.459	0	0.50572	-0.612844	0.607182
89	96.9945	0	0.713056	-0.509461	0.481664
93	96.9945	0	0.825557	-0.493089	0.274443
95	100.459	0	0.589215	-0.778416	0.216552
99	100.459	0	0.742112	-0.660834	-0.112111
101	96.9945	0	0.920066	-0.382959	-0.0825857
105	96.9945	0	0.93202	-0.355353	-0.0711512
107	100.459	0	0.919095	-0.392806	-0.03112
111	100.459	0	0.910264	-0.366726	-0.192174
113	96.9945	0	0.955018	0.126655	-0.26814
117	96.9945	0	0.956024	-0.028357	-0.291915
119	100.459	0	0.962465	-0.22721	0.14845
123	100.459	0	0.819923	0.0423254	0.570907
125	96.9945	0	0.933393	0.270036	0.236344
129	96.9945	0	0.633011	0.160557	0.75731
131	100.459	0	0.473661	0.0400598	0.879796
135	100.459	0	0.27591	-0.399827	0.874078
137	96.9945	0	0.135399	-0.206104	0.969117
141	96.9945	0	0.147516	-0.593903	0.790897
143	100.459	0	-0.0384857	-0.582876	0.811649
147	100.459	0	0.0985327	-0.695026	0.712201
149	96.9945	0	0.137335	-0.536199	0.832845
153	96.9945	0	-0.316095	-0.507084	0.801841
155	100.459	0	-0.220542	-0.476954	0.850809
159	100.459	0	-0.223014	-0.455664	0.861762
161	96.9945	0	-0.175462	-0.562233	0.808151
165	96.9945	0	-0.227547	-0.333657	0.91482
167	100.459	0	-0.27746	-0.252058	0.927083
171	100.459	0	-0.066833	-0.00083869	0.997764
173	96.9945	0	-0.044831	-0.355886	0.933453
177	96.9945	0	0.0266542	-0.355574	0.934268
179	100.459	0	0.0416321	-0.118042	0.992136
183	100.459	0	-0.0324248	0.258943	0.965348
185	96.9945	0	-0.0210742	0.280226	0.959703
189	96.9945	0	0.168235	0.275566	0.946446
191	100.459	0	-0.102196	0.268769	0.957768
195	100.459	0	0.0370182	0.163087	0.985917
197	96.9945	0	0.367369	0.251969	0.895294
201	96.9945	0	0.292423	0.348506	0.890524
203	100.459	0	0.304392	0.477159	0.824418
207	100.459	0	0.232717	0.378329	0.895941
209	96.9945	0	0.309487	0.339839	0.888103
213	96.9945	0	0.000208655	0.172144	0.985072
215	100.459	0	0.160278	0.321086	0.933389
219	100.459	0	0.312275	0.258662	0.9141
221	96.9945	0	0.328789	0.192793	0.924515
225	96.9945	0	0.64146	-0.127661	0.75646
227	100.459	0	0.843643	0.0731199	0.531902
231	100.459	0	0.804223	0.0446312	0.59265
233	96.9945	0	0.675377	0.360243	0.6435
237	96.9945	0	0.803927	0.248333	0.5404
239	100.459	0	0.815578	0.435114	0.381456
243	100.459	0	0.856719	0.51354	-0.048047
245	96.9945	0	0.893141	0.39537	0.214433
249	96.9945	0	0.612626	0.405719	0.678293
5	103.923	0	0.354239	0.757308	0.548634
9	103.923	0	0.617807	0.500848	0.606189
11	107.387	0	0.820041	0.521742	0.235198
15	107.387	0	0.7829	0.551228	0.288469
17	103.923	0	0.551509	0.717822	0.424936
21	103.923	0	0.816015	0.0858567	0.571618
23	107.387	0	0.605076	0.1689	0.778046
27	107.387	0	0.32973	0.35793	0.873593
29	103.923	0	0.20892	0.0970844	0.973102
33	103.923	0	-0.0049597	0.0331199	0.999439
35	107.387	0	0.350927	-0.392434	0.850203
39	107.387	0	0.0213979	-0.389581	0.920743
41	103.923	0	0.0839527	-0.349848	0.933037
45	103.923	0	-0.108157	-0.182473	0.977244
47	107.387	0	-0.0748582	-0.70637	0.703873
51	107.387	0	0.0336211	-0.374774	0.926506
53	103.923	0	-0.288052	-0.410342	0.865243
57	103.923	0	-0.19816	-0.587288	0.784745
59	107.387	0	-0.256572	-0.39478	0.882224
63	107.387	0	0.251147	-0.478368	0.841481
65	103.923	0	-0.0506543	0.0201401	0.998513
69	103.923	0	0.00182365	-0.219492	0.975613
71	107.387	0	-0.029813	-0.763503	0.645116
75	107.387	0	0.346165	-0.772514	0.532346
77	103.923	0	0.250576	-0.649877	0.717545
81	103.923	0	0.252773	-0.73021	0.634743
83	107.387	0	0.315122	-0.927628	0.200507
87	107.387	0	0.0852926	-0.978989	-0.185216
89	103.923	0	0.371984	-0.866661	0.332456
93	103.923	0	0.523099	-0.850172	-0.0597958
95	107.387	0	0.415872	-0.827712	-0.376755
99	107.387	0	0.61573	-0.691866	-0.377092
101	103.923	0	0.762087	-0.609332	-0.218949
105	103.923	0	0.856439	-0.495552	-0.14471
107	107.387	0	0.775801	-0.425635	-0.465798
111	107.387	0	0.942223	0.141941	-0.303429
113	103.923	0	0.975549	-0.185507	-0.117861
117	103.923	0	0.974196	0.128434	0.1856
119	107.387	0	0.947371	0.260121	0.186614
123	107.387	0	0.985947	0.104036	0.130709
125	103.923	0	0.887204	-0.0647192	0.456816
129	103.923	0	0.421214	-0.321848	0.847934
131	107.387	0	0.405805	-0.466452	0.785967
135	107.387	0	-0.128049	-0.558828	0.819338
137	103.923	0	-0.0769608	-0.562762	0.823029
141	103.923	0	-0.113866	-0.529556	0.840598
143	107.387	0	-0.341187	-0.258431	0.903773
147	107.387	0	-0.342195	-0.228939	0.911312
149	103.923	0	-0.329292	-0.368715	0.869262
153	103.923	0	-0.491458	-0.502098	0.711594
155	107.387	0	-0.275897	-0.717135	0.639999
159	107.387	0	-0.439057	-0.612414	0.657402
161	103.923	0	-0.0927336	-0.555919	0.826048
165	103.923	0	-0.18102	-0.461739	0.868348
167	107.387	0	-0.117305	-0.446513	0.887055
171	107.387	0	-0.0731461	-0.383393	0.920684
173	103.923	0	-0.196905	-0.121387	0.972879
177	103.923	0	-0.198675	-0.00691878	0.980041
179	107.387	0	0.0137095	-0.128533	0.99161
183	107.387	0	-0.0820648	0.403672	0.911216
185	103.923	0	-0.357464	0.260709	0.8968
189	103.923	0	0.0123792	0.335516	0.941953
191	107.387	0	0.111777	-7.87331e-05	0.993733
195	107.387	0	0.0378782	0.0762514	0.996369
197	103.923	0	0.0822823	0.402752	0.911603
201	103.923	0	-0.035173	0.219416	0.974997
203	107.387	0	-0.21328	0.112381	0.970506
207	107.387	0	-0.241764	0.516767	0.821281
209	103.923	0	0.174728	0.368916	0.912892
213	103.923	0	0.235631	0.382006	0.893616
215	107.387	0	0.208563	0.409768	0.888027
219	107.387	0	0.302426	0.580125	0.756302
221	103.923	0	0.400469	0.424602	0.811996
225	103.923	0	0.720617	0.245186	0.648533
227	107.387	0	0.804489	0.165848	0.570344
231	107.387	0	0.983385	0.142287	0.11273
233	103.923	0	0.879837	0.208823	0.426942
237	103.923	0	0.94751	0.070452	0.311867
239	107.387	0	0.986567	-0.160588	-0.0299421
243	107.387	0	0.941404	-0.128904	-0.311676
245	103.923	0	0.896646	0.38555	0.217662
249	103.923	0	0.791433	0.591556	-0.153931
5	110.851	0	0.68569	0.714722	0.137847
9	110.851	0	0.936268	0.30257	0.178475
11	114.315	0	0.957914	0.174719	-0.227758
15	114.315	0	0.969427	-0.00733529	-0.245272
17	110.851	0	0.991056	0.0591468	0.119625
21	110.851	0	0.740349	-0.23175	0.631011
23	114.315	0	0.585365	-0.594728	0.551041
27	114.315	0	0.222236	-0.722059	0.655165
29	110.851	0	0.203876	-0.319934	0.925244
33	110.851	0	0.00368898	-0.653503	0.756915
35	114.315	0	-0.0576094	-0.788111	0.612832
39	114.315	0	-0.0892547	-0.953425	0.288124
41	110.851	0	0.223295	-0.767341	0.601105
45	110.851	0	-0.0661641	-0.7517	0.656178
47	114.315	0	0.12656	-0.927573	0.351556
51	114.315	0	0.301576	-0.516802	0.801229
53	110.851	0	0.345122	-0.248246	0.905132
57	110.851	0	0.0241208	-0.495747	0.868132
59	114.315	0	0.350761	-0.703803	0.61776
63	114.315	0	-0.00540038	-0.600923	0.799289
65	110.851	0	0.419254	-0.679165	0.602463
69	110.851	0	-0.217792	-0.88186	0.418197
71	114.315	0	-0.135627	-0.97542	0.173667
75	114.315	0	0.300099	-0.921008	0.248363
77	110.851	0	0.300044	-0.88973	0.344025
81	110.851	0	0.351459	-0.918176	0.182838
83	114.315	0	0.179091	-0.925596	-0.333465
87	114.315	0	0.115757	-0.96325	-0.242384
89	110.851	0	-0.190742	-0.851729	-0.488032
93	110.851	0	0.0117442	-0.870768	-0.491554
95	114.315	0	0.172162	-0.613281	-0.770874
99	114.315	0	-0.020242	-0.080218	-0.996572
101	110.851	0	0.27433	-0.65411	-0.7049
105	110.851	0	0.62545	-0.229055	-0.745886
107	114.315	0	0.582617	-0.137473	-0.801036
111	114.315	0	0.607285	0.036188	-0.793659
113	110.851	0	0.825154	-0.111063	-0.553882
117	110.851	0	0.995075	0.0515384	-0.0846686
119	114.315	0	0.921811	0.15864	-0.353691
123	114.315	0	0.955553	-0.0800972	-0.283732
125	110.851	0	0.985534	-0.142266	-0.0921018
129	110.851	0	0.856803	-0.409972	0.312748
131	114.315	0	0.468646	-0.863762	0.185166
135	114.315	0	0.0390905	-0.883493	0.466811
137	110.851	0	-0.330972	-0.385482	0.861314
141	110.851	0	-0.686965	-0.12744	0.715429
143	114.315	0	-0.694526	-0.445061	0.565291
147	114.315	0	-0.515638	-0.169099	0.839954
149	110.851	0	-0.472006	-0.365713	0.802162
153	110.851	0	-0.248545	-0.609635	0.752709
155	114.315	0	-0.695442	-0.553448	0.458318
159	114.315	0	-0.704775	-0.569095	0.423583
161	110.851	0	-0.346955	-0.551108	0.758882
165	110.851	0	-0.161441	-0.667014	0.727344
167	114.315	0	-0.458748	-0.793162	0.400555
171	114.315	0	-0.154653	-0.556899	0.816055
173	110.851	0	-0.0409556	-0.32108	0.946166
177	110.851	0	0.193784	-0.292872	0.936309
179	114.315	0	-0.237972	0.0646587	0.969117
183	114.315	0	-0.167954	-0.15311	0.973832
185	110.851	0	0.265318	0.460717	0.846963
189	110.851	0	0.119061	0.27239	0.954792
191	114.315	0	0.0836026	0.470956	0.878186
195	114.315	0	0.171458	0.581131	0.795543
197	110.851	0	0.425936	0.275848	0.861676
201	110.851	0	0.328918	0.317593	0.889352
203	114.315	0	0.286125	0.275285	0.917796
207	114.315	0	0.403538	0.191737	0.894648
209	110.851	0	-0.0675211	0.261219	0.962915
213	110.851	0	0.215588	0.432242	0.875607
215	114.315	0	0.630616	0.250697	0.734489
219	114.315	0	0.714687	0.319327	0.622297
221	110.851	0	0.782315	0.295701	0.548219
225	110.851	0	0.766541	0.39635	0.505293
227	114.315	0	0.921129	0.347089	0.17621
231	114.315	0	0.988195	-0.0143756	0.152526
233	110.851	0	0.992079	0.0811872	0.0958516
237	110.851	0	0.992624	0.0961777	0.0738059
239	114.315	0	0.901512	0.232837	-0.364778
243	114.315	0	0.847215	-0.0649168	-0.527268
245	110.851	0	0.78481	0.37439	-0.493868
249	110.851	0	0.35501	0.249343	-0.900997
5	117.779	0	0.530454	0.837835	-0.129041
9	117.779	0	0.573667	0.561587	-0.59626
11	121.243	0	0.583892	0.0410416	-0.810794
15	121.243	0	0.631753	-0.400545	-0.663666
17	117.779	0	0.927007	-0.305979	-0.216874
21	117.779	0	0.706531	-0.706676	0.0377252
23	121.243	0	0.0215204	-0.999562	-0.0203113
27	121.243	0	0.123161	-0.962895	0.240135
29	117.779	0	0.0370613	-0.838692	0.543344
33	117.779	0	-0.37364	-0.634459	0.67665
35	121.243	0	-0.0640407	-0.991654	0.111894
39	121.243	0	-0.161087	-0.978081	0.131943
41	117.779	0	0.114075	-0.976312	0.183855
45	117.779	0	-0.149366	-0.975462	0.16175
47	121.243	0	0.0729433	-0.885192	0.459472
51	121.243	0	0.124441	-0.740596	0.660327
53	117.779	0	0.165699	-0.780919	0.602253
57	117.779	0	0.217877	-0.9191	0.328306
59	121.243	0	-0.00668021	-0.988824	0.148937
63	121.243	0	0.131035	-0.947666	0.291135
65	117.779	0	0.0643191	-0.96227	0.264387
69	117.779	0	-0.352549	-0.935702	-0.0130583
71	121.243	0	-0.00704375	-0.994315	-0.106243
75	121.243	0	-0.334115	-0.868466	-0.366243
77	117.779	0	0.103275	-0.940437	-0.323902
81	117.779	0	0.0508545	-0.978097	-0.201841
83	121.243	0	-0.30317	-0.717231	-0.627429
87	121.243	0	0.102243	-0.686207	-0.720185
89	117.779	0	-0.0225961	-0.710207	-0.70363
93	117.779	0	-0.234331	-0.541603	-0.807313
95	121.243	0	-0.122157	-0.111199	-0.986262
99	121.243	0	0.0709683	-0.281507	-0.956931
101	117.779	0	0.328086	-0.134877	-0.93497
105	117.779	0	0.339267	-0.315242	-0.886296
107	121.243	0	0.452607	-0.115284	-0.884226
111	121.243	0	0.491515	0.0662659	-0.868344
113	117.779	0	0.657516	0.132138	-0.741763
117	117.779	0	0.654475	0.388666	-0.648538
119	121.243	0	0.253342	0.0589738	-0.965578
123	121.243	0	0.134559	-0.156977	-0.978393
125	117.779	0	0.688493	-0.191796	-0.699423
129	117.779	0	0.568063	-0.751081	-0.336424
131	121.243	0	0.564911	-0.784934	-0.254468
135	121.243	0	0.120497	-0.991551	0.0480233
137	117.779	0	0.164167	-0.855972	0.490266
141	117.779	0	-0.2111	-0.605351	0.767455
143	121.243	0	-0.34586	-0.855419	0.385539
147	121.243	0	-0.472089	-0.776335	0.417656
149	117.779	0	-0.666142	-0.534672	0.519981
153	117.779	0	-0.59346	-0.667876	0.449164
155	121.243	0	-0.598512	-0.36224	0.714539
159	121.243	0	-0.712882	-0.470988	0.519586
161	117.779	0	-0.729908	-0.592223	0.341329
165	117.779	0	-0.803292	-0.529071	0.273506
167	121.243	0	-0.525486	-0.493546	0.69302
171	121.243	0	-0.593278	-0.362144	0.718939
173	117.779	0	-0.304054	-0.353652	0.88458
177	117.779	0	-0.438183	-0.231074	0.868677
179	121.243	0	-0.358677	-0.00901777	0.933418
183	121.243	0	0.222434	-0.0172496	0.974795
185	117.779	0	0.00367533	0.0170826	0.999847
189	117.779	0	0.06302	0.283149	0.957003
191	121.243	0	0.163599	0.134604	0.977301
195	121.243	0	0.277816	0.085178	0.95685
197	117.779	0	0.282037	0.582817	0.762089
201	117.779	0	0.226041	0.422492	0.877727
203	121.243	0	0.258662	-0.22021	0.940533
207	121.243	0	0.544559	0.0299417	0.838188
209	117.779	0	0.448105	0.0850999	0.889921
213	117.779	0	0.399166	0.217109	0.890803
215	121.243	0	0.752638	0.0415027	0.657125
219	121.243	0	0.863527	0.322197	0.387956
221	117.779	0	0.922884	0.0805127	0.376566
225	117.779	0	0.987352	0.147562	0.0579701
227	121.243	0	0.937017	0.201931	0.284998
231	121.243	0	0.965635	0.239929	0.0999169
233	117.779	0	0.980493	-0.0670425	0.184764
237	117.779	0	0.922514	0.323566	-0.210413
239	121.243	0	0.896817	0.101561	-0.430586
243	121.243	0	0.797627	-0.250789	-0.54854
245	117.779	0	0.733494	-0.309955	-0.604908
249	117.779	0	0.451963	-0.331404	-0.828191
249	124.707	0	0.455965	-0.144635	-0.878167
3	3.4635	0	0.353475	-0.349245	0.867804
11	3.4635	0	0.84157	-0.526075	0.12249
15	3.4635	0	0.933366	-0.238837	-0.267925
23	3.4635	0	0.823819	-0.0174781	-0.566583
27	3.4635	0	0.778664	-0.0114707	-0.627336
35	3.4635	0	0.0223685	0.251317	-0.967646
39	3.4635	0	-0.316935	0.232169	-0.919592
47	3.4635	0	-0.237654	0.315524	-0.918676
51	3.4635	0	-0.168592	0.216344	-0.961651
59	3.4635	0	-0.0840384	0.466747	-0.880389
63	3.4635	0	0.0297563	0.221981	-0.974597
71	3.4635	0	0.707287	-0.0405797	-0.705761
75	3.4635	0	0.765924	-0.627765	-0.138824
83	3.4635	0	0.524909	-0.709865	0.469641
87	3.4635	0	0.827814	-0.503592	0.247223
95	3.4635	0	0.639575	-0.732715	-0.232535
99	3.4635	0	0.722441	-0.356727	-0.592305
107	3.4635	0	0.933515	-0.227395	-0.277201
111	3.4635	0	0.900444	-0.152966	-0.407188
119	3.4635	0	0.692495	-0.386566	-0.609112
123	3.4635	0	0.68786	-0.0698873	-0.722471
131	3.4635	0	0.713664	-0.228203	-0.662274
135	3.4635	0	0.754465	0.161943	-0.636048
143	3.4635	0	0.510446	-0.425452	-0.747286
147	3.4635	0	0.210289	-0.528843	-0.822255
155	3.4635	0	0.428445	-0.213518	-0.877978
159	3.4635	0	0.241852	0.158389	-0.957299
167	3.4635	0	0.552853	0.494094	-0.670988
171	3.4635	0	0.529922	0.355262	-0.770046
179	3.4635	0	0.596021	-0.0582839	-0.800851
183	3.4635	0	0.68479	-0.136749	-0.715795
191	3.4635	0	0.661276	0.00733443	-0.750107
195	3.4635	0	0.934104	0.015059	-0.356682
203	3.4635	0	0.903979	-0.358135	0.233582
207	3.4635	0	0.706512	-0.231212	0.668866
215	3.4635	0	0.216024	-0.0161744	0.976254
219	3.4635	0	0.175958	-0.17712	0.968332
227	3.4635	0	-0.51547	-0.380916	0.76759
231	3.4635	0	-0.408154	-0.554339	0.72534
239	3.4635	0	-0.297094	-0.0902836	0.95057
243	3.4635	0	-0.262192	0.0835928	0.961388
3	10.3925	0	0.140899	-0.685664	0.714151
3	17.3205	0	0.00244205	-0.980067	0.198651
3	24.2485	0	-0.348006	-0.769798	-0.535073
3	31.1765	0	-0.388203	-0.665004	-0.638019
3	38.1045	0	-0.448321	-0.577645	-0.682154
3	45.0335	0	0.179493	-0.53832	-0.823404
3	51.9615	0	0.292721	-0.284615	-0.912857
3	58.8895	0	0.337627	-0.398172	-0.852917
3	65.8175	0	0.554092	-0.141686	-0.820309
3	72.7455	0	0.927862	-0.336341	-0.161084
3	79.6745	0	0.817251	-0.0267718	0.575659
3	86.6025	0	0.543129	0.000323249	0.839649
3	93.5305	0	0.288489	0.0333567	0.956902
3	100.459	0	0.157079	0.625369	0.764356
3	107.387	0	0.512384	0.782226	0.35438
3	114.315	0	0.342283	0.933735	-0.104788
3	121.243	0	0.298248	0.886301	-0.354285
5	124.707	0	-0.00770496	0.675297	-0.737506
9	124.707	0	0.1227	0.146679	-0.981545
17	124.707	0	-0.160593	-0.665141	-0.729244
21	124.707	0	-0.390254	-0.914216	-0.109136
29	124.707	0	-0.17363	-0.980542	-0.0915944
33	124.707	0	0.0812796	-0.996633	0.0107965
41	124.707	0	-0.0367231	-0.998063	0.0502187
45	124.707	0	-0.011994	-0.994149	0.107353
53	124.707	0	-0.144283	-0.950876	0.273892
57	124.707	0	-0.11258	-0.9798	-0.165283
65	124.707	0	0.0397384	-0.99287	0.112381
69	124.707	0	-0.288269	-0.95737	0.0185159
77	124.707	0	-0.42262	-0.794186	-0.436646
81	124.707	0	-0.242579	-0.90321	-0.354073
89	124.707	0	0.182922	-0.492346	-0.850961
93	124.707	0	-0.0213775	-0.581807	-0.813046
101	124.707	0	-0.000668497	-0.356255	-0.934388
105	124.707	0	0.17377	-0.0329474	-0.984235
113	124.707	0	0.490948	0.167164	-0.855001
117	124.707	0	0.421051	-0.171885	-0.890602
125	124.707	0	0.118012	-0.317309	-0.940951
129	124.707	0	0.219037	-0.631819	-0.743523
137	124.707	0	-0.246021	-0.963197	0.10828
141	124.707	0	-0.564887	-0.690855	-0.451245
149	124.707	0	-0.531655	-0.787531	0.311669
153	124.707	0	-0.756468	-0.465561	0.459357
161	124.707	0	-0.662478	-0.371853	0.650268
165	124.707	0	-0.518672	-0.372931	0.769351
173	124.707	0	-0.654158	-0.191552	0.7317
177	124.707	0	-0.394927	0.025105	0.918369
185	124.707	0	-0.140994	-0.243387	0.959627
189	124.707	0	-0.106765	-0.0486861	0.993092
197	124.707	0	0.491954	-0.0821729	0.866734
201	124.707	0	0.110328	-0.0800452	0.990667
209	124.707	0	0.6225	-0.119532	0.773438
213	124.707	0	0.681277	0.117627	0.722514
221	124.707	0	0.868585	0.332498	0.36743
225	124.707	0	0.876983	0.104637	0.46899
233	124.707	0	0.963344	-0.0928135	0.251704
237	124.707	0	0.979146	-0.0653032	-0.192376
245	124.707	0	0.705117	-0.493247	-0.509428
5	131.635	0	-0.280803	0.183431	-0.942073
9	131.635	0	-0.197815	-0.113044	-0.973699
11	135.099	0	-0.655774	-0.674586	-0.338961
15	135.099	0	-0.733739	-0.673937	-0.0862302
17	131.635	0	-0.668882	-0.692386	-0.270554
21	131.635	0	-0.525944	-0.846185	-0.0857578
23	135.099	0	-0.597087	-0.799273	-0.0681877
27	135.099	0	-0.465648	-0.874546	-0.135431
29	131.635	0	-0.429081	-0.801771	-0.415996
33	131.635	0	-0.196352	-0.884753	-0.422679
35	135.099	0	-0.011831	-0.890371	-0.455081
39	135.099	0	0.214192	-0.956945	-0.195904
41	131.635	0	0.131459	-0.970197	-0.203561
45	131.635	0	0.590677	-0.764288	-0.258774
47	135.099	0	0.402455	-0.889813	-0.215088
51	135.099	0	0.242552	-0.962164	-0.124136
53	131.635	0	0.262633	-0.956061	-0.130274
57	131.635	0	-0.134376	-0.949669	-0.282968
59	135.099	0	0.435606	-0.844404	-0.311816
63	135.099	0	0.47541	-0.879462	0.0230483
65	131.635	0	0.115818	-0.935077	-0.334988
69	131.635	0	-0.0798634	-0.989052	-0.12409
71	135.099	0	0.214709	-0.957246	-0.193856
75	135.099	0	-0.167742	-0.89202	-0.419719
77	131.635	0	-0.500836	-0.700057	-0.509003
81	131.635	0	-0.417247	-0.72559	-0.547196
83	135.099	0	0.105763	-0.765721	-0.634417
87	135.099	0	0.220487	-0.614638	-0.757368
89	131.635	0	0.0341072	-0.532937	-0.845467
93	131.635	0	0.112331	-0.404721	-0.907515
95	135.099	0	0.0457906	-0.671267	-0.7398
99	135.099	0	-0.131122	-0.0762008	-0.988433
101	131.635	0	-0.0318557	0.0772776	-0.996501
105	131.635	0	0.142775	-0.0783313	-0.986651
107	135.099	0	0.230655	-0.232815	-0.944773
111	135.099	0	0.085945	-0.397976	-0.913361
113	131.635	0	0.598	-0.354949	-0.718615
117	131.635	0	0.262894	-0.556322	-0.788285
119	135.099	0	0.0734728	-0.624284	-0.777734
123	135.099	0	0.0243848	-0.525728	-0.850303
125	131.635	0	-0.319837	-0.329679	-0.888266
129	131.635	0	-0.483562	-0.638429	-0.598812
131	135.099	0	-0.370728	-0.695626	-0.615358
135	135.099	0	-0.774426	-0.502699	-0.384132
137	131.635	0	-0.812121	-0.5256	-0.253384
141	131.635	0	-0.768949	-0.444042	-0.459938
143	135.099	0	-0.744101	-0.413206	-0.524951
147	135.099	0	-0.902238	-0.326128	-0.282148
149	131.635	0	-0.711472	-0.588775	-0.383603
153	131.635	0	-0.853172	-0.52001	0.0410769
155	135.099	0	-0.865072	-0.351814	0.3576
159	135.099	0	-0.543257	-0.441394	0.714173
161	131.635	0	-0.673401	-0.103223	0.732035
165	131.635	0	-0.478093	-0.314936	0.819904
167	135.099	0	-0.662044	-0.353787	0.660706
171	135.099	0	-0.7339	-0.0659608	0.676048
173	131.635	0	-0.527546	-0.197234	0.826313
177	131.635	0	-0.432468	-0.259927	0.863371
179	135.099	0	-0.497816	-0.158129	0.852745
183	135.099	0	-0.345297	-0.058668	0.936658
185	131.635	0	0.129373	-0.402776	0.906109
189	131.635	0	-0.0142523	-0.235471	0.971777
191	135.099	0	-0.0148381	0.073386	0.997193
195	135.099	0	0.127449	-0.0577352	0.990163
197	131.635	0	0.38738	-0.186715	0.902815
201	131.635	0	0.445802	-0.0066418	0.895107
203	135.099	0	0.742549	-0.366505	0.560621
207	135.099	0	0.762414	-0.129509	0.633997
209	131.635	0	0.733586	-0.164613	0.659359
213	131.635	0	0.55311	-0.0735847	0.829852
215	135.099	0	0.722142	-0.261246	0.640517
219	135.099	0	0.670687	-0.25168	0.697737
221	131.635	0	0.773099	-0.300382	0.558649
225	131.635	0	0.995884	-0.0841467	-0.0336872
227	135.099	0	0.81369	-0.314193	0.489072
231	135.099	0	0.494649	-0.745539	0.446648
233	131.635	0	0.775478	-0.572441	0.266354
237	131.635	0	0.169225	-0.931641	0.321573
239	135.099	0	0.277802	-0.711683	0.645239
243	135.099	0	-0.0648536	-0.916509	0.394722
245	131.635	0	0.145945	-0.914361	0.377682
249	131.635	0	0.172106	-0.90163	0.39679
5	138.563	0	-0.803967	-0.037353	-0.5935
9	138.563	0	-0.665898	-0.367872	-0.649038
11	142.027	0	-0.646987	-0.249516	-0.720521
15	142.027	0	-0.735799	-0.199731	-0.647076
17	138.563	0	-0.780507	-0.510539	-0.360775
21	138.563	0	-0.474004	-0.87583	-0.0907874
23	142.027	0	-0.664938	-0.666276	-0.33754
27	142.027	0	-0.700172	-0.6315	-0.333117
29	138.563	0	-0.49512	-0.791684	-0.357901
33	138.563	0	-0.141408	-0.920363	-0.364602
35	142.027	0	-0.24222	-0.967857	-0.0676868
39	142.027	0	-0.137075	-0.951627	-0.274986
41	138.563	0	0.253858	-0.944675	-0.207716
45	138.563	0	0.323957	-0.844037	-0.42738
47	142.027	0	0.579154	-0.753439	-0.311304
51	142.027	0	0.786784	-0.61443	-0.058711
53	138.563	0	0.656393	-0.754181	-0.0189413
57	138.563	0	0.833991	-0.54514	-0.0853372
59	142.027	0	0.644497	-0.761057	0.0735933
63	142.027	0	0.603482	-0.786661	-0.130284
65	138.563	0	0.601782	-0.795372	-0.0723985
69	138.563	0	0.38149	-0.918403	-0.104885
71	142.027	0	0.605079	-0.766966	-0.213639
75	142.027	0	0.610447	-0.785434	-0.102215
77	138.563	0	0.20828	-0.787515	-0.580035
81	138.563	0	0.289832	-0.828828	-0.478583
83	142.027	0	0.655475	-0.750411	-0.0850663
87	142.027	0	0.727295	-0.686324	0.000845727
89	138.563	0	0.385216	-0.652279	-0.652795
93	138.563	0	0.282276	-0.783128	-0.554103
95	142.027	0	0.335206	-0.890004	-0.309078
99	142.027	0	0.292809	-0.53229	-0.794311
101	138.563	0	0.342815	-0.337954	-0.876507
105	138.563	0	0.309501	-0.169622	-0.935648
107	142.027	0	0.197711	-0.235432	-0.951568
111	142.027	0	0.143993	-0.498256	-0.85499
113	138.563	0	0.217323	-0.372426	-0.902258
117	138.563	0	0.194193	-0.414804	-0.888947
119	142.027	0	0.30757	-0.553863	-0.773716
123	142.027	0	-0.0378898	-0.548621	-0.835212
125	138.563	0	-0.0148011	-0.51512	-0.85699
129	138.563	0	-0.402017	-0.4975	-0.768685
131	142.027	0	-0.33769	-0.276408	-0.899758
135	142.027	0	-0.709676	-0.351207	-0.610749
137	138.563	0	-0.812491	-0.385061	-0.437706
141	138.563	0	-0.874563	-0.333917	-0.351623
143	142.027	0	-0.908468	-0.195836	-0.369235
147	142.027	0	-0.967468	-0.241093	-0.076681
149	138.563	0	-0.83328	-0.552761	-0.0100026
153	138.563	0	-0.871608	-0.258692	0.416388
155	142.027	0	-0.922064	-0.341864	0.181456
159	142.027	0	-0.944314	-0.207681	0.255225
161	138.563	0	-0.810422	-0.505604	0.295939
165	138.563	0	-0.759784	-0.419876	0.496419
167	142.027	0	-0.807189	-0.255794	0.531992
171	142.027	0	-0.526267	-0.34566	0.776892
173	138.563	0	-0.640217	-0.175015	0.747992
177	138.563	0	-0.637561	-0.0472172	0.768952
179	142.027	0	-0.640098	-0.342995	0.68748
183	142.027	0	-0.404936	0.182042	0.89604
185	138.563	0	-0.220763	-0.152261	0.963369
189	138.563	0	-0.174232	-0.130602	0.976005
191	142.027	0	-0.0974728	-0.0200546	0.995036
195	142.027	0	0.430161	-0.54524	0.719496
197	138.563	0	0.364139	-0.319842	0.874702
201	138.563	0	0.462518	-0.691862	0.55444
203	142.027	0	0.890338	-0.343447	0.298903
207	142.027	0	0.87521	-0.37599	0.304366
209	138.563	0	0.765552	-0.35544	0.536277
213	138.563	0	0.657748	-0.443923	0.608522
215	142.027	0	0.634046	-0.346449	0.691346
219	142.027	0	0.772203	-0.373496	0.514008
221	138.563	0	0.717757	-0.508124	0.476062
225	138.563	0	0.736683	-0.629465	0.247127
227	142.027	0	0.539673	-0.76447	0.352616
231	142.027	0	0.436848	-0.676654	0.592708
233	138.563	0	0.648438	-0.419039	0.635558
237	138.563	0	0.107503	-0.604391	0.789402
239	142.027	0	0.188221	-0.73403	0.652512
243	142.027	0	-0.277818	-0.714836	0.641737
245	138.563	0	-0.336286	-0.708143	0.620843
249	138.563	0	0.0237704	-0.387388	0.92161
5	145.493	0	-0.60399	-0.178408	-0.776767
9	145.493	0	-0.444559	0.0084597	-0.89571
11	148.957	0	-0.446391	-0.087796	-0.890521
15	148.957	0	-0.66086	-0.114632	-0.741704
17	145.493	0	-0.781316	0.0493719	-0.622179
21	145.493	0	-0.515514	-0.423755	-0.744766
23	148.957	0	-0.513019	-0.193166	-0.83636
27	148.957	0	-0.670926	-0.460187	-0.581452
29	145.493	0	-0.558309	-0.791889	-0.247391
33	145.493	0	-0.415165	-0.8636	-0.286065
35	148.957	0	-0.31459	-0.702184	-0.638726
39	148.957	0	-0.110126	-0.841561	-0.528816
41	145.493	0	0.184218	-0.953807	-0.23731
45	145.493	0	0.380481	-0.874907	-0.299618
47	148.957	0	0.392311	-0.899838	-0.190746
51	148.957	0	0.549702	-0.809205	-0.207401
53	145.493	0	0.600585	-0.799508	0.00926635
57	145.493	0	0.616999	-0.781357	0.093776
59	148.957	0	0.807617	-0.589564	-0.0130389
63	148.957	0	0.7388	-0.663416	0.118552
65	145.493	0	0.565916	-0.808438	0.161763
69	145.493	0	0.629391	-0.756467	0.177836
71	148.957	0	0.757012	-0.649908	0.0674728
75	148.957	0	0.600863	-0.614526	0.511197
77	145.493	0	0.780256	-0.607117	0.150362
81	145.493	0	0.609031	-0.748532	0.262261
83	148.957	0	0.511752	-0.638832	0.574459
87	148.957	0	0.640093	-0.655664	0.400483
89	145.493	0	0.724195	-0.686415	0.066152
93	145.493	0	0.319933	-0.947332	-0.0143205
95	148.957	0	0.493267	-0.866646	0.074911
99	148.957	0	0.448279	-0.819634	-0.356714
101	145.493	0	0.237958	-0.552937	-0.798522
105	145.493	0	0.220644	-0.55295	-0.803469
107	148.957	0	0.377795	-0.485442	-0.788427
111	148.957	0	0.445989	-0.370272	-0.814857
113	145.493	0	0.377097	-0.563606	-0.734946
117	145.493	0	0.772984	-0.542355	-0.329161
119	148.957	0	0.432239	-0.440745	-0.786711
123	148.957	0	0.443932	-0.12348	-0.887512
125	145.493	0	0.204825	-0.329534	-0.921658
129	145.493	0	0.0129688	-0.315933	-0.948693
131	148.957	0	0.0826372	0.203587	-0.975563
135	148.957	0	-0.23269	0.207456	-0.950167
137	145.493	0	-0.673515	-0.081516	-0.734665
141	145.493	0	-0.840846	-0.215703	-0.496437
143	148.957	0	-0.881961	-0.131832	-0.452509
147	148.957	0	-0.830886	-0.233071	-0.505279
149	145.493	0	-0.963908	-0.238408	-0.118505
153	145.493	0	-0.916168	-0.389391	-0.0949242
155	148.957	0	-0.821963	-0.167887	-0.544234
159	148.957	0	-0.987754	-0.156018	-0.00112939
161	145.493	0	-0.78753	-0.408904	0.46108
165	145.493	0	-0.937299	-0.287893	0.196437
167	148.957	0	-0.966651	0.017539	0.255498
171	148.957	0	-0.778092	-0.272699	0.565869
173	145.493	0	-0.707616	-0.141158	0.692354
177	145.493	0	-0.582543	-0.212913	0.784418
179	148.957	0	-0.510733	-0.209386	0.833852
183	148.957	0	-0.490195	-0.233422	0.839775
185	145.493	0	0.0580017	-0.096093	0.993681
189	145.493	0	-0.0403808	-0.173313	0.984039
191	148.957	0	-0.0992445	-0.576915	0.810753
195	148.957	0	-0.0154145	-0.457373	0.889141
197	145.493	0	0.409607	-0.432994	0.802956
201	145.493	0	0.858864	-0.36231	0.362055
203	148.957	0	0.849943	-0.472623	0.232862
207	148.957	0	0.78375	-0.55603	0.276707
209	145.493	0	0.767358	-0.522649	0.371483
213	145.493	0	0.858867	-0.387108	0.335403
215	148.957	0	0.971842	-0.155369	0.177154
219	148.957	0	0.984897	-0.147617	0.0904786
221	145.493	0	0.756124	-0.377289	0.534724
225	145.493	0	0.513491	-0.628174	0.584571
227	148.957	0	0.747001	-0.430278	0.506805
231	148.957	0	0.485189	-0.632126	0.604159
233	145.493	0	0.225776	-0.491243	0.841252
237	145.493	0	0.167846	-0.169473	0.971137
239	148.957	0	-0.116389	-0.235046	0.964991
243	148.957	0	-0.264516	-0.0229398	0.964108
245	145.493	0	-0.278919	-0.223144	0.93403
249	145.493	0	-0.0121899	-0.247184	0.968892
5	152.421	0	-0.358435	-0.220965	-0.907028
9	152.421	0	-0.498739	0.00408868	-0.866743
11	155.885	0	-0.667549	0.0371754	-0.743637
15	155.885	0	-0.892157	-0.131839	-0.432059
17	152.421	0	-0.907503	-0.132787	-0.398504
21	152.421	0	-0.905649	0.188748	-0.379704
23	155.885	0	-0.777844	-0.28155	-0.561861
27	155.885	0	-0.541505	-0.759326	-0.360827
29	152.421	0	-0.638552	-0.692139	-0.336444
33	152.421	0	-0.532793	-0.654853	-0.536002
35	155.885	0	-0.149095	-0.938982	-0.309974
39	155.885	0	0.338433	-0.780998	-0.524887
41	152.421	0	-0.202316	-0.95968	-0.195147
45	152.421	0	0.353658	-0.917556	-0.181703
47	155.885	0	0.579742	-0.81437	0.0264742
51	155.885	0	0.723477	-0.663063	0.19217
53	152.421	0	0.829485	-0.47917	-0.286969
57	152.421	0	0.915154	-0.389473	0.103945
59	155.885	0	0.849883	-0.461645	0.254133
63	155.885	0	0.84132	-0.122347	0.526509
65	152.421	0	0.905102	-0.285832	0.314786
69	152.421	0	0.661309	-0.428254	0.615848
71	155.885	0	0.663155	-0.11572	0.739482
75	155.885	0	0.677651	-0.137583	0.722399
77	152.421	0	0.685884	-0.0986491	0.720993
81	152.421	0	0.507638	-0.438904	0.741395
83	155.885	0	0.30394	-0.448079	0.840741
87	155.885	0	0.340238	-0.58163	0.73888
89	152.421	0	0.613724	-0.58149	0.534053
93	152.421	0	0.624963	-0.765848	0.151323
95	155.885	0	0.717944	-0.691604	0.0789964
99	155.885	0	0.577782	-0.8008	-0.157759
101	152.421	0	0.255832	-0.798132	-0.545468
105	152.421	0	0.314623	-0.575102	-0.755162
107	155.885	0	0.538968	-0.581369	-0.609528
111	155.885	0	0.49287	-0.345182	-0.798704
113	152.421	0	0.508944	-0.297533	-0.807744
117	152.421	0	0.584297	-0.128671	-0.801275
119	155.885	0	0.327406	-0.223695	-0.918023
123	155.885	0	-0.148872	-0.146569	-0.977934
125	152.421	0	0.0351661	-0.192274	-0.980711
129	152.421	0	0.0182653	0.0471793	-0.998719
131	155.885	0	0.133051	0.0620144	-0.989167
135	155.885	0	0.0487025	-0.151909	-0.987194
137	152.421	0	-0.175523	-0.0158351	-0.984348
141	152.421	0	-0.732536	0.125314	-0.669094
143	155.885	0	-0.623761	0.128654	-0.770954
147	155.885	0	-0.821749	0.0549603	-0.567193
149	152.421	0	-0.848369	-0.11086	-0.517668
153	152.421	0	-0.782923	-0.473199	-0.403873
155	155.885	0	-0.525458	-0.155739	-0.836444
159	155.885	0	-0.778952	0.0786297	-0.622134
161	152.421	0	-0.84896	0.406968	-0.337111
165	152.421	0	-0.993619	0.107268	0.0348511
167	155.885	0	-0.982929	0.183008	0.0189103
171	155.885	0	-0.983363	0.124918	0.131882
173	152.421	0	-0.83908	-0.390039	0.379229
177	152.421	0	-0.648048	-0.476647	0.594004
179	155.885	0	-0.667052	-0.203792	0.716596
183	155.885	0	-0.462437	-0.112224	0.879522
185	152.421	0	-0.426936	-0.238156	0.872357
189	152.421	0	-0.0561157	-0.52747	0.847719
191	155.885	0	-0.00253032	-0.42902	0.903291
195	155.885	0	0.109908	-0.711331	0.694211
197	152.421	0	0.521752	-0.545249	0.656108
201	152.421	0	0.707712	-0.601643	0.370365
203	155.885	0	0.576208	-0.760046	0.300522
207	155.885	0	0.664541	-0.726947	0.173013
209	152.421	0	0.840683	-0.520436	0.149662
213	152.421	0	0.953987	-0.264638	0.140977
215	155.885	0	0.940169	-0.321518	-0.112731
219	155.885	0	0.86602	-0.438525	0.24022
221	152.421	0	0.922211	-0.316476	0.222192
225	152.421	0	0.640986	-0.350089	0.683063
227	155.885	0	0.469177	-0.398118	0.788274
231	155.885	0	0.407162	-0.0922228	0.908688
233	152.421	0	0.324144	-0.269892	0.906691
237	152.421	0	0.031536	-0.224072	0.974062
239	155.885	0	-0.13519	0.052192	0.989444
243	155.885	0	-0.428138	0.16229	0.889022
245	152.421	0	-0.372665	0.095581	0.92303
249	152.421	0	-0.344012	-0.270981	0.899014
5	159.349	0	-0.672874	0.182374	-0.716925
9	159.349	0	-0.801375	-0.280233	-0.528458
11	162.812	0	-0.808054	-0.47121	-0.353569
15	162.812	0	-0.736733	-0.39817	-0.546522
17	159.349	0	-0.786453	0.0181185	-0.617384
21	159.349	0	-0.88095	-0.150307	-0.448704
23	162.812	0	-0.51351	-0.698817	-0.497958
27	162.812	0	-0.222803	-0.847298	-0.482126
29	159.349	0	-0.464774	-0.851451	-0.242934
33	159.349	0	-0.229607	-0.968863	-0.0926564
35	162.812	0	-0.234169	-0.970636	-0.0550556
39	162.812	0	-0.0711237	-0.961879	-0.264065
41	159.349	0	0.103376	-0.961169	-0.255865
45	159.349	0	0.270898	-0.95981	-0.0733336
47	162.812	0	0.191699	-0.891876	-0.409644
51	162.812	0	0.339153	-0.940594	0.0160965
53	159.349	0	0.506937	-0.861713	0.0215908
57	159.349	0	0.896738	-0.430937	0.100773
59	162.812	0	0.883133	-0.285341	0.372366
63	162.812	0	0.830364	-0.160332	0.533657
65	159.349	0	0.768498	0.10757	0.630745
69	159.349	0	0.731497	-0.060659	0.679142
71	162.812	0	0.687137	-0.112818	0.717715
75	162.812	0	0.542076	-0.224172	0.809877
77	159.349	0	0.586679	-0.28335	0.758631
81	159.349	0	0.562363	-0.000690059	0.82689
83	162.812	0	0.484513	-0.123592	0.866009
87	162.812	0	0.493811	-0.480205	0.724951
89	159.349	0	0.136124	-0.721696	0.678693
93	159.349	0	0.769581	-0.612975	0.178903
95	162.812	0	0.865004	-0.433519	0.252644
99	162.812	0	0.719993	-0.693981	0.000143676
101	159.349	0	0.730572	-0.662915	-0.163734
105	159.349	0	0.498182	-0.706869	-0.502147
107	162.812	0	0.452968	-0.712444	-0.535951
111	162.812	0	0.774059	-0.326567	-0.54239
113	159.349	0	0.207246	-0.381335	-0.900907
117	159.349	0	0.267888	-0.308044	-0.912877
119	162.812	0	0.372142	-0.0763196	-0.925033
123	162.812	0	0.438037	-0.145407	-0.887119
125	159.349	0	0.106807	-0.217627	-0.970171
129	159.349	0	-0.0422767	0.172049	-0.984181
131	162.812	0	0.349145	-0.317307	-0.881711
135	162.812	0	-0.0308843	-0.00745246	-0.999495
137	159.349	0	-0.0114737	-0.0866227	-0.996175
141	159.349	0	-0.0685438	0.0449499	-0.996635
143	162.812	0	-0.110055	0.0780963	-0.990853
147	162.812	0	0.0522084	0.0302287	-0.998179
149	159.349	0	-0.448293	0.0339373	-0.893242
153	159.349	0	-0.128746	-0.0525163	-0.990286
155	162.812	0	-0.256595	-0.0164005	-0.96638
159	162.812	0	-0.536733	0.0633412	-0.841371
161	159.349	0	-0.78704	0.0395887	-0.61563
165	159.349	0	-0.777619	0.0988462	-0.620918
167	162.812	0	-0.848028	0.281	-0.449319
171	162.812	0	-0.902075	0.352194	-0.249441
173	159.349	0	-0.99216	0.124941	0.00295984
177	159.349	0	-0.855417	0.0372802	0.516597
179	162.812	0	-0.943394	-0.123015	0.308018
183	162.812	0	-0.894599	-0.0573509	0.443174
185	159.349	0	-0.416057	0.0768789	0.906083
189	159.349	0	-0.30175	-0.382677	0.873215
191	162.812	0	-0.153233	-0.447034	0.881295
195	162.812	0	0.196926	-0.812555	0.548612
197	159.349	0	0.331043	-0.750049	0.572571
201	159.349	0	0.555895	-0.70573	0.439234
203	162.812	0	0.643204	-0.765243	0.0263158
207	162.812	0	0.894728	-0.337538	-0.292456
209	159.349	0	0.898068	-0.272344	-0.345401
213	159.349	0	0.81448	-0.0554747	-0.577534
215	162.812	0	0.591403	0.321932	-0.739326
219	162.812	0	0.474145	0.16321	-0.865187
221	159.349	0	0.996683	0.0475823	-0.0660291
225	159.349	0	0.967166	0.0283499	0.25256
227	162.812	0	0.970097	-0.0424617	-0.238975
231	162.812	0	0.986052	0.159868	-0.0463015
233	159.349	0	0.373434	0.26393	0.889319
237	159.349	0	-0.0164179	0.186357	0.982345
239	162.812	0	0.164818	0.098173	0.981426
243	162.812	0	-0.167225	0.4175	0.893157
245	159.349	0	-0.261977	0.187351	0.946714
249	159.349	0	-0.445432	0.113202	0.888131
5	166.276	0	-0.590867	-0.340078	-0.731589
9	166.276	0	-0.662965	-0.705644	-0.250089
11	169.74	0	-0.572688	-0.739948	-0.352853
15	169.74	0	-0.474511	-0.750632	-0.459772
17	166.276	0	-0.458062	-0.867373	-0.194533
21	166.276	0	-0.552909	-0.782972	-0.285038
23	169.74	0	-0.505123	-0.772588	-0.384653
27	169.74	0	-0.453454	-0.809686	-0.372544
29	166.276	0	-0.30853	-0.777996	-0.547295
33	166.276	0	0.0701084	-0.94973	-0.305118
35	169.74	0	-0.00108482	-0.962374	-0.271727
39	169.74	0	0.292833	-0.894925	-0.336686
41	166.276	0	0.248063	-0.887517	-0.388303
45	166.276	0	0.102018	-0.981045	-0.164753
47	169.74	0	0.407646	-0.91303	0.0141941
51	169.74	0	0.55367	-0.832521	0.0189282
53	166.276	0	0.507373	-0.829994	0.231696
57	166.276	0	0.81449	-0.577815	-0.0523048
59	169.74	0	0.879951	-0.394497	0.264686
63	169.74	0	0.801259	-0.239914	0.54811
65	166.276	0	0.840332	0.00184879	0.542069
69	166.276	0	0.694723	-0.265276	0.668572
71	169.74	0	0.542768	0.0816512	0.835904
75	169.74	0	0.415225	-0.129916	0.900395
77	166.276	0	0.310376	-0.20345	0.928588
81	166.276	0	0.454733	-0.0521433	0.8891
83	169.74	0	0.270224	-0.256101	0.928112
87	169.74	0	0.328128	-0.213686	0.920147
89	166.276	0	0.62078	-0.194881	0.759377
93	166.276	0	0.75096	-0.373096	0.544847
95	169.74	0	0.489179	-0.605862	0.627404
99	169.74	0	0.775486	-0.624788	-0.0908905
101	166.276	0	0.759603	-0.648009	-0.0555643
105	166.276	0	0.707324	-0.647468	-0.283685
107	169.74	0	0.786578	-0.503408	-0.357597
111	169.74	0	0.871779	-0.280315	-0.401777
113	166.276	0	0.628779	-0.478691	-0.612774
117	166.276	0	0.611577	-0.176555	-0.771234
119	169.74	0	0.584785	-0.00840829	-0.811145
123	169.74	0	0.617594	-0.0786119	-0.782559
125	166.276	0	0.609074	0.00638561	-0.793087
129	166.276	0	0.483	0.0659463	-0.873134
131	169.74	0	0.29814	0.271051	-0.915229
135	169.74	0	0.288654	0.302784	-0.908296
137	166.276	0	-0.0502281	-0.0950018	-0.994209
141	166.276	0	-0.0360462	-0.0892937	-0.995353
143	169.74	0	0.281155	-0.113361	-0.952943
147	169.74	0	0.287627	-0.114259	-0.950903
149	166.276	0	-0.0627887	0.17379	-0.982779
153	166.276	0	-0.176177	0.122922	-0.976653
155	169.74	0	-0.445789	0.00226434	-0.895135
159	169.74	0	-0.319437	0.244533	-0.915513
161	166.276	0	-0.480925	0.333384	-0.810904
165	166.276	0	-0.716196	0.390478	-0.578438
167	169.74	0	-0.540997	0.106249	-0.834286
171	169.74	0	-0.787306	0.220796	-0.575672
173	166.276	0	-0.902794	0.244045	-0.354127
177	166.276	0	-0.979917	0.00149501	0.199398
179	169.74	0	-0.998358	0.0157713	0.0550667
183	169.74	0	-0.90332	-0.154977	0.399993
185	166.276	0	-0.856615	0.113635	0.503287
189	166.276	0	-0.685164	-0.502766	0.527045
191	169.74	0	-0.657464	-0.690715	0.301087
195	169.74	0	-0.341452	-0.937806	0.0626928
197	166.276	0	0.0320328	-0.985102	0.168961
201	166.276	0	0.467254	-0.87266	0.14191
203	169.74	0	0.206886	-0.973279	-0.0996258
207	169.74	0	0.581862	-0.556	-0.593549
209	166.276	0	0.848084	-0.151461	-0.507753
213	166.276	0	0.500808	0.0829451	-0.861575
215	169.74	0	0.442875	-0.278724	-0.852159
219	169.74	0	0.331716	0.159754	-0.929754
221	166.276	0	0.795129	-0.0157328	-0.606237
225	166.276	0	0.812975	-0.109435	-0.571922
227	169.74	0	0.970169	-0.0547791	-0.236162
231	169.74	0	0.768208	0.0981116	-0.632638
233	166.276	0	0.878323	0.40542	-0.253343
237	166.276	0	0.821114	0.335604	0.461673
239	169.74	0	0.635032	0.738759	0.225764
243	169.74	0	0.317588	0.938324	0.1367
245	166.276	0	0.0362919	0.737597	0.674265
249	166.276	0	0.358813	0.838455	0.410179
5	173.204	0	-0.610315	-0.512195	-0.604295
9	173.204	0	-0.514288	-0.698817	-0.497155
11	176.668	0	-0.606252	-0.515475	-0.605594
15	176.668	0	-0.631026	-0.717385	-0.295236
17	173.204	0	-0.545023	-0.745205	-0.384213
21	173.204	0	-0.242565	-0.84481	-0.476925
23	176.668	0	-0.242442	-0.805176	-0.541215
27	176.668	0	-0.304519	-0.554491	-0.774473
29	173.204	0	-0.0656861	-0.781168	-0.620856
33	173.204	0	-0.00860987	-0.922791	-0.385204
35	176.668	0	0.395255	-0.918475	-0.0133003
39	176.668	0	0.541739	-0.840123	0.0266714
41	173.204	0	0.420785	-0.871394	0.252216
45	173.204	0	0.417808	-0.883978	0.209809
47	176.668	0	0.659283	-0.736978	0.149033
51	176.668	0	0.86209	-0.497451	0.0966625
53	173.204	0	0.867608	-0.497048	-0.0141346
57	173.204	0	0.938904	-0.236207	0.250332
59	176.668	0	0.859757	-0.233225	0.454339
63	176.668	0	0.701757	-0.0162767	0.71223
65	173.204	0	0.638498	-0.219866	0.73755
69	173.204	0	0.477582	0.0648442	0.876191
71	176.668	0	0.301558	0.183619	0.9356
75	176.668	0	0.756398	0.174796	0.630324
77	173.204	0	0.452473	0.0433944	0.890722
81	173.204	0	0.272293	0.0291883	0.961771
83	176.668	0	0.357028	0.214592	0.90911
87	176.668	0	0.403761	-0.255946	0.878333
89	173.204	0	0.346858	-0.386586	0.854541
93	173.204	0	0.537293	-0.746123	0.393214
95	176.668	0	0.574997	-0.276849	0.769892
99	176.668	0	0.435662	-0.458255	0.774727
101	173.204	0	0.512367	-0.737441	0.44007
105	173.204	0	0.847657	-0.521575	-0.0971433
107	176.668	0	0.701187	-0.156077	-0.695685
111	176.668	0	0.8835	0.162771	-0.439243
113	173.204	0	0.732659	-0.0814729	-0.675702
117	173.204	0	0.607191	-0.21486	-0.764954
119	176.668	0	0.539038	-0.0646661	-0.839795
123	176.668	0	0.333038	0.0395906	-0.942082
125	173.204	0	0.364425	-0.125341	-0.922759
129	173.204	0	0.166261	0.147894	-0.974928
131	176.668	0	0.217964	-0.120145	-0.968533
135	176.668	0	-0.0393539	-0.265032	-0.963436
137	173.204	0	0.0444866	0.206544	-0.977425
141	173.204	0	0.314631	0.0903694	-0.944902
143	176.668	0	0.292951	-0.0149189	-0.956011
147	176.668	0	0.170076	0.395289	-0.902674
149	173.204	0	0.193914	0.128774	-0.97253
153	173.204	0	-0.0218839	0.0939632	-0.995335
155	176.668	0	-0.191956	0.314475	-0.929655
159	176.668	0	-0.114723	0.172392	-0.978325
161	173.204	0	-0.253663	0.272999	-0.927969
165	173.204	0	-0.397575	-0.0355655	-0.91688
167	176.668	0	-0.314662	0.0286766	-0.948771
171	176.668	0	-0.473772	0.379716	-0.794579
173	173.204	0	-0.625842	0.537072	-0.565576
177	173.204	0	-0.950564	0.300109	-0.0797649
179	176.668	0	-0.91955	-0.12011	-0.374167
183	176.668	0	-0.977935	-0.0643915	0.198737
185	173.204	0	-0.801648	-0.10767	0.588021
189	173.204	0	-0.595896	-0.520954	0.611159
191	176.668	0	-0.81067	-0.561013	0.167567
195	176.668	0	-0.543266	-0.83943	0.0147966
197	173.204	0	-0.721218	-0.66761	0.184775
201	173.204	0	-0.541988	-0.839399	-0.0407242
203	176.668	0	-0.333745	-0.906442	0.258801
207	176.668	0	0.223299	-0.819126	-0.528366
209	173.204	0	0.486044	-0.590053	-0.64467
213	173.204	0	0.40691	-0.534598	-0.740695
215	176.668	0	0.288855	-0.920487	-0.263186
219	176.668	0	0.336474	-0.496503	-0.800169
221	173.204	0	0.431375	-0.0516111	-0.900695
225	173.204	0	0.486853	-0.180213	-0.854691
227	176.668	0	0.376477	-0.27911	-0.883382
231	176.668	0	0.536218	0.110053	-0.836874
233	173.204	0	0.622327	0.245479	-0.743269
237	173.204	0	0.765869	0.546755	-0.338384
239	176.668	0	0.475051	0.537096	-0.697033
243	176.668	0	0.516452	0.789843	-0.330795
245	173.204	0	0.32038	0.824922	-0.465684
249	173.204	0	0.112094	0.549278	-0.828088
5	180.133	0	-0.650935	-0.331757	-0.682804
9	180.133	0	-0.712537	-0.178835	-0.67846
11	183.597	0	-0.296687	-0.309338	-0.903486
15	183.597	0	-0.188907	-0.635414	-0.748708
17	180.133	0	-0.230363	-0.757911	-0.610331
21	180.133	0	0.0041118	-0.968141	-0.250372
23	183.597	0	0.0596044	-0.364806	-0.929174
27	183.597	0	-0.0768713	-0.403303	-0.911832
29	180.133	0	0.275391	-0.85313	-0.443091
33	180.133	0	0.406664	-0.820288	-0.402184
35	183.597	0	0.282328	-0.826872	-0.486388
39	183.597	0	0.670501	-0.699428	-0.247447
41	180.133	0	0.537765	-0.841602	0.0501453
45	180.133	0	0.463927	-0.800168	0.380136
47	183.597	0	0.0771045	-0.89222	0.444969
51	183.597	0	0.420224	-0.575886	0.701261
53	180.133	0	0.831023	-0.464808	0.305538
57	180.133	0	0.868381	-0.261519	0.421333
59	183.597	0	0.812177	-0.217088	0.541518
63	183.597	0	0.879909	0.0552787	0.471916
65	180.133	0	0.700958	0.171441	0.69229
69	180.133	0	0.45986	0.0855324	0.883863
71	183.597	0	0.193563	-0.122368	0.973427
75	183.597	0	0.105966	-0.316311	0.942719
77	180.133	0	0.661949	0.0686615	0.746398
81	180.133	0	0.679252	-0.0632802	0.731172
83	183.597	0	0.445826	-0.223986	0.866643
87	183.597	0	0.21609	-0.0617151	0.974421
89	180.133	0	0.312403	-0.160333	0.936321
93	180.133	0	0.418804	-0.376173	0.826497
95	183.597	0	0.352849	-0.0736669	0.932776
99	183.597	0	0.464777	-0.244281	0.851064
101	180.133	0	0.514732	-0.466528	0.719307
105	180.133	0	0.796649	-0.59729	-0.0927087
107	183.597	0	0.915415	-0.251968	0.313892
111	183.597	0	0.981418	0.0180416	0.191031
113	180.133	0	0.974851	0.0896825	-0.204018
117	180.133	0	0.974634	-0.128783	-0.183037
119	183.597	0	0.893936	0.100757	-0.436723
123	183.597	0	0.587419	0.198249	-0.784625
125	180.133	0	0.323325	0.0963656	-0.941369
129	180.133	0	0.268926	-0.166122	-0.948727
131	183.597	0	0.166019	-0.215982	-0.96218
135	183.597	0	0.448326	0.0319506	-0.893299
137	180.133	0	0.453671	0.153906	-0.877779
141	180.133	0	0.306651	-0.035499	-0.95116
143	183.597	0	0.212469	-0.328673	-0.920234
147	183.597	0	0.337114	-0.168881	-0.926193
149	180.133	0	0.0998358	0.160213	-0.982021
153	180.133	0	-0.114966	0.327933	-0.937679
155	183.597	0	-0.125126	-0.108699	-0.986168
159	183.597	0	-0.122988	-0.183805	-0.975238
161	180.133	0	-0.147261	0.111018	-0.982847
165	180.133	0	-0.16315	0.0446776	-0.985589
167	183.597	0	0.123641	-0.239777	-0.962923
171	183.597	0	0.014767	-0.142338	-0.989708
173	180.133	0	-0.101401	0.387576	-0.916244
177	180.133	0	-0.538645	-0.0356084	-0.84178
179	183.597	0	-0.528333	-0.119114	-0.84064
183	183.597	0	-0.87452	0.221499	-0.431453
185	180.133	0	-0.989802	-0.0546999	0.131526
189	180.133	0	-0.885346	-0.433948	-0.166885
191	183.597	0	-0.989551	-0.14041	0.0327752
195	183.597	0	-0.934332	-0.356019	-0.0165374
197	180.133	0	-0.886887	-0.461886	0.00960236
201	180.133	0	-0.619396	-0.781437	-0.0755231
203	183.597	0	-0.669596	-0.719717	-0.183436
207	183.597	0	-0.168041	-0.754615	-0.634286
209	180.133	0	0.197355	-0.873954	-0.444134
213	180.133	0	0.0199173	-0.819659	-0.572505
215	183.597	0	0.372892	-0.739462	-0.560489
219	183.597	0	0.505354	-0.650711	-0.566738
221	180.133	0	0.497443	-0.350853	-0.793381
225	180.133	0	0.436461	-0.280466	-0.854892
227	183.597	0	0.644449	-0.256845	-0.720219
231	183.597	0	0.728696	-0.0607521	-0.682137
233	180.133	0	0.67225	-0.0774193	-0.736265
237	180.133	0	0.504771	0.206395	-0.838217
239	183.597	0	0.681589	0.264739	-0.682165
243	183.597	0	0.430775	0.459637	-0.776638
245	180.133	0	0.597524	0.622604	-0.505302
249	180.133	0	0.950029	0.289714	-0.11624
5	187.061	0	-0.403386	-0.123533	-0.906653
9	187.061	0	-0.388434	-0.496877	-0.776036
11	190.525	0	-0.411329	-0.0394361	-0.910634
15	190.525	0	-0.29363	-0.197034	-0.935392
17	187.061	0	0.149022	-0.366326	-0.918476
21	187.061	0	0.199426	-0.53778	-0.819159
23	190.525	0	0.391403	-0.359181	-0.847227
27	190.525	0	0.0969755	-0.518947	-0.849288
29	187.061	0	0.280012	-0.344701	-0.895977
33	187.061	0	0.275801	-0.571207	-0.773083
35	190.525	0	0.550674	-0.683549	-0.479081
39	190.525	0	0.44776	-0.894152	0.00172874
41	187.061	0	0.684894	-0.710428	0.161902
45	187.061	0	0.512924	-0.585738	0.627551
47	190.525	0	0.502824	-0.415813	0.757804
51	190.525	0	0.548426	-0.0717875	0.833112
53	187.061	0	0.472187	-0.272349	0.838371
57	187.061	0	0.561275	-0.282317	0.777989
59	190.525	0	0.632987	-0.431539	0.642729
63	190.525	0	0.766067	-0.282105	0.577546
65	187.061	0	0.782932	-0.0740379	0.617686
69	187.061	0	0.548243	-0.280641	0.787826
71	190.525	0	0.637685	0.0651123	0.76754
75	190.525	0	0.614945	-0.149888	0.774194
77	187.061	0	0.362853	-0.225061	0.90426
81	187.061	0	0.264563	-0.194362	0.944579
83	190.525	0	0.148658	-0.0634074	0.986854
87	190.525	0	0.420909	-0.214484	0.881381
89	187.061	0	0.235529	-0.0703718	0.969316
93	187.061	0	0.447691	-0.000369394	0.894188
95	190.525	0	0.632259	-0.0494846	0.773175
99	190.525	0	0.543099	-0.258422	0.798913
101	187.061	0	0.499099	-0.240793	0.832418
105	187.061	0	0.757069	-0.311737	0.574166
107	190.525	0	0.967171	-0.0552302	0.248052
111	190.525	0	0.931068	0.0410014	0.362536
113	187.061	0	0.988736	0.0945257	-0.116047
117	187.061	0	0.907179	0.329997	-0.261015
119	190.525	0	0.892567	0.382733	-0.238408
123	190.525	0	0.712506	0.0430733	-0.700343
125	187.061	0	0.452337	0.0231314	-0.891547
129	187.061	0	0.521939	-0.167217	-0.836432
131	190.525	0	0.739987	0.0483855	-0.670879
135	190.525	0	0.655035	-0.0260845	-0.755148
137	187.061	0	0.653307	-0.00272844	-0.757088
141	187.061	0	0.580141	-0.062793	-0.812092
143	190.525	0	0.314739	0.266821	-0.910904
147	190.525	0	0.351417	0.439863	-0.826454
149	187.061	0	0.0716923	-0.0137839	-0.997332
153	187.061	0	0.135724	-0.0471751	-0.989623
155	190.525	0	0.335152	0.0279849	-0.941749
159	190.525	0	0.393568	0.200617	-0.897138
161	187.061	0	0.309068	-0.147662	-0.939507
165	187.061	0	0.248917	-0.167757	-0.953886
167	190.525	0	0.103899	-0.0793515	-0.991417
171	190.525	0	-0.321098	-0.0733605	-0.944201
173	187.061	0	-0.114516	-0.00629299	-0.993401
177	187.061	0	-0.442367	-0.180751	-0.878431
179	190.525	0	-0.506764	-0.333837	-0.794822
183	190.525	0	-0.563036	-0.121601	-0.817437
185	187.061	0	-0.939134	0.0324074	-0.342019
189	187.061	0	-0.953567	0.158905	-0.25585
191	190.525	0	-0.899804	-0.423645	-0.104293
195	190.525	0	-0.96146	-0.27013	0.0512319
197	187.061	0	-0.77026	-0.625269	-0.125447
201	187.061	0	-0.718138	-0.668145	-0.194578
203	190.525	0	-0.720323	-0.693212	-0.0243374
207	190.525	0	-0.631234	-0.725903	-0.273147
209	187.061	0	-0.0227969	-0.993368	-0.112692
213	187.061	0	-0.0132172	-0.971924	-0.234922
215	190.525	0	0.452499	-0.888582	-0.0752746
219	190.525	0	0.462658	-0.776022	-0.428646
221	187.061	0	0.71781	-0.548117	-0.429321
225	187.061	0	0.608959	-0.505469	-0.611286
227	190.525	0	0.586238	-0.774085	-0.238993
231	190.525	0	0.82154	-0.569185	-0.033172
233	187.061	0	0.927057	-0.357227	-0.113813
237	187.061	0	0.942412	-0.209895	-0.260393
239	190.525	0	0.999737	-0.0135856	0.0184624
243	190.525	0	0.766156	0.637958	-0.0775522
245	187.061	0	0.376061	0.853745	-0.360135
249	187.061	0	0.663428	0.620634	-0.417944
5	193.989	0	-0.535032	-0.144119	-0.832448
9	193.989	0	-0.548549	-0.259121	-0.794953
11	197.454	0	0.0858589	-0.0545939	-0.99481
15	197.454	0	-0.0535832	-0.1079	-0.992717
17	193.989	0	0.237432	-0.14616	-0.960345
21	193.989	0	0.49992	-0.352628	-0.791033
23	197.454	0	0.514672	-0.0777623	-0.853853
27	197.454	0	0.514076	-0.217957	-0.82959
29	193.989	0	0.257206	-0.340538	-0.904367
33	193.989	0	0.601995	-0.683063	-0.413554
35	197.454	0	0.754614	-0.593062	-0.280776
39	197.454	0	0.746409	-0.628702	0.218189
41	193.989	0	0.695244	-0.657813	0.289687
45	193.989	0	0.673461	-0.417144	0.610279
47	197.454	0	0.677148	-0.322222	0.661547
51	197.454	0	0.591399	-0.168776	0.788519
53	193.989	0	0.313571	-0.0408673	0.948685
57	193.989	0	0.501117	-0.265415	0.823673
59	197.454	0	0.795221	-0.205661	0.570374
63	197.454	0	0.644442	-0.455416	0.61424
65	193.989	0	0.537602	-0.157526	0.828354
69	193.989	0	0.493266	-0.118728	0.861738
71	197.454	0	0.393589	-0.0475094	0.918058
75	197.454	0	0.453694	-0.0544428	0.889493
77	193.989	0	0.273354	-0.0680671	0.959502
81	193.989	0	0.324082	-0.101718	0.940545
83	197.454	0	0.410837	-0.0670691	0.909239
87	197.454	0	0.427594	0.157651	0.890118
89	193.989	0	0.326748	0.031607	0.944583
93	193.989	0	0.351937	0.156712	0.922812
95	197.454	0	0.317153	0.563035	0.763155
99	197.454	0	0.861889	0.447162	0.239152
101	193.989	0	0.873856	0.16588	0.457011
105	193.989	0	0.917304	-0.0667103	0.39256
107	197.454	0	0.834231	0.0472088	0.549391
111	197.454	0	0.807316	0.218266	0.548271
113	193.989	0	0.768303	0.207156	0.605637
117	193.989	0	0.738339	0.673628	0.0328702
119	197.454	0	0.732919	0.678878	0.0442051
123	197.454	0	0.905404	0.233841	-0.354349
125	193.989	0	0.84569	0.150152	-0.512116
129	193.989	0	0.649766	0.425308	-0.630014
131	197.454	0	0.772749	0.364784	-0.519414
135	197.454	0	0.485335	0.236316	-0.841787
137	193.989	0	0.390076	0.230637	-0.89143
141	193.989	0	0.510076	0.323311	-0.797053
143	197.454	0	0.487163	0.487519	-0.724567
147	197.454	0	0.343813	0.567555	-0.748113
149	193.989	0	0.371277	0.399567	-0.838152
153	193.989	0	0.400106	0.129975	-0.907205
155	197.454	0	0.873409	-0.144404	-0.465085
159	197.454	0	0.83937	-0.0689696	-0.539168
161	193.989	0	0.500939	0.0542272	-0.863782
165	193.989	0	-0.0541269	-0.112238	-0.992206
167	197.454	0	0.390177	-0.226871	-0.892352
171	197.454	0	-0.364219	-0.363459	-0.857462
173	193.989	0	-0.1959	-0.231127	-0.952997
177	193.989	0	-0.503929	-0.403935	-0.763474
179	197.454	0	-0.432104	-0.185524	-0.882534
183	197.454	0	-0.764948	-0.115488	-0.633654
185	193.989	0	-0.928301	-0.112836	-0.354296
189	193.989	0	-0.918163	-0.371377	-0.138046
191	197.454	0	-0.927262	-0.324245	-0.187216
195	197.454	0	-0.85602	-0.338489	-0.390711
197	193.989	0	-0.957115	-0.287423	0.0363177
201	193.989	0	-0.934739	-0.350187	-0.0602679
203	197.454	0	-0.839544	-0.507064	0.195071
207	197.454	0	-0.481602	-0.876072	0.0236307
209	193.989	0	-0.174253	-0.969217	0.173938
213	193.989	0	0.201031	-0.972994	-0.113439
215	197.454	0	0.344086	-0.925504	0.15826
219	197.454	0	0.517637	-0.824276	0.229393
221	193.989	0	0.667067	-0.743944	-0.0396187
225	193.989	0	0.767807	-0.634895	-0.085911
227	197.454	0	0.675755	-0.642867	-0.360662
231	197.454	0	0.94848	-0.2395	0.207425
233	193.989	0	0.844125	-0.361946	0.395534
237	193.989	0	0.932208	0.0368559	0.360042
239	197.454	0	0.841554	0.282083	0.46067
243	197.454	0	0.436892	0.454849	0.776039
245	193.989	0	0.511407	0.746679	0.425362
249	193.989	0	0.421966	0.181265	0.888306
5	200.918	0	0.118835	0.0409034	-0.992071
9	200.918	0	-0.249638	0.213396	-0.944533
11	204.382	0	0.0567207	0.096359	-0.993729
15	204.382	0	-0.0121	-0.252212	-0.967596
17	200.918	0	0.434736	0.0987031	-0.895132
21	200.918	0	0.394736	-0.296119	-0.869768
23	204.382	0	0.535716	-0.227365	-0.813212
27	204.382	0	0.830151	0.013654	-0.557371
29	200.918	0	0.724575	-0.0101734	-0.689121
33	200.918	0	0.680801	-0.246513	-0.689741
35	204.382	0	0.836388	-0.251979	-0.486787
39	204.382	0	0.974491	-0.185021	-0.12702
41	200.918	0	0.863545	-0.395651	0.312651
45	200.918	0	0.882711	-0.305636	0.356942
47	204.382	0	0.883099	0.133952	0.449659
51	204.382	0	0.576045	-0.260847	0.774681
53	200.918	0	0.658934	-0.52051	0.543024
57	200.918	0	0.852497	-0.0997902	0.513118
59	204.382	0	0.812727	0.129577	0.568054
63	204.382	0	0.958378	-0.178209	0.223056
65	200.918	0	0.827815	-0.268515	0.492567
69	200.918	0	0.84177	-0.24574	0.480661
71	204.382	0	0.537039	-0.0258438	0.843161
75	204.382	0	0.61094	-0.0301526	0.791103
77	200.918	0	0.390043	0.312685	0.86608
81	200.918	0	0.301091	0.107716	0.947492
83	204.382	0	0.531351	0.0400515	0.846205
87	204.382	0	0.591819	0.404893	0.697002
89	200.918	0	0.834838	0.0426247	0.548843
93	200.918	0	0.29016	0.5275	0.798468
95	204.382	0	0.240134	0.443264	0.863628
99	204.382	0	0.407085	0.576107	0.70879
101	200.918	0	0.712572	0.498172	0.494031
105	200.918	0	0.736464	0.081927	0.671497
107	204.382	0	0.584479	0.402026	0.704812
111	204.382	0	0.738604	0.51756	0.431967
113	200.918	0	0.766338	0.211856	0.6065
117	200.918	0	0.796168	0.399823	0.454156
119	204.382	0	0.912115	0.351673	0.210648
123	204.382	0	0.478207	0.821834	0.309689
125	200.918	0	0.684882	0.422371	-0.593751
129	200.918	0	0.560291	0.359954	-0.745994
131	204.382	0	0.80849	0.30394	-0.503949
135	204.382	0	0.794831	0.578557	-0.183074
137	200.918	0	0.640203	0.592434	-0.489041
141	200.918	0	0.440906	0.714638	-0.543042
143	204.382	0	0.630156	0.641002	-0.4382
147	204.382	0	0.6857	0.671375	-0.281198
149	200.918	0	0.628584	0.707497	-0.323002
153	200.918	0	0.591939	0.528562	-0.608466
155	204.382	0	0.716851	0.419752	-0.556716
159	204.382	0	0.837107	-0.016194	-0.546799
161	200.918	0	0.468505	-0.231278	-0.852651
165	200.918	0	0.572738	-0.31197	-0.758054
167	204.382	0	0.873121	-0.294981	-0.38813
171	204.382	0	0.270945	-0.918538	-0.287884
173	200.918	0	-0.516837	-0.621145	-0.589116
177	200.918	0	-0.757641	-0.422218	-0.497707
179	204.382	0	-0.521424	-0.852072	0.0457206
183	204.382	0	-0.740483	-0.661198	0.120426
185	200.918	0	-0.950927	-0.309414	-0.000555026
189	200.918	0	-0.887986	-0.445786	-0.112939
191	204.382	0	-0.930662	-0.162109	0.328007
195	204.382	0	-0.89496	-0.358125	0.266071
197	200.918	0	-0.94932	-0.31431	0.000656596
201	200.918	0	-0.745457	-0.666145	-0.0233455
203	204.382	0	-0.725856	-0.678256	0.114463
207	204.382	0	-0.456847	-0.824115	-0.334851
209	200.918	0	-0.232322	-0.799369	-0.554108
213	200.918	0	-0.00693834	-0.85112	-0.524925
215	204.382	0	0.0699879	-0.880802	-0.468284
219	204.382	0	0.547375	-0.757136	-0.356546
221	200.918	0	0.743677	-0.666959	-0.045926
225	200.918	0	0.677835	-0.725064	-0.121741
227	204.382	0	0.835586	-0.345187	-0.427367
231	204.382	0	0.998283	0.0424347	0.0403719
233	200.918	0	0.982397	-0.177068	0.0595297
237	200.918	0	0.97981	0.151552	0.130403
239	204.382	0	0.8338	0.220176	0.50626
243	204.382	0	0.665127	0.292871	0.6869
245	200.918	0	0.519297	0.504814	0.689561
249	200.918	0	0.534527	0.00130675	0.84515
5	207.846	0	0.116948	-0.201692	-0.972442
9	207.846	0	-0.146388	-0.0698468	-0.986758
11	211.31	0	0.249005	-0.101582	-0.96316
15	211.31	0	0.286701	-0.3027	-0.908942
17	207.846	0	0.392853	-0.0459466	-0.918453
21	207.846	0	0.493819	-0.228168	-0.839096
23	211.31	0	0.434251	-0.0290854	-0.900322
27	211.31	0	0.663148	-0.190858	-0.723746
29	207.846	0	0.81933	-0.0170773	-0.573068
33	207.846	0	0.853489	-0.202996	-0.479947
35	211.31	0	0.774821	-0.234491	-0.587083
39	211.31	0	0.895429	-0.203916	-0.39576
41	207.846	0	0.978403	0.0791463	-0.190952
45	207.846	0	0.975603	0.206275	0.0751567
47	211.31	0	0.998078	0.0619602	0.00107362
51	211.31	0	0.951195	-0.0221499	0.307794
53	207.846	0	0.691426	0.10776	0.714365
57	207.846	0	0.833072	0.130648	0.537515
59	211.31	0	0.906769	-0.217744	0.36105
63	211.31	0	0.668207	-0.236215	0.70548
65	207.846	0	0.566736	-0.46138	0.682597
69	207.846	0	0.763804	-0.40218	0.504831
71	211.31	0	0.66338	-0.620476	0.418254
75	211.31	0	0.625545	-0.496571	0.601756
77	207.846	0	0.846995	0.0264842	0.530941
81	207.846	0	0.692778	-0.299278	0.656119
83	211.31	0	0.743881	-0.259384	0.615923
87	211.31	0	0.438934	0.415945	0.796446
89	207.846	0	0.322631	0.491135	0.809132
93	207.846	0	0.417515	0.467589	0.779129
95	211.31	0	0.483412	0.422982	0.76642
99	211.31	0	0.224645	0.45692	0.860673
101	207.846	0	0.462305	0.485633	0.741913
105	207.846	0	0.567701	0.249944	0.784375
107	211.31	0	0.470354	0.56928	0.674305
111	211.31	0	0.534206	0.638885	0.553578
113	207.846	0	0.853638	0.471497	0.22134
117	207.846	0	0.573515	0.686445	0.447072
119	211.31	0	0.373124	0.68687	0.623689
123	211.31	0	0.602948	0.682812	0.412579
125	207.846	0	0.737254	0.639742	0.217225
129	207.846	0	0.802731	0.582878	0.126002
131	211.31	0	0.70404	0.57894	0.411285
135	211.31	0	0.770019	0.594485	0.231644
137	207.846	0	0.811844	0.582398	-0.0414833
141	207.846	0	0.6152	0.764791	-0.191376
143	211.31	0	0.552682	0.830167	0.0732537
147	211.31	0	0.482727	0.865773	0.131953
149	207.846	0	0.213289	0.976619	-0.0268813
153	207.846	0	0.605514	0.79515	0.0330054
155	211.31	0	0.515402	0.694178	0.502472
159	211.31	0	0.636032	0.613478	0.46809
161	207.846	0	0.903747	0.417798	-0.0932052
165	207.846	0	0.999636	0.0124145	-0.0239355
167	211.31	0	0.906876	0.174588	0.38353
171	211.31	0	0.501454	0.0239026	0.864854
173	207.846	0	0.491944	-0.462014	0.737926
177	207.846	0	-0.401355	-0.71619	0.570952
179	211.31	0	-0.227518	-0.568798	0.790382
183	211.31	0	-0.623066	-0.705474	0.337781
185	207.846	0	-0.3079	-0.80886	0.500943
189	207.846	0	-0.717235	-0.517737	0.466393
191	211.31	0	-0.698988	-0.433952	0.568419
195	211.31	0	-0.822793	-0.443509	0.355404
197	207.846	0	-0.887664	-0.343357	0.306854
201	207.846	0	-0.590162	-0.806554	0.0343526
203	211.31	0	-0.870506	-0.330087	-0.365049
207	211.31	0	-0.525867	-0.332426	-0.782916
209	207.846	0	-0.49387	-0.767883	-0.40798
213	207.846	0	-0.268818	-0.46597	-0.842976
215	211.31	0	0.100238	-0.185242	-0.977567
219	211.31	0	0.28318	-0.0898137	-0.954852
221	207.846	0	0.707255	-0.364951	-0.605476
225	207.846	0	0.639743	-0.120329	-0.759112
227	211.31	0	0.515573	-0.13499	-0.846145
231	211.31	0	0.643385	0.192778	-0.740872
233	207.846	0	0.930169	0.298219	-0.214128
237	207.846	0	0.981525	0.146465	0.123109
239	211.31	0	0.776992	0.600159	-0.189982
243	211.31	0	0.909515	0.379975	0.16853
245	207.846	0	0.819734	0.468806	0.329025
249	207.846	0	0.91763	0.355898	0.176895
5	214.774	0	-0.13026	0.0217751	-0.991241
9	214.774	0	0.0248605	-0.175565	-0.984154
11	218.238	0	0.122437	0.0412546	-0.991619
15	218.238	0	0.799267	-0.113009	-0.590256
17	214.774	0	0.504358	-0.209049	-0.837807
21	214.774	0	0.510917	-0.12844	-0.849981
23	218.238	0	0.673699	0.0991126	-0.732329
27	218.238	0	0.306054	0.216407	-0.927092
29	214.774	0	0.439722	-0.0229826	-0.89784
33	214.774	0	0.518325	-0.345708	-0.782193
35	218.238	0	0.781474	0.0189283	-0.623651
39	218.238	0	0.892064	0.133901	-0.431616
41	214.774	0	0.8459	-0.214925	-0.488119
45	214.774	0	0.860195	-0.177325	-0.478142
47	218.238	0	0.949659	-0.27043	-0.158163
51	218.238	0	0.897845	-0.272803	-0.345618
53	214.774	0	0.987063	-0.113968	0.112771
57	214.774	0	0.978896	-0.182595	0.0917681
59	218.238	0	0.810564	-0.545416	0.213325
63	218.238	0	0.606783	-0.5629	0.561211
65	214.774	0	0.602871	-0.548121	0.57975
69	214.774	0	0.749875	-0.15472	0.643233
71	218.238	0	0.659764	-0.23682	0.713181
75	218.238	0	0.730129	-0.231079	0.643051
77	214.774	0	0.810567	-0.0437118	0.584012
81	214.774	0	0.735547	-0.191595	0.649817
83	218.238	0	0.845467	-0.06507	0.530048
87	218.238	0	0.780043	0.0699187	0.621808
89	214.774	0	0.36976	0.565172	0.737468
93	214.774	0	0.564601	0.549373	0.615967
95	218.238	0	0.560671	0.57307	0.597694
99	218.238	0	0.526821	0.43163	0.732226
101	214.774	0	0.506895	0.485106	0.712552
105	214.774	0	0.58212	0.688911	0.4319
107	218.238	0	0.606011	0.516411	0.605038
111	218.238	0	0.471729	0.630122	0.616781
113	214.774	0	0.507422	0.701031	0.501078
117	214.774	0	0.470833	0.593474	0.652767
119	218.238	0	0.365059	0.363256	0.857192
123	218.238	0	0.758663	0.153162	0.633223
125	214.774	0	0.557336	0.715084	0.421937
129	214.774	0	0.483799	0.730088	0.482607
131	218.238	0	0.681426	0.362019	0.636082
135	218.238	0	0.604647	0.472639	0.641104
137	214.774	0	0.659933	0.622212	0.421118
141	214.774	0	0.7408	0.465483	0.484294
143	218.238	0	0.719323	0.130133	0.682378
147	218.238	0	0.327474	0.352147	0.876786
149	214.774	0	0.421419	0.658201	0.623841
153	214.774	0	0.363211	0.74329	0.561781
155	218.238	0	0.532115	0.218377	0.818025
159	218.238	0	0.691867	0.430121	0.579927
161	214.774	0	0.58581	0.619819	0.522159
165	214.774	0	0.68763	0.412971	0.597176
167	218.238	0	0.835818	0.28821	0.467272
171	218.238	0	0.524833	0.0619205	0.84895
173	214.774	0	0.560549	-0.310665	0.76764
177	214.774	0	0.178715	-0.42535	0.887208
179	218.238	0	-0.131889	-0.0829356	0.987789
183	218.238	0	-0.160857	-0.526715	0.834683
185	214.774	0	-0.663307	-0.410434	0.625754
189	214.774	0	-0.624786	-0.205716	0.753209
191	218.238	0	-0.786922	-0.11039	0.607098
195	218.238	0	-0.852511	-0.128517	0.506663
197	214.774	0	-0.797806	-0.138383	0.586819
201	214.774	0	-0.979125	-0.195687	0.0549675
203	218.238	0	-0.989963	-0.076873	-0.118593
207	218.238	0	-0.708665	0.170776	-0.684565
209	214.774	0	-0.525429	-0.00362873	-0.85083
213	214.774	0	-0.165055	0.0154049	-0.986164
215	218.238	0	-0.11156	0.523828	-0.844487
219	218.238	0	-0.0444754	0.150657	-0.987585
221	214.774	0	0.5619	-0.0484044	-0.825788
225	214.774	0	0.219196	0.0243294	-0.975378
227	218.238	0	0.388368	0.161906	-0.90717
231	218.238	0	0.254194	0.20476	-0.945229
233	214.774	0	0.587249	0.274358	-0.761489
237	214.774	0	0.701664	0.450805	-0.551763
239	218.238	0	0.771468	0.224488	-0.595351
243	218.238	0	0.780787	0.37786	-0.497588
245	214.774	0	0.836141	0.547328	0.0360631
249	214.774	0	0.916496	0.365113	0.163484
5	221.702	0	-0.255979	0.346213	-0.902558
9	221.702	0	0.27323	0.617548	-0.73755
11	225.166	0	-0.2163	0.515854	-0.82892
15	225.166	0	0.0369351	0.417496	-0.907928
17	221.702	0	0.559038	0.0917139	-0.824054
21	221.702	0	0.608595	0.19424	-0.769339
23	225.166	0	0.455974	0.782599	-0.423824
27	225.166	0	0.638193	0.624368	-0.450415
29	221.702	0	0.201758	0.0926301	-0.975045
33	221.702	0	0.445507	-0.192269	-0.874389
35	225.166	0	0.670601	-0.0303167	-0.741199
39	225.166	0	0.625772	0.107972	-0.772496
41	221.702	0	0.764002	0.0067923	-0.645179
45	221.702	0	0.82832	-0.189311	-0.527302
47	225.166	0	0.908791	-0.231107	-0.347402
51	225.166	0	0.641217	-0.600868	-0.477283
53	221.702	0	0.957909	-0.221445	-0.182682
57	221.702	0	0.866689	-0.426033	-0.259511
59	225.166	0	0.877517	-0.385097	-0.285768
63	225.166	0	0.712294	-0.686538	-0.145955
65	221.702	0	0.743985	-0.649217	0.158124
69	221.702	0	0.889005	-0.444111	0.111519
71	225.166	0	0.75041	-0.239478	0.616064
75	225.166	0	0.845988	0.0435808	0.531417
77	221.702	0	0.793208	-0.0646671	0.605508
81	221.702	0	0.875303	0.337834	0.345996
83	225.166	0	0.617367	0.368282	0.695145
87	225.166	0	0.603723	0.521789	0.602707
89	221.702	0	0.581535	0.602123	0.547052
93	221.702	0	0.649459	0.540963	0.53438
95	225.166	0	0.419554	0.533315	0.73454
99	225.166	0	0.282503	0.43327	0.855844
101	221.702	0	0.544836	0.361852	0.75645
105	221.702	0	0.463939	0.738687	0.48898
107	225.166	0	0.663969	0.446802	0.599594
111	225.166	0	0.62546	0.317167	0.712885
113	221.702	0	0.619649	0.446797	0.645297
117	221.702	0	0.648813	0.0759865	0.757144
119	225.166	0	0.850874	0.0780241	0.519544
123	225.166	0	0.531997	0.410016	0.740855
125	221.702	0	0.758244	0.386311	0.525195
129	221.702	0	0.634815	0.424314	0.64573
131	225.166	0	0.569335	0.225311	0.790628
135	225.166	0	0.42539	0.410838	0.806384
137	221.702	0	0.59401	0.388312	0.704532
141	221.702	0	0.667385	-0.0119477	0.744617
143	225.166	0	0.701932	-0.187497	0.687122
147	225.166	0	0.649112	0.119904	0.751184
149	221.702	0	0.682052	0.228883	0.694563
153	221.702	0	0.541924	0.521514	0.659045
155	225.166	0	0.229224	0.23617	0.944288
159	225.166	0	0.50078	0.391302	0.772077
161	221.702	0	0.643332	0.591167	0.486463
165	221.702	0	0.549039	0.698014	0.459709
167	225.166	0	0.377704	0.618875	0.688718
171	225.166	0	0.278923	0.295483	0.913724
173	221.702	0	0.605769	0.143326	0.782624
177	221.702	0	0.359637	-0.184041	0.914762
179	225.166	0	0.222274	-0.149723	0.96342
183	225.166	0	0.255549	-0.28577	0.923596
185	221.702	0	0.0408493	-0.286568	0.957189
189	221.702	0	-0.417995	-0.284916	0.862614
191	225.166	0	-0.431149	-0.247918	0.867553
195	225.166	0	-0.516391	0.0297261	0.855837
197	221.702	0	-0.953103	-0.173945	0.247666
201	221.702	0	-0.910254	-0.360708	-0.203289
203	225.166	0	-0.827989	0.541435	-0.145883
207	225.166	0	-0.798974	0.542066	-0.260393
209	221.702	0	-0.572225	0.149179	-0.806414
213	221.702	0	-0.210655	0.364974	-0.906873
215	225.166	0	-0.325148	0.566899	-0.756905
219	225.166	0	0.27271	0.180609	-0.944992
221	221.702	0	0.392028	0.199408	-0.898082
225	221.702	0	0.280386	0.391091	-0.876602
227	225.166	0	0.248799	0.252445	-0.935078
231	225.166	0	0.322723	0.542108	-0.775866
233	221.702	0	0.513124	0.0792858	-0.854644
237	221.702	0	0.568561	0.2112	-0.795068
239	225.166	0	0.336918	0.240014	-0.910428
243	225.166	0	0.51735	-0.241941	-0.820861
245	221.702	0	0.770707	0.0705714	-0.633269
249	221.702	0	0.732088	0.161963	-0.661675
5	228.63	0	-0.386708	0.321493	-0.864349
9	228.63	0	-0.384722	0.185066	-0.904289
11	232.094	0	-0.0879938	0.579281	-0.810364
15	232.094	0	-0.103644	0.740064	-0.664502
17	228.63	0	-0.200711	0.589088	-0.782746
21	228.63	0	0.538957	0.334814	-0.772933
23	232.094	0	0.521088	0.203828	-0.828807
27	232.094	0	0.523288	0.354605	-0.774871
29	228.63	0	0.843362	0.208486	-0.495252
33	228.63	0	0.594861	0.0883692	-0.798957
35	232.094	0	0.504462	0.0939785	-0.858304
39	232.094	0	0.437969	-0.261595	-0.860088
41	228.63	0	0.796607	-0.0184761	-0.604215
45	228.63	0	0.788668	-0.102732	-0.606176
47	232.094	0	0.728404	-0.0610875	-0.68242
51	232.094	0	0.693087	0.0312424	-0.720176
53	228.63	0	0.594079	-0.399283	-0.698315
57	228.63	0	0.505798	-0.69302	-0.513704
59	232.094	0	0.709549	-0.26046	-0.654753
63	232.094	0	0.556651	-0.616975	-0.556311
65	228.63	0	0.677812	-0.61141	-0.40835
69	228.63	0	0.940477	-0.302881	0.15416
71	232.094	0	0.980465	0.0772237	0.180901
75	232.094	0	0.931917	0.208973	0.296412
77	228.63	0	0.81616	0.283444	0.50353
81	228.63	0	0.789791	0.29611	0.537168
83	232.094	0	0.577368	0.563611	0.590752
87	232.094	0	0.594037	0.584434	0.552772
89	228.63	0	0.545619	0.376556	0.748669
93	228.63	0	0.60411	0.411239	0.682593
95	232.094	0	0.472653	0.317072	0.822232
99	232.094	0	0.233695	0.425776	0.874129
101	228.63	0	0.357959	0.395272	0.845946
105	228.63	0	0.570086	0.537103	0.621709
107	232.094	0	0.527128	0.462486	0.712912
111	232.094	0	0.679989	0.095657	0.726956
113	228.63	0	0.7139	0.239036	0.658186
117	228.63	0	0.688112	0.0950985	0.719346
119	232.094	0	0.758376	0.238253	0.606713
123	232.094	0	0.82437	0.276144	0.494124
125	228.63	0	0.694269	0.360227	0.623079
129	228.63	0	0.597533	0.388067	0.701683
131	232.094	0	0.78437	0.435167	0.442034
135	232.094	0	0.605783	0.379735	0.699162
137	228.63	0	0.473029	0.211586	0.855263
141	228.63	0	0.314755	0.119619	0.941605
143	232.094	0	0.57395	0.0343571	0.81817
147	232.094	0	0.427993	-0.194225	0.882666
149	228.63	0	0.399802	0.314801	0.860848
153	228.63	0	0.325573	0.300812	0.896389
155	232.094	0	0.461324	-0.0271313	0.886817
159	232.094	0	0.395969	0.306081	0.86575
161	228.63	0	0.446395	0.441388	0.778401
165	228.63	0	0.421671	0.397871	0.814796
167	232.094	0	0.311306	0.752727	0.580078
171	232.094	0	0.385488	0.458477	0.800748
173	228.63	0	0.49059	0.146421	0.859001
177	228.63	0	0.350508	-0.150041	0.924463
179	232.094	0	0.177347	0.266427	0.947399
183	232.094	0	0.424422	0.0708118	0.902691
185	228.63	0	0.110726	0.098504	0.988957
189	228.63	0	-0.151804	0.397768	0.90484
191	232.094	0	0.0602101	0.629647	0.774545
195	232.094	0	-0.237009	0.852618	0.465692
197	228.63	0	-0.485861	0.64552	0.589274
201	228.63	0	-0.851828	0.518674	-0.0732499
203	232.094	0	-0.674725	0.734493	-0.0725692
207	232.094	0	-0.531627	0.531207	-0.65969
209	228.63	0	-0.325318	0.684324	-0.652587
213	228.63	0	-0.215518	0.497774	-0.840103
215	232.094	0	0.0323075	0.543929	-0.838509
219	232.094	0	-0.133478	0.243361	-0.960708
221	228.63	0	0.221649	0.0297317	-0.974673
225	228.63	0	0.133464	0.0822434	-0.987635
227	232.094	0	0.146806	-0.0175319	-0.98901
231	232.094	0	-0.0221136	-0.0445342	-0.998763
233	228.63	0	0.279236	0.438584	-0.854208
237	228.63	0	0.246949	0.330548	-0.910909
239	232.094	0	-0.136967	0.198017	-0.970582
243	232.094	0	0.26315	-0.0776829	-0.961622
245	228.63	0	0.374469	-0.142849	-0.91617
249	228.63	0	-0.212974	0.218194	-0.952383
5	235.558	0	-0.0186732	0.714684	-0.699198
9	235.558	0	-0.337023	0.680388	-0.650759
11	239.022	0	-0.205223	0.709365	-0.674303
15	239.022	0	-0.198956	0.699786	-0.686087
17	235.558	0	0.0401409	0.537052	-0.842594
21	235.558	0	0.277258	0.235024	-0.931607
23	239.022	0	0.295152	0.183103	-0.937741
27	239.022	0	0.320393	0.236336	-0.917329
29	235.558	0	0.52148	0.410664	-0.74794
33	235.558	0	0.356105	0.390398	-0.848987
35	239.022	0	0.41742	0.383622	-0.823769
39	239.022	0	0.467384	0.253298	-0.84699
41	235.558	0	0.809865	0.0354071	-0.585547
45	235.558	0	0.821296	-0.15571	-0.548842
47	239.022	0	0.866837	-0.365775	-0.338825
51	239.022	0	0.766291	-0.273259	-0.581488
53	235.558	0	0.91056	-0.030426	-0.412255
57	235.558	0	0.852852	-0.162798	-0.496126
59	239.022	0	0.704475	-0.458037	-0.542142
63	239.022	0	0.771718	-0.298213	-0.561712
65	235.558	0	0.752695	-0.517031	-0.407589
69	235.558	0	0.996138	-0.087621	-0.00568903
71	239.022	0	0.927447	0.338115	-0.159752
75	239.022	0	0.907646	0.415403	0.0601508
77	235.558	0	0.893024	0.280351	0.35201
81	235.558	0	0.560072	0.631721	0.535955
83	239.022	0	0.523498	0.462476	0.715588
87	239.022	0	0.691538	0.559797	0.456512
89	235.558	0	0.434407	0.571637	0.696076
93	235.558	0	0.350039	0.398288	0.847844
95	239.022	0	0.279346	0.205784	0.93788
99	239.022	0	0.11479	0.447886	0.886691
101	235.558	0	0.436976	0.549693	0.711962
105	235.558	0	0.331118	0.596833	0.730856
107	239.022	0	0.349274	0.343448	0.871809
111	239.022	0	0.522709	0.198348	0.829116
113	235.558	0	0.882058	0.304277	0.359706
117	235.558	0	0.837057	0.3899	0.383814
119	239.022	0	0.590008	0.615873	0.522102
123	239.022	0	0.593952	0.621719	0.510575
125	235.558	0	0.662985	0.63614	0.394685
129	235.558	0	0.925155	0.322941	0.199491
131	239.022	0	0.881326	0.149663	0.44818
135	239.022	0	0.822126	0.18453	0.53857
137	235.558	0	0.575734	0.284444	0.766565
141	235.558	0	0.590956	0.13573	0.795203
143	239.022	0	0.479718	0.137509	0.866581
147	239.022	0	0.575238	-0.0915548	0.812846
149	235.558	0	0.562358	-0.0235492	0.826559
153	235.558	0	0.762403	0.0649841	0.643831
155	239.022	0	0.61519	0.113115	0.780222
159	239.022	0	0.759757	-0.217549	0.612732
161	235.558	0	0.544673	0.233206	0.805572
165	235.558	0	0.534749	0.405292	0.741473
167	239.022	0	0.704002	0.243739	0.667062
171	239.022	0	0.682379	0.101892	0.723863
173	235.558	0	0.647004	0.113856	0.753938
177	235.558	0	0.315684	0.445597	0.837727
179	239.022	0	0.603942	0.284628	0.744474
183	239.022	0	0.235202	0.472996	0.849091
185	235.558	0	0.131235	0.474952	0.870172
189	235.558	0	-0.0948654	0.729487	0.677384
191	239.022	0	0.167261	0.966774	0.193319
195	239.022	0	-0.127951	0.976758	0.171967
197	235.558	0	-0.386223	0.893112	0.230616
201	235.558	0	-0.731413	0.681093	0.0338732
203	239.022	0	-0.53736	0.768218	-0.347974
207	239.022	0	-0.457433	0.715212	-0.52842
209	235.558	0	-0.0827551	0.47312	-0.877102
213	235.558	0	0.25	0.478053	-0.842001
215	239.022	0	0.138474	0.686446	-0.713874
219	239.022	0	0.0783903	0.293971	-0.952594
221	235.558	0	-0.170097	0.319897	-0.932058
225	235.558	0	0.113903	-0.00753908	-0.993463
227	239.022	0	0.149367	0.367602	-0.91791
231	239.022	0	0.00181434	0.191787	-0.981435
233	235.558	0	-0.064846	0.306854	-0.949545
237	235.558	0	-0.00828041	0.475481	-0.879687
239	239.022	0	0.28669	0.273052	-0.918287
243	239.022	0	0.233241	-0.0779352	-0.969291
245	235.558	0	0.512417	-0.0877712	-0.85424
249	235.558	0	0.314906	-0.16127	-0.935322
5	242.486	0	-0.133167	0.6586	-0.740616
9	242.486	0	-0.100397	0.568816	-0.816314
11	245.952	0	-0.17505	0.532964	-0.827833
15	245.952	0	0.0298309	0.55374	-0.832155
17	242.486	0	0.148086	0.556791	-0.817346
21	242.486	0	0.283483	0.505521	-0.814915
23	245.952	0	0.382686	0.42237	-0.821678
27	245.952	0	0.581961	0.284877	-0.761687
29	242.486	0	0.534286	0.235404	-0.811864
33	242.486	0	0.484248	0.100994	-0.869083
35	245.952	0	0.517489	0.150023	-0.842436
39	245.952	0	0.753262	0.0667777	-0.654322
41	242.486	0	0.782751	0.147869	-0.604513
45	242.486	0	0.740024	-0.125919	-0.660688
47	245.952	0	0.766656	-0.287999	-0.573843
51	245.952	0	0.456949	-0.734339	-0.50194
53	242.486	0	0.577891	-0.705062	-0.411009
57	242.486	0	0.578515	-0.754652	-0.30955
59	245.952	0	0.71435	-0.632023	-0.300418
63	245.952	0	0.955069	-0.207346	-0.211781
65	242.486	0	0.981066	-0.161028	-0.107606
69	242.486	0	0.992762	-0.0363009	-0.114484
71	245.952	0	0.958429	0.242592	0.150209
75	245.952	0	0.612171	0.343564	0.712188
77	242.486	0	0.588176	0.461107	0.664402
81	242.486	0	0.270777	0.553417	0.787661
83	245.952	0	0.163139	0.527329	0.833853
87	245.952	0	0.445643	0.417157	0.792075
89	242.486	0	0.487462	0.502375	0.714143
93	242.486	0	0.692447	0.357466	0.626686
95	245.952	0	0.253592	0.26509	0.930279
99	245.952	0	0.211678	0.490064	0.845594
101	242.486	0	0.206342	0.36737	0.906897
105	242.486	0	0.335057	0.439039	0.833656
107	245.952	0	0.555654	0.278068	0.783535
111	245.952	0	0.622963	0.549316	0.556928
113	242.486	0	0.538802	0.329792	0.775197
117	242.486	0	0.633911	0.262675	0.727433
119	245.952	0	0.552037	0.256276	0.793459
123	245.952	0	0.571507	0.416927	0.70679
125	242.486	0	0.730159	0.491684	0.474463
129	242.486	0	0.666659	0.587126	0.459183
131	245.952	0	0.722174	0.564966	0.399097
135	245.952	0	0.729541	0.0938103	0.677473
137	242.486	0	0.762311	-0.0977444	0.639787
141	242.486	0	0.673662	0.118546	0.72947
143	245.952	0	0.776305	-0.14952	0.612368
147	245.952	0	0.861603	-0.169911	0.478299
149	242.486	0	0.688117	-0.189689	0.700367
153	242.486	0	0.682518	-0.000856446	0.730868
155	245.952	0	0.726734	0.117983	0.67671
159	245.952	0	0.681933	0.264893	0.681762
161	242.486	0	0.772591	-0.169644	0.61182
165	242.486	0	0.733514	-0.146892	0.663612
167	245.952	0	0.701325	-0.251825	0.666879
171	245.952	0	0.791581	0.331389	0.513401
173	242.486	0	0.355394	0.412879	0.838586
177	242.486	0	0.313143	0.285104	0.905901
179	245.952	0	0.49281	0.520093	0.697597
183	245.952	0	0.348018	0.666675	0.659112
185	242.486	0	0.19703	0.690946	0.695537
189	242.486	0	0.151118	0.964021	0.218694
191	245.952	0	0.0554724	0.99668	0.0596033
195	245.952	0	-0.381471	0.872391	-0.305636
197	242.486	0	-0.297532	0.946597	0.124211
201	242.486	0	-0.462072	0.795581	-0.391842
203	245.952	0	0.142338	0.736007	-0.661841
207	245.952	0	-0.0617733	0.827416	-0.558182
209	242.486	0	-0.166995	0.685704	-0.708465
213	242.486	0	-0.0713291	0.653252	-0.753773
215	245.952	0	-0.0318287	0.486346	-0.873187
219	245.952	0	-0.0980914	0.464351	-0.880202
221	242.486	0	-0.20671	0.351099	-0.913236
225	242.486	0	0.0152274	0.3427	-0.939322
227	245.952	0	-0.248389	0.354261	-0.901555
231	245.952	0	-0.194871	0.116026	-0.973942
233	242.486	0	0.139679	0.115684	-0.983416
237	242.486	0	0.0205895	-0.185176	-0.98249
239	245.952	0	-0.277322	-0.173574	-0.944968
243	245.952	0	-0.014694	0.104267	-0.994441
245	242.486	0	-0.113669	0.185751	-0.976
249	242.486	0	-0.45536	0.599691	-0.658041
5	249.416	0	-0.281473	0.386417	-0.878325
9	249.416	0	-0.344559	0.53645	-0.77039
17	249.416	0	0.133906	0.321226	-0.937488
21	249.416	0	0.0619024	0.308803	-0.94911
29	249.416	0	0.650937	-0.0197207	-0.758876
33	249.416	0	0.763723	0.150591	-0.627734
41	249.416	0	0.832164	-0.254356	-0.492753
45	249.416	0	0.733734	-0.281399	-0.618424
53	249.416	0	0.267003	-0.962026	-0.0567054
57	249.416	0	-0.0446453	-0.99192	-0.118747
65	249.416	0	0.97548	-0.0154257	-0.219547
69	249.416	0	0.900685	0.432555	-0.0407731
77	249.416	0	0.52568	0.175403	0.832403
81	249.416	0	0.178073	0.443505	0.878404
89	249.416	0	0.433111	0.274554	0.858507
93	249.416	0	0.435114	0.488385	0.75641
101	249.416	0	0.339492	0.756773	0.558604
105	249.416	0	0.301001	0.378921	0.87511
113	249.416	0	0.506555	0.514917	0.691565
117	249.416	0	0.75547	0.484899	0.440612
125	249.416	0	0.536322	0.738101	0.409349
129	249.416	0	0.699727	0.537548	0.470557
137	249.416	0	0.901471	0.303692	0.308418
141	249.416	0	0.828395	0.00077073	0.560144
149	249.416	0	0.84761	0.0145608	0.53042
153	249.416	0	0.668708	0.143448	0.729556
161	249.416	0	0.682953	-0.27399	0.677129
165	249.416	0	0.711391	-0.394219	0.581819
173	249.416	0	0.540015	0.351482	0.764751
177	249.416	0	0.553112	0.442345	0.705973
185	249.416	0	0.339152	0.742318	0.577875
189	249.416	0	0.0207054	0.960279	0.278272
197	249.416	0	-0.462858	0.740972	-0.486541
201	249.416	0	-0.350813	0.500882	-0.791232
209	249.416	0	-0.0425686	0.701118	-0.711773
213	249.416	0	-0.188909	0.599725	-0.777588
221	249.416	0	-0.214345	0.61946	-0.755199
225	249.416	0	-0.121784	0.746595	-0.654038
233	249.416	0	-0.174231	0.147678	-0.973568
237	249.416	0	-0.120378	-0.0506987	-0.991433
245	249.416	0	0.168434	0.0457385	-0.984651
249	249.416	0	0.0725963	-0.0707654	-0.994848
3	128.171	0	0.123799	0.134653	-0.983129
11	128.171	0	-0.24063	-0.461692	-0.853778
15	128.171	0	-0.304564	-0.544498	-0.781513
23	128.171	0	-0.564708	-0.824959	-0.0233725
27	128.171	0	-0.2353	-0.97162	-0.0242694
35	128.171	0	-0.158741	-0.97902	-0.127752
39	128.171	0	0.00889336	-0.979011	-0.203612
47	128.171	0	0.353144	-0.901916	-0.248669
51	128.171	0	-0.13041	-0.989883	0.0559029
59	128.171	0	-0.133274	-0.987586	0.0831333
63	128.171	0	0.16853	-0.980839	0.0977381
71	128.171	0	-0.408965	-0.862454	-0.298195
75	128.171	0	-0.448533	-0.861468	-0.238097
83	128.171	0	-0.404015	-0.698416	-0.590751
87	128.171	0	-0.208207	-0.348916	-0.913733
95	128.171	0	-0.175334	-0.444865	-0.878267
99	128.171	0	-0.16705	-0.269107	-0.948512
107	128.171	0	0.317994	-0.172883	-0.932197
111	128.171	0	0.745954	-0.145493	-0.649911
119	128.171	0	0.135829	-0.348931	-0.927253
123	128.171	0	0.162207	-0.209407	-0.964281
131	128.171	0	-0.371753	-0.766896	-0.523135
135	128.171	0	-0.396846	-0.869571	-0.293869
143	128.171	0	-0.706445	-0.602241	-0.371809
147	128.171	0	-0.676833	-0.722337	-0.141869
155	128.171	0	-0.848558	-0.271833	0.453935
159	128.171	0	-0.859838	-0.267873	0.434652
167	128.171	0	-0.50563	-0.324317	0.799473
171	128.171	0	-0.562702	-0.146294	0.813612
179	128.171	0	-0.195616	-0.150041	0.969135
183	128.171	0	-0.281112	-0.192762	0.940116
191	128.171	0	0.0415539	-0.450559	0.891779
195	128.171	0	0.126975	-0.0956179	0.987286
203	128.171	0	0.600754	-0.113347	0.791358
207	128.171	0	0.835057	-0.0346074	0.549074
215	128.171	0	0.767251	0.127299	0.628586
219	128.171	0	0.883079	0.159759	0.44119
227	128.171	0	0.969406	-0.184972	0.16136
231	128.171	0	0.73128	-0.36823	0.57414
239	128.171	0	0.616571	-0.751498	-0.234717
243	128.171	0	0.29879	-0.953935	-0.0270591
3	135.099	0	-0.488987	0.453625	-0.745061
3	142.027	0	-0.35907	-0.25369	-0.89817
3	148.957	0	-0.486446	0.0873989	-0.869328
3	155.885	0	-0.540478	-0.468829	-0.698629
3	162.812	0	-0.65117	0.0526961	-0.7571
3	169.74	0	-0.668711	-0.270074	-0.692738
3	176.668	0	-0.800121	-0.236809	-0.551115
3	183.597	0	-0.433643	-0.567467	-0.699954
3	190.525	0	-0.47262	0.0459719	-0.880067
3	197.454	0	-0.112818	-0.30926	-0.944262
3	204.382	0	0.149833	0.227266	-0.962237
3	211.31	0	0.184221	0.121282	-0.975373
3	218.238	0	-0.342246	0.144677	-0.928405
3	225.166	0	-0.333608	-0.0151011	-0.942591
3	232.094	0	-0.141126	0.533151	-0.834167
3	239.022	0	-0.147729	0.700023	-0.698673
3	245.952	0	-0.253358	0.334116	-0.907841
